[10/06/2026 10:36:34.22] Starting corpus ingestion 
Processing 20531 documents in batches of 500
  ERROR 0-jonew-judis-10166-a78c1a.md: CausalDAG.add_fact() got an unexpected keyword argument 'content'
  ERROR 0-jonew-judis-10187-4b1d38.md: CausalDAG.add_fact() got an unexpected keyword argument 'content'
  ERROR 0-jonew-judis-10193-f3f8ed.md: CausalDAG.add_fact() got an unexpected keyword argument 'content'
  ERROR 0-jonew-judis-10220-4d1643.md: CausalDAG.add_fact() got an unexpected keyword argument 'content'
  ERROR 0-jonew-judis-10290-c43219.md: CausalDAG.add_fact() got an unexpected keyword argument 'content'
  ERROR 0-jonew-judis-10304-8376b3.md: CausalDAG.add_fact() got an unexpected keyword argument 'content'
  ERROR 0-jonew-judis-10322-c48783.md: CausalDAG.add_fact() got an unexpected keyword argument 'content'
  ERROR 0-jonew-judis-10347-5c3811.md: CausalDAG.add_fact() got an unexpected keyword argument 'content'
  ERROR 0-jonew-judis-10356-4c7286.md: CausalDAG.add_fact() got an unexpected keyword argument 'content'
  ERROR 0-jonew-judis-10391-e6b349.md: CausalDAG.add_fact() got an unexpected keyword argument 'content'
  ERROR 0-jonew-judis-10426-428e0e.md: CausalDAG.add_fact() got an unexpected keyword argument 'content'
  ERROR 0-jonew-judis-10439-3b1e4c.md: CausalDAG.add_fact() got an unexpected keyword argument 'content'
  ERROR 0-jonew-judis-10442-c2fa44.md: CausalDAG.add_fact() got an unexpected keyword argument 'content'
  ERROR 0-jonew-judis-10502-8034b3.md: CausalDAG.add_fact() got an unexpected keyword argument 'content'
  ERROR 0-jonew-judis-10519-a6b2b9.md: CausalDAG.add_fact() got an unexpected keyword argument 'content'
  ERROR 0-jonew-judis-10520-81288d.md: CausalDAG.add_fact() got an unexpected keyword argument 'content'
  ERROR 0-jonew-judis-10548-9927cb.md: CausalDAG.add_fact() got an unexpected keyword argument 'content'
  ERROR 0-jonew-judis-10557-785be4.md: CausalDAG.add_fact() got an unexpected keyword argument 'content'
  ERROR 0-jonew-judis-10562-4a6ae4.md: CausalDAG.add_fact() got an unexpected keyword argument 'content'
  ERROR 0-jonew-judis-10613-e85cbf.md: CausalDAG.add_fact() got an unexpected keyword argument 'content'
  ERROR 0-jonew-judis-10629-ddf791.md: CausalDAG.add_fact() got an unexpected keyword argument 'content'
  ERROR 0-jonew-judis-10637-394062.md: CausalDAG.add_fact() got an unexpected keyword argument 'content'
  ERROR 0-jonew-judis-10649-066355.md: CausalDAG.add_fact() got an unexpected keyword argument 'content'
  ERROR 0-jonew-judis-10663-ba797d.md: CausalDAG.add_fact() got an unexpected keyword argument 'content'
  ERROR 0-jonew-judis-10668-fa41d5.md: CausalDAG.add_fact() got an unexpected keyword argument 'content'
  ERROR 0-jonew-judis-10679-2466e9.md: CausalDAG.add_fact() got an unexpected keyword argument 'content'
  ERROR 0-jonew-judis-10693-79d940.md: CausalDAG.add_fact() got an unexpected keyword argument 'content'
  ERROR 0-jonew-judis-10752-939fa9.md: CausalDAG.add_fact() got an unexpected keyword argument 'content'
  ERROR 0-jonew-judis-10762-90230c.md: CausalDAG.add_fact() got an unexpected keyword argument 'content'
  ERROR 0-jonew-judis-10773-c12e41.md: CausalDAG.add_fact() got an unexpected keyword argument 'content'
  ERROR 0-jonew-judis-10796-c7aac7.md: CausalDAG.add_fact() got an unexpected keyword argument 'content'
  ERROR 0-jonew-judis-10804-4c31be.md: CausalDAG.add_fact() got an unexpected keyword argument 'content'
  ERROR 0-jonew-judis-10805-704e30.md: CausalDAG.add_fact() got an unexpected keyword argument 'content'
  ERROR 0-jonew-judis-10814-4d6e87.md: CausalDAG.add_fact() got an unexpected keyword argument 'content'
  ERROR 0-jonew-judis-10818-61864e.md: CausalDAG.add_fact() got an unexpected keyword argument 'content'
  ERROR 0-jonew-judis-1082-87b3c5.md: CausalDAG.add_fact() got an unexpected keyword argument 'content'
  ERROR 0-jonew-judis-10823-1a559d.md: CausalDAG.add_fact() got an unexpected keyword argument 'content'
  ERROR 0-jonew-judis-10844-2dcd6e.md: CausalDAG.add_fact() got an unexpected keyword argument 'content'
  ERROR 0-jonew-judis-10857-8e3622.md: CausalDAG.add_fact() got an unexpected keyword argument 'content'
  ERROR 0-jonew-judis-10877-5b79f9.md: CausalDAG.add_fact() got an unexpected keyword argument 'content'
  ERROR 0-jonew-judis-10886-0ecf51.md: CausalDAG.add_fact() got an unexpected keyword argument 'content'
  ERROR 0-jonew-judis-1089-91ca77.md: CausalDAG.add_fact() got an unexpected keyword argument 'content'
  ERROR 0-jonew-judis-10892-9d1c38.md: CausalDAG.add_fact() got an unexpected keyword argument 'content'
  ERROR 0-jonew-judis-10897-fd4ed2.md: CausalDAG.add_fact() got an unexpected keyword argument 'content'
  ERROR 0-jonew-judis-10910-ed805e.md: CausalDAG.add_fact() got an unexpected keyword argument 'content'
  ERROR 0-jonew-judis-10924-f4fc7d.md: CausalDAG.add_fact() got an unexpected keyword argument 'content'
  ERROR 0-jonew-judis-10933-ace811.md: CausalDAG.add_fact() got an unexpected keyword argument 'content'
  ERROR 0-jonew-judis-10937-1cff10.md: CausalDAG.add_fact() got an unexpected keyword argument 'content'
  ERROR 0-jonew-judis-1094-a160d9.md: CausalDAG.add_fact() got an unexpected keyword argument 'content'
  ERROR 0-jonew-judis-10941-7a80cb.md: CausalDAG.add_fact() got an unexpected keyword argument 'content'
  ERROR 0-jonew-judis-10948-98e232.md: CausalDAG.add_fact() got an unexpected keyword argument 'content'
  ERROR 0-jonew-judis-10955-24f87a.md: CausalDAG.add_fact() got an unexpected keyword argument 'content'
  ERROR 0-jonew-judis-10960-fa7959.md: CausalDAG.add_fact() got an unexpected keyword argument 'content'
  ERROR 0-jonew-judis-10966-bbbc04.md: CausalDAG.add_fact() got an unexpected keyword argument 'content'
  ERROR 0-jonew-judis-10984-300f51.md: CausalDAG.add_fact() got an unexpected keyword argument 'content'
  ERROR 0-jonew-judis-10986-7dda99.md: CausalDAG.add_fact() got an unexpected keyword argument 'content'
  ERROR 0-jonew-judis-10988-c8aed1.md: CausalDAG.add_fact() got an unexpected keyword argument 'content'
  ERROR 0-jonew-judis-10990-737ae3.md: CausalDAG.add_fact() got an unexpected keyword argument 'content'
  ERROR 0-jonew-judis-11007-c1b0fa.md: CausalDAG.add_fact() got an unexpected keyword argument 'content'
  ERROR 0-jonew-judis-11008-fc61f7.md: CausalDAG.add_fact() got an unexpected keyword argument 'content'
  ERROR 0-jonew-judis-11011-0791da.md: CausalDAG.add_fact() got an unexpected keyword argument 'content'
  ERROR 0-jonew-judis-11015-b88969.md: CausalDAG.add_fact() got an unexpected keyword argument 'content'
  ERROR 0-jonew-judis-11017-28855d.md: CausalDAG.add_fact() got an unexpected keyword argument 'content'
  ERROR 0-jonew-judis-11018-13c441.md: CausalDAG.add_fact() got an unexpected keyword argument 'content'
  ERROR 0-jonew-judis-11019-248728.md: CausalDAG.add_fact() got an unexpected keyword argument 'content'
  ERROR 0-jonew-judis-11025-b617ba.md: CausalDAG.add_fact() got an unexpected keyword argument 'content'
  ERROR 0-jonew-judis-11034-00f532.md: CausalDAG.add_fact() got an unexpected keyword argument 'content'
  ERROR 0-jonew-judis-11049-ce6bb9.md: CausalDAG.add_fact() got an unexpected keyword argument 'content'
  ERROR 0-jonew-judis-11059-a5b25b.md: CausalDAG.add_fact() got an unexpected keyword argument 'content'
  ERROR 0-jonew-judis-11065-d9bb3b.md: CausalDAG.add_fact() got an unexpected keyword argument 'content'
  ERROR 0-jonew-judis-11066-55ebff.md: CausalDAG.add_fact() got an unexpected keyword argument 'content'
  ERROR 0-jonew-judis-11075-93a60d.md: CausalDAG.add_fact() got an unexpected keyword argument 'content'
  ERROR 0-jonew-judis-11077-de7502.md: CausalDAG.add_fact() got an unexpected keyword argument 'content'
  ERROR 0-jonew-judis-11082-757c95.md: CausalDAG.add_fact() got an unexpected keyword argument 'content'
  ERROR 0-jonew-judis-11092-59806e.md: CausalDAG.add_fact() got an unexpected keyword argument 'content'
  ERROR 0-jonew-judis-11096-a4fb12.md: CausalDAG.add_fact() got an unexpected keyword argument 'content'
  ERROR 0-jonew-judis-11103-1a1145.md: CausalDAG.add_fact() got an unexpected keyword argument 'content'
  ERROR 0-jonew-judis-11105-91ae23.md: CausalDAG.add_fact() got an unexpected keyword argument 'content'
  ERROR 0-jonew-judis-11127-84455d.md: CausalDAG.add_fact() got an unexpected keyword argument 'content'
  ERROR 0-jonew-judis-11132-2bbc7f.md: CausalDAG.add_fact() got an unexpected keyword argument 'content'
  ERROR 0-jonew-judis-11149-2eb82c.md: CausalDAG.add_fact() got an unexpected keyword argument 'content'
  ERROR 0-jonew-judis-11157-c505b8.md: CausalDAG.add_fact() got an unexpected keyword argument 'content'
  ERROR 0-jonew-judis-1116-e758c1.md: CausalDAG.add_fact() got an unexpected keyword argument 'content'
  ERROR 0-jonew-judis-11169-9e702d.md: CausalDAG.add_fact() got an unexpected keyword argument 'content'
  ERROR 0-jonew-judis-11170-9b9467.md: CausalDAG.add_fact() got an unexpected keyword argument 'content'
  ERROR 0-jonew-judis-1118-3fc6e1.md: CausalDAG.add_fact() got an unexpected keyword argument 'content'
  ERROR 0-jonew-judis-11189-502399.md: CausalDAG.add_fact() got an unexpected keyword argument 'content'
  ERROR 0-jonew-judis-1119-ade680.md: CausalDAG.add_fact() got an unexpected keyword argument 'content'
  ERROR 0-jonew-judis-11198-30e092.md: CausalDAG.add_fact() got an unexpected keyword argument 'content'
  ERROR 0-jonew-judis-11226-159757.md: CausalDAG.add_fact() got an unexpected keyword argument 'content'
  ERROR 0-jonew-judis-11274-99cf33.md: CausalDAG.add_fact() got an unexpected keyword argument 'content'
  ERROR 0-jonew-judis-11281-2d8902.md: CausalDAG.add_fact() got an unexpected keyword argument 'content'
  ERROR 0-jonew-judis-11325-552ea7.md: CausalDAG.add_fact() got an unexpected keyword argument 'content'
  ERROR 0-jonew-judis-11342-e80537.md: CausalDAG.add_fact() got an unexpected keyword argument 'content'
  ERROR 0-jonew-judis-11343-f2780f.md: CausalDAG.add_fact() got an unexpected keyword argument 'content'
  ERROR 0-jonew-judis-11344-ba07e1.md: CausalDAG.add_fact() got an unexpected keyword argument 'content'
  ERROR 0-jonew-judis-11593-7e642a.md: CausalDAG.add_fact() got an unexpected keyword argument 'content'
  ERROR 0-jonew-judis-11714-3844c0.md: CausalDAG.add_fact() got an unexpected keyword argument 'content'
  ERROR 0-jonew-judis-11715-1c9b36.md: CausalDAG.add_fact() got an unexpected keyword argument 'content'
  ERROR 0-jonew-judis-11732-9e5e8b.md: CausalDAG.add_fact() got an unexpected keyword argument 'content'
  ERROR 0-jonew-judis-11734-23d337.md: CausalDAG.add_fact() got an unexpected keyword argument 'content'
  ERROR 0-jonew-judis-11737-d2e894.md: CausalDAG.add_fact() got an unexpected keyword argument 'content'
  ERROR 0-jonew-judis-11905-d72df4.md: CausalDAG.add_fact() got an unexpected keyword argument 'content'
  ERROR 0-jonew-judis-11908-c2d874.md: CausalDAG.add_fact() got an unexpected keyword argument 'content'
  ERROR 0-jonew-judis-11913-b9a562.md: CausalDAG.add_fact() got an unexpected keyword argument 'content'
  ERROR 0-jonew-judis-11954-a01a1d.md: CausalDAG.add_fact() got an unexpected keyword argument 'content'
  ERROR 0-jonew-judis-12002-6b716f.md: CausalDAG.add_fact() got an unexpected keyword argument 'content'
  ERROR 0-jonew-judis-1225-d2838e.md: CausalDAG.add_fact() got an unexpected keyword argument 'content'
  ERROR 0-jonew-judis-1226-58f001.md: CausalDAG.add_fact() got an unexpected keyword argument 'content'
  ERROR 0-jonew-judis-12285-a41781.md: CausalDAG.add_fact() got an unexpected keyword argument 'content'
  ERROR 0-jonew-judis-123-3ef131.md: CausalDAG.add_fact() got an unexpected keyword argument 'content'
  ERROR 0-jonew-judis-12542-a63e48.md: CausalDAG.add_fact() got an unexpected keyword argument 'content'
  ERROR 0-jonew-judis-126-c090f0.md: CausalDAG.add_fact() got an unexpected keyword argument 'content'
  ERROR 0-jonew-judis-12603-6c1133.md: CausalDAG.add_fact() got an unexpected keyword argument 'content'
  ERROR 0-jonew-judis-1275-3ef87c.md: CausalDAG.add_fact() got an unexpected keyword argument 'content'
  ERROR 0-jonew-judis-1289-f7ba31.md: CausalDAG.add_fact() got an unexpected keyword argument 'content'
  ERROR 0-jonew-judis-12891-87b73a.md: CausalDAG.add_fact() got an unexpected keyword argument 'content'
  ERROR 0-jonew-judis-12897-f4ab41.md: CausalDAG.add_fact() got an unexpected keyword argument 'content'
  ERROR 0-jonew-judis-12916-15b90a.md: CausalDAG.add_fact() got an unexpected keyword argument 'content'
  ERROR 0-jonew-judis-12919-a92ace.md: CausalDAG.add_fact() got an unexpected keyword argument 'content'
  ERROR 0-jonew-judis-12921-147ded.md: CausalDAG.add_fact() got an unexpected keyword argument 'content'
  ERROR 0-jonew-judis-12925-e22fea.md: CausalDAG.add_fact() got an unexpected keyword argument 'content'
  ERROR 0-jonew-judis-12931-3e0c21.md: CausalDAG.add_fact() got an unexpected keyword argument 'content'
  ERROR 0-jonew-judis-12932-8092a9.md: CausalDAG.add_fact() got an unexpected keyword argument 'content'
  ERROR 0-jonew-judis-12945-e2890b.md: CausalDAG.add_fact() got an unexpected keyword argument 'content'
  ERROR 0-jonew-judis-12946-595573.md: CausalDAG.add_fact() got an unexpected keyword argument 'content'
  ERROR 0-jonew-judis-12948-12eb45.md: CausalDAG.add_fact() got an unexpected keyword argument 'content'
  ERROR 0-jonew-judis-12974-7925b3.md: CausalDAG.add_fact() got an unexpected keyword argument 'content'
  ERROR 0-jonew-judis-12975-ceb85e.md: CausalDAG.add_fact() got an unexpected keyword argument 'content'
  ERROR 0-jonew-judis-12978-f90234.md: CausalDAG.add_fact() got an unexpected keyword argument 'content'
  ERROR 0-jonew-judis-12979-9f3a64.md: CausalDAG.add_fact() got an unexpected keyword argument 'content'
  ERROR 0-jonew-judis-12982-79800c.md: CausalDAG.add_fact() got an unexpected keyword argument 'content'
  ERROR 0-jonew-judis-12989-dec01b.md: CausalDAG.add_fact() got an unexpected keyword argument 'content'
  ERROR 0-jonew-judis-12994-8e1a30.md: CausalDAG.add_fact() got an unexpected keyword argument 'content'
  ERROR 0-jonew-judis-13006-f49966.md: CausalDAG.add_fact() got an unexpected keyword argument 'content'
  ERROR 0-jonew-judis-13014-7d5177.md: CausalDAG.add_fact() got an unexpected keyword argument 'content'
  ERROR 0-jonew-judis-13018-6deaef.md: CausalDAG.add_fact() got an unexpected keyword argument 'content'
  ERROR 0-jonew-judis-13019-5b7e3a.md: CausalDAG.add_fact() got an unexpected keyword argument 'content'
  ERROR 0-jonew-judis-13025-84f2bd.md: CausalDAG.add_fact() got an unexpected keyword argument 'content'
  ERROR 0-jonew-judis-13029-bd7422.md: CausalDAG.add_fact() got an unexpected keyword argument 'content'
  ERROR 0-jonew-judis-13030-204b01.md: CausalDAG.add_fact() got an unexpected keyword argument 'content'
  ERROR 0-jonew-judis-13047-703e33.md: CausalDAG.add_fact() got an unexpected keyword argument 'content'
  ERROR 0-jonew-judis-13055-6a1836.md: CausalDAG.add_fact() got an unexpected keyword argument 'content'
  ERROR 0-jonew-judis-13076-03a870.md: CausalDAG.add_fact() got an unexpected keyword argument 'content'
  ERROR 0-jonew-judis-13090-61a8b2.md: CausalDAG.add_fact() got an unexpected keyword argument 'content'
  ERROR 0-jonew-judis-13103-ad9c5f.md: CausalDAG.add_fact() got an unexpected keyword argument 'content'
  ERROR 0-jonew-judis-13119-226e6c.md: CausalDAG.add_fact() got an unexpected keyword argument 'content'
  ERROR 0-jonew-judis-13120-71835f.md: CausalDAG.add_fact() got an unexpected keyword argument 'content'
  ERROR 0-jonew-judis-1314-0a7c45.md: CausalDAG.add_fact() got an unexpected keyword argument 'content'
  ERROR 0-jonew-judis-13147-6622d4.md: CausalDAG.add_fact() got an unexpected keyword argument 'content'
  ERROR 0-jonew-judis-13161-3d7213.md: CausalDAG.add_fact() got an unexpected keyword argument 'content'
  ERROR 0-jonew-judis-13164-a2c01c.md: CausalDAG.add_fact() got an unexpected keyword argument 'content'
  ERROR 0-jonew-judis-13167-7b4987.md: CausalDAG.add_fact() got an unexpected keyword argument 'content'
  ERROR 0-jonew-judis-1317-b06757.md: CausalDAG.add_fact() got an unexpected keyword argument 'content'
  ERROR 0-jonew-judis-1318-9937df.md: CausalDAG.add_fact() got an unexpected keyword argument 'content'
  ERROR 0-jonew-judis-13182-adfd7a.md: CausalDAG.add_fact() got an unexpected keyword argument 'content'
  ERROR 0-jonew-judis-13192-c11720.md: CausalDAG.add_fact() got an unexpected keyword argument 'content'
  ERROR 0-jonew-judis-13204-60b58d.md: CausalDAG.add_fact() got an unexpected keyword argument 'content'
  ERROR 0-jonew-judis-13211-482bda.md: CausalDAG.add_fact() got an unexpected keyword argument 'content'
  ERROR 0-jonew-judis-13213-6d60c3.md: CausalDAG.add_fact() got an unexpected keyword argument 'content'
  ERROR 0-jonew-judis-13223-906547.md: CausalDAG.add_fact() got an unexpected keyword argument 'content'
  ERROR 0-jonew-judis-13226-106162.md: CausalDAG.add_fact() got an unexpected keyword argument 'content'
  ERROR 0-jonew-judis-13228-dee5e3.md: CausalDAG.add_fact() got an unexpected keyword argument 'content'
  ERROR 0-jonew-judis-13233-611283.md: CausalDAG.add_fact() got an unexpected keyword argument 'content'
  ERROR 0-jonew-judis-13237-44cfc6.md: CausalDAG.add_fact() got an unexpected keyword argument 'content'
  ERROR 0-jonew-judis-13241-94cb24.md: CausalDAG.add_fact() got an unexpected keyword argument 'content'
  ERROR 0-jonew-judis-13242-445f03.md: CausalDAG.add_fact() got an unexpected keyword argument 'content'
  ERROR 0-jonew-judis-1325-10967b.md: CausalDAG.add_fact() got an unexpected keyword argument 'content'
  ERROR 0-jonew-judis-13250-ebe98b.md: CausalDAG.add_fact() got an unexpected keyword argument 'content'
  ERROR 0-jonew-judis-13265-c385aa.md: CausalDAG.add_fact() got an unexpected keyword argument 'content'
  ERROR 0-jonew-judis-13269-aede9a.md: CausalDAG.add_fact() got an unexpected keyword argument 'content'
  ERROR 0-jonew-judis-1327-befc65.md: CausalDAG.add_fact() got an unexpected keyword argument 'content'
  ERROR 0-jonew-judis-13270-2060f8.md: CausalDAG.add_fact() got an unexpected keyword argument 'content'
  ERROR 0-jonew-judis-13274-1f7cdb.md: CausalDAG.add_fact() got an unexpected keyword argument 'content'
  ERROR 0-jonew-judis-13285-83678a.md: CausalDAG.add_fact() got an unexpected keyword argument 'content'
  ERROR 0-jonew-judis-13286-8ce2bf.md: CausalDAG.add_fact() got an unexpected keyword argument 'content'
  ERROR 0-jonew-judis-13296-2715a7.md: CausalDAG.add_fact() got an unexpected keyword argument 'content'
  ERROR 0-jonew-judis-13303-dffff4.md: CausalDAG.add_fact() got an unexpected keyword argument 'content'
  ERROR 0-jonew-judis-1332-959978.md: CausalDAG.add_fact() got an unexpected keyword argument 'content'
  ERROR 0-jonew-judis-13336-a4e1b0.md: CausalDAG.add_fact() got an unexpected keyword argument 'content'
  ERROR 0-jonew-judis-13349-aeab28.md: CausalDAG.add_fact() got an unexpected keyword argument 'content'
  ERROR 0-jonew-judis-13372-490433.md: CausalDAG.add_fact() got an unexpected keyword argument 'content'
  ERROR 0-jonew-judis-13374-c8783a.md: CausalDAG.add_fact() got an unexpected keyword argument 'content'
  ERROR 0-jonew-judis-13376-27b67c.md: CausalDAG.add_fact() got an unexpected keyword argument 'content'
  ERROR 0-jonew-judis-134-6c651c.md: CausalDAG.add_fact() got an unexpected keyword argument 'content'
  ERROR 0-jonew-judis-13413-fc52d1.md: CausalDAG.add_fact() got an unexpected keyword argument 'content'
  ERROR 0-jonew-judis-13428-5821e5.md: CausalDAG.add_fact() got an unexpected keyword argument 'content'
  ERROR 0-jonew-judis-13433-828ce4.md: CausalDAG.add_fact() got an unexpected keyword argument 'content'
  ERROR 0-jonew-judis-13437-486d20.md: CausalDAG.add_fact() got an unexpected keyword argument 'content'
  ERROR 0-jonew-judis-13447-0aa500.md: CausalDAG.add_fact() got an unexpected keyword argument 'content'
  ERROR 0-jonew-judis-1345-19a1f3.md: CausalDAG.add_fact() got an unexpected keyword argument 'content'
  ERROR 0-jonew-judis-13450-45e00f.md: CausalDAG.add_fact() got an unexpected keyword argument 'content'
  ERROR 0-jonew-judis-13453-7d5881.md: CausalDAG.add_fact() got an unexpected keyword argument 'content'
  ERROR 0-jonew-judis-13496-2e4a5f.md: CausalDAG.add_fact() got an unexpected keyword argument 'content'
  ERROR 0-jonew-judis-13541-e631c0.md: CausalDAG.add_fact() got an unexpected keyword argument 'content'
  ERROR 0-jonew-judis-13571-ef6183.md: CausalDAG.add_fact() got an unexpected keyword argument 'content'
  ERROR 0-jonew-judis-13582-fc3653.md: CausalDAG.add_fact() got an unexpected keyword argument 'content'
  ERROR 0-jonew-judis-13602-636377.md: CausalDAG.add_fact() got an unexpected keyword argument 'content'
  ERROR 0-jonew-judis-13603-7735eb.md: CausalDAG.add_fact() got an unexpected keyword argument 'content'
  ERROR 0-jonew-judis-13604-9f6bf3.md: CausalDAG.add_fact() got an unexpected keyword argument 'content'
  ERROR 0-jonew-judis-13628-864249.md: CausalDAG.add_fact() got an unexpected keyword argument 'content'
  ERROR 0-jonew-judis-13636-687520.md: CausalDAG.add_fact() got an unexpected keyword argument 'content'
  ERROR 0-jonew-judis-13641-501ae2.md: CausalDAG.add_fact() got an unexpected keyword argument 'content'
  ERROR 0-jonew-judis-13650-b49e2d.md: CausalDAG.add_fact() got an unexpected keyword argument 'content'
  ERROR 0-jonew-judis-13652-444da4.md: CausalDAG.add_fact() got an unexpected keyword argument 'content'
  ERROR 0-jonew-judis-13687-b7f234.md: CausalDAG.add_fact() got an unexpected keyword argument 'content'
  ERROR 0-jonew-judis-13696-195ed6.md: CausalDAG.add_fact() got an unexpected keyword argument 'content'
  ERROR 0-jonew-judis-13698-ca5b24.md: CausalDAG.add_fact() got an unexpected keyword argument 'content'
  ERROR 0-jonew-judis-13708-87a631.md: CausalDAG.add_fact() got an unexpected keyword argument 'content'
  ERROR 0-jonew-judis-13709-02b9c8.md: CausalDAG.add_fact() got an unexpected keyword argument 'content'
  ERROR 0-jonew-judis-13711-d2b069.md: CausalDAG.add_fact() got an unexpected keyword argument 'content'
  ERROR 0-jonew-judis-13720-e8d7dc.md: CausalDAG.add_fact() got an unexpected keyword argument 'content'
  ERROR 0-jonew-judis-13723-d92d4b.md: CausalDAG.add_fact() got an unexpected keyword argument 'content'
  ERROR 0-jonew-judis-13730-03826f.md: CausalDAG.add_fact() got an unexpected keyword argument 'content'
  ERROR 0-jonew-judis-13731-41df0c.md: CausalDAG.add_fact() got an unexpected keyword argument 'content'
  ERROR 0-jonew-judis-13736-cc1562.md: CausalDAG.add_fact() got an unexpected keyword argument 'content'
  ERROR 0-jonew-judis-13740-3067df.md: CausalDAG.add_fact() got an unexpected keyword argument 'content'
  ERROR 0-jonew-judis-13745-f3d0a0.md: CausalDAG.add_fact() got an unexpected keyword argument 'content'
  ERROR 0-jonew-judis-13757-020b1f.md: CausalDAG.add_fact() got an unexpected keyword argument 'content'
  ERROR 0-jonew-judis-1376-3a3b16.md: CausalDAG.add_fact() got an unexpected keyword argument 'content'
  ERROR 0-jonew-judis-13767-cafdfc.md: CausalDAG.add_fact() got an unexpected keyword argument 'content'
  ERROR 0-jonew-judis-13772-9fa9e2.md: CausalDAG.add_fact() got an unexpected keyword argument 'content'
  ERROR 0-jonew-judis-13778-71d587.md: CausalDAG.add_fact() got an unexpected keyword argument 'content'
  ERROR 0-jonew-judis-13787-240e01.md: CausalDAG.add_fact() got an unexpected keyword argument 'content'
  ERROR 0-jonew-judis-13791-2d566c.md: CausalDAG.add_fact() got an unexpected keyword argument 'content'
  ERROR 0-jonew-judis-13799-a645cd.md: CausalDAG.add_fact() got an unexpected keyword argument 'content'
  ERROR 0-jonew-judis-1380-6dd4d7.md: CausalDAG.add_fact() got an unexpected keyword argument 'content'
  ERROR 0-jonew-judis-13800-75148c.md: CausalDAG.add_fact() got an unexpected keyword argument 'content'
  ERROR 0-jonew-judis-13810-287b6e.md: CausalDAG.add_fact() got an unexpected keyword argument 'content'
  ERROR 0-jonew-judis-13811-4ca356.md: CausalDAG.add_fact() got an unexpected keyword argument 'content'
  ERROR 0-jonew-judis-13813-d135c9.md: CausalDAG.add_fact() got an unexpected keyword argument 'content'
  ERROR 0-jonew-judis-1383-59a8fc.md: CausalDAG.add_fact() got an unexpected keyword argument 'content'
  ERROR 0-jonew-judis-13849-cf8995.md: CausalDAG.add_fact() got an unexpected keyword argument 'content'
  ERROR 0-jonew-judis-13877-b4080d.md: CausalDAG.add_fact() got an unexpected keyword argument 'content'
  ERROR 0-jonew-judis-13879-9331bb.md: CausalDAG.add_fact() got an unexpected keyword argument 'content'
  ERROR 0-jonew-judis-13888-a0bedc.md: CausalDAG.add_fact() got an unexpected keyword argument 'content'
  ERROR 0-jonew-judis-13909-8cb434.md: CausalDAG.add_fact() got an unexpected keyword argument 'content'
  ERROR 0-jonew-judis-13920-4749df.md: CausalDAG.add_fact() got an unexpected keyword argument 'content'
  ERROR 0-jonew-judis-13925-0669ba.md: CausalDAG.add_fact() got an unexpected keyword argument 'content'
  ERROR 0-jonew-judis-13930-58d870.md: CausalDAG.add_fact() got an unexpected keyword argument 'content'
  ERROR 0-jonew-judis-13931-6f1f7e.md: CausalDAG.add_fact() got an unexpected keyword argument 'content'
  ERROR 0-jonew-judis-13935-e18cd2.md: CausalDAG.add_fact() got an unexpected keyword argument 'content'
  ERROR 0-jonew-judis-13942-09adbf.md: CausalDAG.add_fact() got an unexpected keyword argument 'content'
  ERROR 0-jonew-judis-13969-dd35d8.md: CausalDAG.add_fact() got an unexpected keyword argument 'content'
  ERROR 0-jonew-judis-1397-9b8cb3.md: CausalDAG.add_fact() got an unexpected keyword argument 'content'
  ERROR 0-jonew-judis-13996-b3b276.md: CausalDAG.add_fact() got an unexpected keyword argument 'content'
  ERROR 0-jonew-judis-13998-0873b5.md: CausalDAG.add_fact() got an unexpected keyword argument 'content'
  ERROR 0-jonew-judis-14009-73b6f4.md: CausalDAG.add_fact() got an unexpected keyword argument 'content'
  ERROR 0-jonew-judis-14010-e214f1.md: CausalDAG.add_fact() got an unexpected keyword argument 'content'
  ERROR 0-jonew-judis-14023-933189.md: CausalDAG.add_fact() got an unexpected keyword argument 'content'
  ERROR 0-jonew-judis-14025-fccf38.md: CausalDAG.add_fact() got an unexpected keyword argument 'content'
  ERROR 0-jonew-judis-14034-e5ee09.md: CausalDAG.add_fact() got an unexpected keyword argument 'content'
  ERROR 0-jonew-judis-14038-3c5cab.md: CausalDAG.add_fact() got an unexpected keyword argument 'content'
  ERROR 0-jonew-judis-14048-cc1878.md: CausalDAG.add_fact() got an unexpected keyword argument 'content'
  ERROR 0-jonew-judis-14053-16a49b.md: CausalDAG.add_fact() got an unexpected keyword argument 'content'
  ERROR 0-jonew-judis-14062-316d91.md: CausalDAG.add_fact() got an unexpected keyword argument 'content'
  ERROR 0-jonew-judis-14063-e4a46f.md: CausalDAG.add_fact() got an unexpected keyword argument 'content'
  ERROR 0-jonew-judis-14071-d88bc8.md: CausalDAG.add_fact() got an unexpected keyword argument 'content'
  ERROR 0-jonew-judis-14072-1474eb.md: CausalDAG.add_fact() got an unexpected keyword argument 'content'
  ERROR 0-jonew-judis-14084-235d2b.md: CausalDAG.add_fact() got an unexpected keyword argument 'content'
  ERROR 0-jonew-judis-14152-6d906a.md: CausalDAG.add_fact() got an unexpected keyword argument 'content'
  ERROR 0-jonew-judis-14168-f6030d.md: CausalDAG.add_fact() got an unexpected keyword argument 'content'
  ERROR 0-jonew-judis-14184-98ce32.md: CausalDAG.add_fact() got an unexpected keyword argument 'content'
  ERROR 0-jonew-judis-14194-f90909.md: CausalDAG.add_fact() got an unexpected keyword argument 'content'
  ERROR 0-jonew-judis-14196-e5e8b3.md: CausalDAG.add_fact() got an unexpected keyword argument 'content'
  ERROR 0-jonew-judis-1420-de451c.md: CausalDAG.add_fact() got an unexpected keyword argument 'content'
  ERROR 0-jonew-judis-14201-ccd86e.md: CausalDAG.add_fact() got an unexpected keyword argument 'content'
  ERROR 0-jonew-judis-14202-f3cda3.md: CausalDAG.add_fact() got an unexpected keyword argument 'content'
  ERROR 0-jonew-judis-14211-06e4cc.md: CausalDAG.add_fact() got an unexpected keyword argument 'content'
  ERROR 0-jonew-judis-14212-f18d8a.md: CausalDAG.add_fact() got an unexpected keyword argument 'content'
  ERROR 0-jonew-judis-14232-fd34eb.md: CausalDAG.add_fact() got an unexpected keyword argument 'content'
  ERROR 0-jonew-judis-14243-8c96ec.md: CausalDAG.add_fact() got an unexpected keyword argument 'content'
  ERROR 0-jonew-judis-14245-e89c01.md: CausalDAG.add_fact() got an unexpected keyword argument 'content'
  ERROR 0-jonew-judis-14246-28ee37.md: CausalDAG.add_fact() got an unexpected keyword argument 'content'
  ERROR 0-jonew-judis-14257-03db5c.md: CausalDAG.add_fact() got an unexpected keyword argument 'content'
  ERROR 0-jonew-judis-14264-7d4d5d.md: CausalDAG.add_fact() got an unexpected keyword argument 'content'
  ERROR 0-jonew-judis-14277-4dd587.md: CausalDAG.add_fact() got an unexpected keyword argument 'content'
  ERROR 0-jonew-judis-14292-7cddb8.md: CausalDAG.add_fact() got an unexpected keyword argument 'content'
  ERROR 0-jonew-judis-14312-a44a19.md: CausalDAG.add_fact() got an unexpected keyword argument 'content'
  ERROR 0-jonew-judis-14315-c0a490.md: CausalDAG.add_fact() got an unexpected keyword argument 'content'
  ERROR 0-jonew-judis-14331-de5784.md: CausalDAG.add_fact() got an unexpected keyword argument 'content'
  ERROR 0-jonew-judis-14345-a7ba8f.md: CausalDAG.add_fact() got an unexpected keyword argument 'content'
  ERROR 0-jonew-judis-14347-39db06.md: CausalDAG.add_fact() got an unexpected keyword argument 'content'
  ERROR 0-jonew-judis-14350-77efa6.md: CausalDAG.add_fact() got an unexpected keyword argument 'content'
  ERROR 0-jonew-judis-14352-2dfee9.md: CausalDAG.add_fact() got an unexpected keyword argument 'content'
  ERROR 0-jonew-judis-14353-d6625e.md: CausalDAG.add_fact() got an unexpected keyword argument 'content'
  ERROR 0-jonew-judis-14354-c2262f.md: CausalDAG.add_fact() got an unexpected keyword argument 'content'
  ERROR 0-jonew-judis-14355-f1e4cc.md: CausalDAG.add_fact() got an unexpected keyword argument 'content'
  ERROR 0-jonew-judis-14357-a8f5f1.md: CausalDAG.add_fact() got an unexpected keyword argument 'content'
  ERROR 0-jonew-judis-14365-ae3dde.md: CausalDAG.add_fact() got an unexpected keyword argument 'content'
  ERROR 0-jonew-judis-14367-ce2fc4.md: CausalDAG.add_fact() got an unexpected keyword argument 'content'
  ERROR 0-jonew-judis-14372-e713bb.md: CausalDAG.add_fact() got an unexpected keyword argument 'content'
  ERROR 0-jonew-judis-14382-37cbad.md: CausalDAG.add_fact() got an unexpected keyword argument 'content'
  ERROR 0-jonew-judis-14392-23995a.md: CausalDAG.add_fact() got an unexpected keyword argument 'content'
  ERROR 0-jonew-judis-14393-e5531d.md: CausalDAG.add_fact() got an unexpected keyword argument 'content'
  ERROR 0-jonew-judis-14407-66448d.md: CausalDAG.add_fact() got an unexpected keyword argument 'content'
  ERROR 0-jonew-judis-14408-b8435d.md: CausalDAG.add_fact() got an unexpected keyword argument 'content'
  ERROR 0-jonew-judis-14415-737401.md: CausalDAG.add_fact() got an unexpected keyword argument 'content'
  ERROR 0-jonew-judis-14433-489a94.md: CausalDAG.add_fact() got an unexpected keyword argument 'content'
  ERROR 0-jonew-judis-14437-5f3435.md: CausalDAG.add_fact() got an unexpected keyword argument 'content'
  ERROR 0-jonew-judis-14447-3c6864.md: CausalDAG.add_fact() got an unexpected keyword argument 'content'
  ERROR 0-jonew-judis-14448-944d4e.md: CausalDAG.add_fact() got an unexpected keyword argument 'content'
  ERROR 0-jonew-judis-14452-bbd8de.md: CausalDAG.add_fact() got an unexpected keyword argument 'content'
  ERROR 0-jonew-judis-14454-913e3f.md: CausalDAG.add_fact() got an unexpected keyword argument 'content'
  ERROR 0-jonew-judis-14455-870fb9.md: CausalDAG.add_fact() got an unexpected keyword argument 'content'
  ERROR 0-jonew-judis-14468-3f7c70.md: CausalDAG.add_fact() got an unexpected keyword argument 'content'
  ERROR 0-jonew-judis-1447-4da942.md: CausalDAG.add_fact() got an unexpected keyword argument 'content'
  ERROR 0-jonew-judis-14471-1b9ae1.md: CausalDAG.add_fact() got an unexpected keyword argument 'content'
  ERROR 0-jonew-judis-14480-376c48.md: CausalDAG.add_fact() got an unexpected keyword argument 'content'
  ERROR 0-jonew-judis-14481-666db2.md: CausalDAG.add_fact() got an unexpected keyword argument 'content'
  ERROR 0-jonew-judis-14483-a1584e.md: CausalDAG.add_fact() got an unexpected keyword argument 'content'
  ERROR 0-jonew-judis-1449-2f8f59.md: CausalDAG.add_fact() got an unexpected keyword argument 'content'
  ERROR 0-jonew-judis-14502-0a80fb.md: CausalDAG.add_fact() got an unexpected keyword argument 'content'
  ERROR 0-jonew-judis-14507-d561a1.md: CausalDAG.add_fact() got an unexpected keyword argument 'content'
  ERROR 0-jonew-judis-14510-48285c.md: CausalDAG.add_fact() got an unexpected keyword argument 'content'
  ERROR 0-jonew-judis-14537-01d97a.md: CausalDAG.add_fact() got an unexpected keyword argument 'content'
  ERROR 0-jonew-judis-14550-0f462f.md: CausalDAG.add_fact() got an unexpected keyword argument 'content'
  ERROR 0-jonew-judis-14551-47c569.md: CausalDAG.add_fact() got an unexpected keyword argument 'content'
  ERROR 0-jonew-judis-14562-b1421e.md: CausalDAG.add_fact() got an unexpected keyword argument 'content'
  ERROR 0-jonew-judis-14566-5a6908.md: CausalDAG.add_fact() got an unexpected keyword argument 'content'
  ERROR 0-jonew-judis-14569-198437.md: CausalDAG.add_fact() got an unexpected keyword argument 'content'
  ERROR 0-jonew-judis-14570-2fb36d.md: CausalDAG.add_fact() got an unexpected keyword argument 'content'
  ERROR 0-jonew-judis-14573-1fae02.md: CausalDAG.add_fact() got an unexpected keyword argument 'content'
  ERROR 0-jonew-judis-14585-ee942d.md: CausalDAG.add_fact() got an unexpected keyword argument 'content'
  ERROR 0-jonew-judis-14588-3af43a.md: CausalDAG.add_fact() got an unexpected keyword argument 'content'
  ERROR 0-jonew-judis-14592-1cd25e.md: CausalDAG.add_fact() got an unexpected keyword argument 'content'
  ERROR 0-jonew-judis-14595-c60ae7.md: CausalDAG.add_fact() got an unexpected keyword argument 'content'
  ERROR 0-jonew-judis-14601-5800f4.md: CausalDAG.add_fact() got an unexpected keyword argument 'content'
  ERROR 0-jonew-judis-1461-d8e316.md: CausalDAG.add_fact() got an unexpected keyword argument 'content'
  ERROR 0-jonew-judis-14635-9a53ea.md: CausalDAG.add_fact() got an unexpected keyword argument 'content'
  ERROR 0-jonew-judis-14636-ba78bf.md: CausalDAG.add_fact() got an unexpected keyword argument 'content'
  ERROR 0-jonew-judis-14639-b896b0.md: CausalDAG.add_fact() got an unexpected keyword argument 'content'
  ERROR 0-jonew-judis-14659-d66095.md: CausalDAG.add_fact() got an unexpected keyword argument 'content'
  ERROR 0-jonew-judis-1470-463e0a.md: CausalDAG.add_fact() got an unexpected keyword argument 'content'
  ERROR 0-jonew-judis-14703-617d39.md: CausalDAG.add_fact() got an unexpected keyword argument 'content'
  ERROR 0-jonew-judis-14711-060af4.md: CausalDAG.add_fact() got an unexpected keyword argument 'content'
  ERROR 0-jonew-judis-14713-85bd5b.md: CausalDAG.add_fact() got an unexpected keyword argument 'content'
  ERROR 0-jonew-judis-14726-ceee2e.md: CausalDAG.add_fact() got an unexpected keyword argument 'content'
  ERROR 0-jonew-judis-14748-0f4dfa.md: CausalDAG.add_fact() got an unexpected keyword argument 'content'
  ERROR 0-jonew-judis-14751-c09cd5.md: CausalDAG.add_fact() got an unexpected keyword argument 'content'
  ERROR 0-jonew-judis-14756-4783fb.md: CausalDAG.add_fact() got an unexpected keyword argument 'content'
  ERROR 0-jonew-judis-14762-424619.md: CausalDAG.add_fact() got an unexpected keyword argument 'content'
  ERROR 0-jonew-judis-14778-4b5538.md: CausalDAG.add_fact() got an unexpected keyword argument 'content'
  ERROR 0-jonew-judis-14783-388036.md: CausalDAG.add_fact() got an unexpected keyword argument 'content'
  ERROR 0-jonew-judis-14788-aa4b7c.md: CausalDAG.add_fact() got an unexpected keyword argument 'content'
  ERROR 0-jonew-judis-14794-1a9c43.md: CausalDAG.add_fact() got an unexpected keyword argument 'content'
  ERROR 0-jonew-judis-14800-640879.md: CausalDAG.add_fact() got an unexpected keyword argument 'content'
  ERROR 0-jonew-judis-14810-ff9f22.md: CausalDAG.add_fact() got an unexpected keyword argument 'content'
  ERROR 0-jonew-judis-14819-16c55b.md: CausalDAG.add_fact() got an unexpected keyword argument 'content'
  ERROR 0-jonew-judis-14821-7f48cd.md: CausalDAG.add_fact() got an unexpected keyword argument 'content'
  ERROR 0-jonew-judis-14843-96cebb.md: CausalDAG.add_fact() got an unexpected keyword argument 'content'
  ERROR 0-jonew-judis-14858-21ee8f.md: CausalDAG.add_fact() got an unexpected keyword argument 'content'
  ERROR 0-jonew-judis-1486-5f5953.md: CausalDAG.add_fact() got an unexpected keyword argument 'content'
  ERROR 0-jonew-judis-14865-7391f9.md: CausalDAG.add_fact() got an unexpected keyword argument 'content'
  ERROR 0-jonew-judis-14880-a2175a.md: CausalDAG.add_fact() got an unexpected keyword argument 'content'
  ERROR 0-jonew-judis-14888-859c69.md: CausalDAG.add_fact() got an unexpected keyword argument 'content'
  ERROR 0-jonew-judis-1489-ddaff3.md: CausalDAG.add_fact() got an unexpected keyword argument 'content'
  ERROR 0-jonew-judis-14906-dd1737.md: CausalDAG.add_fact() got an unexpected keyword argument 'content'
  ERROR 0-jonew-judis-14913-2a8730.md: CausalDAG.add_fact() got an unexpected keyword argument 'content'
  ERROR 0-jonew-judis-14951-d44982.md: CausalDAG.add_fact() got an unexpected keyword argument 'content'
  ERROR 0-jonew-judis-14952-bfea21.md: CausalDAG.add_fact() got an unexpected keyword argument 'content'
  ERROR 0-jonew-judis-1497-279b37.md: CausalDAG.add_fact() got an unexpected keyword argument 'content'
  ERROR 0-jonew-judis-14977-2ea97c.md: CausalDAG.add_fact() got an unexpected keyword argument 'content'
  ERROR 0-jonew-judis-14981-615598.md: CausalDAG.add_fact() got an unexpected keyword argument 'content'
  ERROR 0-jonew-judis-150-789bb3.md: CausalDAG.add_fact() got an unexpected keyword argument 'content'
  ERROR 0-jonew-judis-15002-cb7863.md: CausalDAG.add_fact() got an unexpected keyword argument 'content'
  ERROR 0-jonew-judis-15003-9933f7.md: CausalDAG.add_fact() got an unexpected keyword argument 'content'
  ERROR 0-jonew-judis-15034-f2cacf.md: CausalDAG.add_fact() got an unexpected keyword argument 'content'
  ERROR 0-jonew-judis-15041-deb271.md: CausalDAG.add_fact() got an unexpected keyword argument 'content'
  ERROR 0-jonew-judis-15044-7fcb79.md: CausalDAG.add_fact() got an unexpected keyword argument 'content'
  ERROR 0-jonew-judis-15045-14ddbd.md: CausalDAG.add_fact() got an unexpected keyword argument 'content'
  ERROR 0-jonew-judis-15046-0b4981.md: CausalDAG.add_fact() got an unexpected keyword argument 'content'
  ERROR 0-jonew-judis-15050-0906ae.md: CausalDAG.add_fact() got an unexpected keyword argument 'content'
  ERROR 0-jonew-judis-15052-c5f94f.md: CausalDAG.add_fact() got an unexpected keyword argument 'content'
  ERROR 0-jonew-judis-15055-2657db.md: CausalDAG.add_fact() got an unexpected keyword argument 'content'
  ERROR 0-jonew-judis-15074-b8b8d9.md: CausalDAG.add_fact() got an unexpected keyword argument 'content'
  ERROR 0-jonew-judis-15092-72f7ce.md: CausalDAG.add_fact() got an unexpected keyword argument 'content'
  ERROR 0-jonew-judis-15094-84aa21.md: CausalDAG.add_fact() got an unexpected keyword argument 'content'
  ERROR 0-jonew-judis-15095-5dd725.md: CausalDAG.add_fact() got an unexpected keyword argument 'content'
  ERROR 0-jonew-judis-1510-42f3b4.md: CausalDAG.add_fact() got an unexpected keyword argument 'content'
  ERROR 0-jonew-judis-15106-9497c4.md: CausalDAG.add_fact() got an unexpected keyword argument 'content'
  ERROR 0-jonew-judis-15112-b1cbd0.md: CausalDAG.add_fact() got an unexpected keyword argument 'content'
  ERROR 0-jonew-judis-15120-e83a59.md: CausalDAG.add_fact() got an unexpected keyword argument 'content'
  ERROR 0-jonew-judis-15123-1f23f3.md: CausalDAG.add_fact() got an unexpected keyword argument 'content'
  ERROR 0-jonew-judis-15124-8b5355.md: CausalDAG.add_fact() got an unexpected keyword argument 'content'
  ERROR 0-jonew-judis-15125-f2a171.md: CausalDAG.add_fact() got an unexpected keyword argument 'content'
  ERROR 0-jonew-judis-15152-74eec0.md: CausalDAG.add_fact() got an unexpected keyword argument 'content'
  ERROR 0-jonew-judis-15153-582363.md: CausalDAG.add_fact() got an unexpected keyword argument 'content'
  ERROR 0-jonew-judis-15160-d536a3.md: CausalDAG.add_fact() got an unexpected keyword argument 'content'
  ERROR 0-jonew-judis-15161-cfa84e.md: CausalDAG.add_fact() got an unexpected keyword argument 'content'
  ERROR 0-jonew-judis-15162-b3bad5.md: CausalDAG.add_fact() got an unexpected keyword argument 'content'
  ERROR 0-jonew-judis-15164-54e80f.md: CausalDAG.add_fact() got an unexpected keyword argument 'content'
  ERROR 0-jonew-judis-15168-a0a9d9.md: CausalDAG.add_fact() got an unexpected keyword argument 'content'
  ERROR 0-jonew-judis-15169-9aba0f.md: CausalDAG.add_fact() got an unexpected keyword argument 'content'
  ERROR 0-jonew-judis-15172-3ce9f2.md: CausalDAG.add_fact() got an unexpected keyword argument 'content'
  ERROR 0-jonew-judis-15186-3d7a00.md: CausalDAG.add_fact() got an unexpected keyword argument 'content'
  ERROR 0-jonew-judis-15190-bae390.md: CausalDAG.add_fact() got an unexpected keyword argument 'content'
  ERROR 0-jonew-judis-15191-1bc671.md: CausalDAG.add_fact() got an unexpected keyword argument 'content'
  ERROR 0-jonew-judis-15192-887136.md: CausalDAG.add_fact() got an unexpected keyword argument 'content'
  ERROR 0-jonew-judis-15195-58990b.md: CausalDAG.add_fact() got an unexpected keyword argument 'content'
  ERROR 0-jonew-judis-15197-c2c0ca.md: CausalDAG.add_fact() got an unexpected keyword argument 'content'
  ERROR 0-jonew-judis-15211-e9ef8a.md: CausalDAG.add_fact() got an unexpected keyword argument 'content'
  ERROR 0-jonew-judis-15236-dde93e.md: CausalDAG.add_fact() got an unexpected keyword argument 'content'
  ERROR 0-jonew-judis-15237-07fb64.md: CausalDAG.add_fact() got an unexpected keyword argument 'content'
  ERROR 0-jonew-judis-15238-4253bd.md: CausalDAG.add_fact() got an unexpected keyword argument 'content'
  ERROR 0-jonew-judis-1524-85aa0c.md: CausalDAG.add_fact() got an unexpected keyword argument 'content'
  ERROR 0-jonew-judis-15245-05f9f4.md: CausalDAG.add_fact() got an unexpected keyword argument 'content'
  ERROR 0-jonew-judis-15250-bb4dbc.md: CausalDAG.add_fact() got an unexpected keyword argument 'content'
  ERROR 0-jonew-judis-15262-99b849.md: CausalDAG.add_fact() got an unexpected keyword argument 'content'
  ERROR 0-jonew-judis-15265-784da6.md: CausalDAG.add_fact() got an unexpected keyword argument 'content'
  ERROR 0-jonew-judis-15268-709a8b.md: CausalDAG.add_fact() got an unexpected keyword argument 'content'
  ERROR 0-jonew-judis-15271-583f3a.md: CausalDAG.add_fact() got an unexpected keyword argument 'content'
  ERROR 0-jonew-judis-15276-c113fb.md: CausalDAG.add_fact() got an unexpected keyword argument 'content'
  ERROR 0-jonew-judis-15280-9b8194.md: CausalDAG.add_fact() got an unexpected keyword argument 'content'
  ERROR 0-jonew-judis-15288-8f7adf.md: CausalDAG.add_fact() got an unexpected keyword argument 'content'
  ERROR 0-jonew-judis-15294-8c91f5.md: CausalDAG.add_fact() got an unexpected keyword argument 'content'
  ERROR 0-jonew-judis-15297-1870eb.md: CausalDAG.add_fact() got an unexpected keyword argument 'content'
  ERROR 0-jonew-judis-15299-4f2197.md: CausalDAG.add_fact() got an unexpected keyword argument 'content'
  ERROR 0-jonew-judis-15319-980c98.md: CausalDAG.add_fact() got an unexpected keyword argument 'content'
  ERROR 0-jonew-judis-1532-f6512f.md: CausalDAG.add_fact() got an unexpected keyword argument 'content'
  ERROR 0-jonew-judis-15327-6815fd.md: CausalDAG.add_fact() got an unexpected keyword argument 'content'
  ERROR 0-jonew-judis-15328-4f7006.md: CausalDAG.add_fact() got an unexpected keyword argument 'content'
  ERROR 0-jonew-judis-15338-f391cc.md: CausalDAG.add_fact() got an unexpected keyword argument 'content'
  ERROR 0-jonew-judis-1535-30d30e.md: CausalDAG.add_fact() got an unexpected keyword argument 'content'
  ERROR 0-jonew-judis-15356-d6bfd8.md: CausalDAG.add_fact() got an unexpected keyword argument 'content'
  ERROR 0-jonew-judis-15360-9c5d3a.md: CausalDAG.add_fact() got an unexpected keyword argument 'content'
  ERROR 0-jonew-judis-15370-c52a00.md: CausalDAG.add_fact() got an unexpected keyword argument 'content'
  ERROR 0-jonew-judis-15383-5d0b81.md: CausalDAG.add_fact() got an unexpected keyword argument 'content'
  ERROR 0-jonew-judis-15398-21453d.md: CausalDAG.add_fact() got an unexpected keyword argument 'content'
  ERROR 0-jonew-judis-15404-7743c1.md: CausalDAG.add_fact() got an unexpected keyword argument 'content'
  ERROR 0-jonew-judis-15411-f7e7a5.md: CausalDAG.add_fact() got an unexpected keyword argument 'content'
  ERROR 0-jonew-judis-15416-261c88.md: CausalDAG.add_fact() got an unexpected keyword argument 'content'
  ERROR 0-jonew-judis-15417-9a6204.md: CausalDAG.add_fact() got an unexpected keyword argument 'content'
  ERROR 0-jonew-judis-1542-588905.md: CausalDAG.add_fact() got an unexpected keyword argument 'content'
  ERROR 0-jonew-judis-1543-9c23bc.md: CausalDAG.add_fact() got an unexpected keyword argument 'content'
  ERROR 0-jonew-judis-15471-4aa984.md: CausalDAG.add_fact() got an unexpected keyword argument 'content'
  ERROR 0-jonew-judis-15472-bb2da8.md: CausalDAG.add_fact() got an unexpected keyword argument 'content'
  ERROR 0-jonew-judis-1548-5ced27.md: CausalDAG.add_fact() got an unexpected keyword argument 'content'
  ERROR 0-jonew-judis-15480-908e13.md: CausalDAG.add_fact() got an unexpected keyword argument 'content'
  ERROR 0-jonew-judis-15482-3cec93.md: CausalDAG.add_fact() got an unexpected keyword argument 'content'
  ERROR 0-jonew-judis-15486-ae2c53.md: CausalDAG.add_fact() got an unexpected keyword argument 'content'
  ERROR 0-jonew-judis-1549-ea1a0e.md: CausalDAG.add_fact() got an unexpected keyword argument 'content'
  ERROR 0-jonew-judis-15491-9eb2cc.md: CausalDAG.add_fact() got an unexpected keyword argument 'content'
  ERROR 0-jonew-judis-15500-768fab.md: CausalDAG.add_fact() got an unexpected keyword argument 'content'
  ERROR 0-jonew-judis-15504-c46878.md: CausalDAG.add_fact() got an unexpected keyword argument 'content'
  ERROR 0-jonew-judis-15513-d6dae4.md: CausalDAG.add_fact() got an unexpected keyword argument 'content'
  ERROR 0-jonew-judis-15519-5881f0.md: CausalDAG.add_fact() got an unexpected keyword argument 'content'
  ERROR 0-jonew-judis-15521-289db5.md: CausalDAG.add_fact() got an unexpected keyword argument 'content'
  ERROR 0-jonew-judis-15523-a8c6f6.md: CausalDAG.add_fact() got an unexpected keyword argument 'content'
  ERROR 0-jonew-judis-15524-1120b5.md: CausalDAG.add_fact() got an unexpected keyword argument 'content'
  ERROR 0-jonew-judis-15527-2b99ac.md: CausalDAG.add_fact() got an unexpected keyword argument 'content'
  ERROR 0-jonew-judis-15531-109bb7.md: CausalDAG.add_fact() got an unexpected keyword argument 'content'
  ERROR 0-jonew-judis-15532-1b6fac.md: CausalDAG.add_fact() got an unexpected keyword argument 'content'
  ERROR 0-jonew-judis-15536-0b1334.md: CausalDAG.add_fact() got an unexpected keyword argument 'content'
  ERROR 0-jonew-judis-15537-f3c998.md: CausalDAG.add_fact() got an unexpected keyword argument 'content'
  ERROR 0-jonew-judis-15539-af8e37.md: CausalDAG.add_fact() got an unexpected keyword argument 'content'
  ERROR 0-jonew-judis-1554-ed1dcd.md: CausalDAG.add_fact() got an unexpected keyword argument 'content'
  ERROR 0-jonew-judis-15541-ccd5c3.md: CausalDAG.add_fact() got an unexpected keyword argument 'content'
  ERROR 0-jonew-judis-15543-82b17f.md: CausalDAG.add_fact() got an unexpected keyword argument 'content'
  ERROR 0-jonew-judis-15544-d0e039.md: CausalDAG.add_fact() got an unexpected keyword argument 'content'
  ERROR 0-jonew-judis-15545-a4856b.md: CausalDAG.add_fact() got an unexpected keyword argument 'content'
  ERROR 0-jonew-judis-15546-01369a.md: CausalDAG.add_fact() got an unexpected keyword argument 'content'
  ERROR 0-jonew-judis-15550-039f5c.md: CausalDAG.add_fact() got an unexpected keyword argument 'content'
  ERROR 0-jonew-judis-15561-d8f25d.md: CausalDAG.add_fact() got an unexpected keyword argument 'content'
  ERROR 0-jonew-judis-1558-e9fe1d.md: CausalDAG.add_fact() got an unexpected keyword argument 'content'
  ERROR 0-jonew-judis-15587-aca20d.md: CausalDAG.add_fact() got an unexpected keyword argument 'content'
  ERROR 0-jonew-judis-15588-bebb34.md: CausalDAG.add_fact() got an unexpected keyword argument 'content'
  ERROR 0-jonew-judis-15589-753367.md: CausalDAG.add_fact() got an unexpected keyword argument 'content'
  ERROR 0-jonew-judis-1559-9b0a7d.md: CausalDAG.add_fact() got an unexpected keyword argument 'content'
  ERROR 0-jonew-judis-15591-22a9f9.md: CausalDAG.add_fact() got an unexpected keyword argument 'content'
  ERROR 0-jonew-judis-15592-11e749.md: CausalDAG.add_fact() got an unexpected keyword argument 'content'
  ERROR 0-jonew-judis-15607-d8ffe2.md: CausalDAG.add_fact() got an unexpected keyword argument 'content'
  ERROR 0-jonew-judis-1561-d7289f.md: CausalDAG.add_fact() got an unexpected keyword argument 'content'
  ERROR 0-jonew-judis-15615-cda4ba.md: CausalDAG.add_fact() got an unexpected keyword argument 'content'
  ERROR 0-jonew-judis-15626-f45d87.md: CausalDAG.add_fact() got an unexpected keyword argument 'content'
  ERROR 0-jonew-judis-15635-4e67d5.md: CausalDAG.add_fact() got an unexpected keyword argument 'content'
  ERROR 0-jonew-judis-15646-0afddb.md: CausalDAG.add_fact() got an unexpected keyword argument 'content'
  ERROR 0-jonew-judis-15655-b0ead0.md: CausalDAG.add_fact() got an unexpected keyword argument 'content'
  ERROR 0-jonew-judis-1567-50a053.md: CausalDAG.add_fact() got an unexpected keyword argument 'content'
  ERROR 0-jonew-judis-15699-cfe34f.md: CausalDAG.add_fact() got an unexpected keyword argument 'content'
  ERROR 0-jonew-judis-15708-92ac0b.md: CausalDAG.add_fact() got an unexpected keyword argument 'content'
  ERROR 0-jonew-judis-15716-3aedd8.md: CausalDAG.add_fact() got an unexpected keyword argument 'content'
  ERROR 0-jonew-judis-1573-108d24.md: CausalDAG.add_fact() got an unexpected keyword argument 'content'
  ERROR 0-jonew-judis-1574-f322f8.md: CausalDAG.add_fact() got an unexpected keyword argument 'content'
  ERROR 0-jonew-judis-15756-8dae68.md: CausalDAG.add_fact() got an unexpected keyword argument 'content'
  ERROR 0-jonew-judis-15757-43967b.md: CausalDAG.add_fact() got an unexpected keyword argument 'content'
  ERROR 0-jonew-judis-1576-b6f4a5.md: CausalDAG.add_fact() got an unexpected keyword argument 'content'
  ERROR 0-jonew-judis-15766-b00c46.md: CausalDAG.add_fact() got an unexpected keyword argument 'content'
  ERROR 0-jonew-judis-15769-d9730c.md: CausalDAG.add_fact() got an unexpected keyword argument 'content'
  ERROR 0-jonew-judis-15785-7691c7.md: CausalDAG.add_fact() got an unexpected keyword argument 'content'
  ERROR 0-jonew-judis-15786-00ac7f.md: CausalDAG.add_fact() got an unexpected keyword argument 'content'
  ERROR 0-jonew-judis-15822-5f2c35.md: CausalDAG.add_fact() got an unexpected keyword argument 'content'
  ERROR 0-jonew-judis-15833-115110.md: CausalDAG.add_fact() got an unexpected keyword argument 'content'
  ERROR 0-jonew-judis-15847-d9cdd2.md: CausalDAG.add_fact() got an unexpected keyword argument 'content'
  Batch 1: 500/20531 docs, 0 facts, 500 skipped, ETA 8.7m
  ERROR 0-jonew-judis-15857-a69eb3.md: CausalDAG.add_fact() got an unexpected keyword argument 'content'
  ERROR 0-jonew-judis-15864-a13e55.md: CausalDAG.add_fact() got an unexpected keyword argument 'content'
  ERROR 0-jonew-judis-15895-abfc35.md: CausalDAG.add_fact() got an unexpected keyword argument 'content'
  ERROR 0-jonew-judis-15902-5b091b.md: CausalDAG.add_fact() got an unexpected keyword argument 'content'
  ERROR 0-jonew-judis-15907-cab7d3.md: CausalDAG.add_fact() got an unexpected keyword argument 'content'
  ERROR 0-jonew-judis-15932-25c1bf.md: CausalDAG.add_fact() got an unexpected keyword argument 'content'
  ERROR 0-jonew-judis-15965-18383e.md: CausalDAG.add_fact() got an unexpected keyword argument 'content'
  ERROR 0-jonew-judis-15969-b8f213.md: CausalDAG.add_fact() got an unexpected keyword argument 'content'
  ERROR 0-jonew-judis-15994-32b55a.md: CausalDAG.add_fact() got an unexpected keyword argument 'content'
  ERROR 0-jonew-judis-1601-f955d0.md: CausalDAG.add_fact() got an unexpected keyword argument 'content'
  ERROR 0-jonew-judis-16017-4b74f6.md: CausalDAG.add_fact() got an unexpected keyword argument 'content'
  ERROR 0-jonew-judis-16030-22d033.md: CausalDAG.add_fact() got an unexpected keyword argument 'content'
  ERROR 0-jonew-judis-16033-1d9b73.md: CausalDAG.add_fact() got an unexpected keyword argument 'content'
  ERROR 0-jonew-judis-16049-ed62dd.md: CausalDAG.add_fact() got an unexpected keyword argument 'content'
  ERROR 0-jonew-judis-1605-d8e489.md: CausalDAG.add_fact() got an unexpected keyword argument 'content'
  ERROR 0-jonew-judis-16064-b0f5f3.md: CausalDAG.add_fact() got an unexpected keyword argument 'content'
  ERROR 0-jonew-judis-16071-8314eb.md: CausalDAG.add_fact() got an unexpected keyword argument 'content'
  ERROR 0-jonew-judis-16076-44ffaa.md: CausalDAG.add_fact() got an unexpected keyword argument 'content'
  ERROR 0-jonew-judis-16081-d9495a.md: CausalDAG.add_fact() got an unexpected keyword argument 'content'
  ERROR 0-jonew-judis-16089-3cf848.md: CausalDAG.add_fact() got an unexpected keyword argument 'content'
  ERROR 0-jonew-judis-16093-ba9534.md: CausalDAG.add_fact() got an unexpected keyword argument 'content'
  ERROR 0-jonew-judis-16096-2e12e1.md: CausalDAG.add_fact() got an unexpected keyword argument 'content'
  ERROR 0-jonew-judis-16108-70459d.md: CausalDAG.add_fact() got an unexpected keyword argument 'content'
  ERROR 0-jonew-judis-16115-b08c69.md: CausalDAG.add_fact() got an unexpected keyword argument 'content'
  ERROR 0-jonew-judis-1612-aeaf0e.md: CausalDAG.add_fact() got an unexpected keyword argument 'content'
  ERROR 0-jonew-judis-16122-3988eb.md: CausalDAG.add_fact() got an unexpected keyword argument 'content'
  ERROR 0-jonew-judis-16123-117d1c.md: CausalDAG.add_fact() got an unexpected keyword argument 'content'
  ERROR 0-jonew-judis-16129-5123ef.md: CausalDAG.add_fact() got an unexpected keyword argument 'content'
  ERROR 0-jonew-judis-16132-07a5bf.md: CausalDAG.add_fact() got an unexpected keyword argument 'content'
  ERROR 0-jonew-judis-16137-f572c9.md: CausalDAG.add_fact() got an unexpected keyword argument 'content'
  ERROR 0-jonew-judis-16140-15c920.md: CausalDAG.add_fact() got an unexpected keyword argument 'content'
  ERROR 0-jonew-judis-16142-1ec735.md: CausalDAG.add_fact() got an unexpected keyword argument 'content'
  ERROR 0-jonew-judis-16145-3d6ee3.md: CausalDAG.add_fact() got an unexpected keyword argument 'content'
  ERROR 0-jonew-judis-16146-2a23d2.md: CausalDAG.add_fact() got an unexpected keyword argument 'content'
  ERROR 0-jonew-judis-16147-b4b72f.md: CausalDAG.add_fact() got an unexpected keyword argument 'content'
  ERROR 0-jonew-judis-16150-9a78b9.md: CausalDAG.add_fact() got an unexpected keyword argument 'content'
  ERROR 0-jonew-judis-16162-133141.md: CausalDAG.add_fact() got an unexpected keyword argument 'content'
  ERROR 0-jonew-judis-16198-ae4172.md: CausalDAG.add_fact() got an unexpected keyword argument 'content'
  ERROR 0-jonew-judis-16202-5e32ed.md: CausalDAG.add_fact() got an unexpected keyword argument 'content'
  ERROR 0-jonew-judis-16220-d9bb08.md: CausalDAG.add_fact() got an unexpected keyword argument 'content'
  ERROR 0-jonew-judis-16226-e1e7f4.md: CausalDAG.add_fact() got an unexpected keyword argument 'content'
  ERROR 0-jonew-judis-16230-d5ff2f.md: CausalDAG.add_fact() got an unexpected keyword argument 'content'
  ERROR 0-jonew-judis-16232-16c3f3.md: CausalDAG.add_fact() got an unexpected keyword argument 'content'
  ERROR 0-jonew-judis-16242-3fdbe6.md: CausalDAG.add_fact() got an unexpected keyword argument 'content'
  ERROR 0-jonew-judis-16255-80d0bd.md: CausalDAG.add_fact() got an unexpected keyword argument 'content'
  ERROR 0-jonew-judis-16317-c07b2b.md: CausalDAG.add_fact() got an unexpected keyword argument 'content'
  ERROR 0-jonew-judis-1632-aadfbe.md: CausalDAG.add_fact() got an unexpected keyword argument 'content'
  ERROR 0-jonew-judis-16321-0ef417.md: CausalDAG.add_fact() got an unexpected keyword argument 'content'
  ERROR 0-jonew-judis-16328-7503b7.md: CausalDAG.add_fact() got an unexpected keyword argument 'content'
  ERROR 0-jonew-judis-16329-c5f628.md: CausalDAG.add_fact() got an unexpected keyword argument 'content'
  ERROR 0-jonew-judis-16333-354f45.md: CausalDAG.add_fact() got an unexpected keyword argument 'content'
  ERROR 0-jonew-judis-16342-d38008.md: CausalDAG.add_fact() got an unexpected keyword argument 'content'
  ERROR 0-jonew-judis-16353-b31b67.md: CausalDAG.add_fact() got an unexpected keyword argument 'content'
  ERROR 0-jonew-judis-16358-385c30.md: CausalDAG.add_fact() got an unexpected keyword argument 'content'
  ERROR 0-jonew-judis-16359-88a30c.md: CausalDAG.add_fact() got an unexpected keyword argument 'content'
  ERROR 0-jonew-judis-16362-918648.md: CausalDAG.add_fact() got an unexpected keyword argument 'content'
  ERROR 0-jonew-judis-16375-ac252c.md: CausalDAG.add_fact() got an unexpected keyword argument 'content'
  ERROR 0-jonew-judis-16376-08375f.md: CausalDAG.add_fact() got an unexpected keyword argument 'content'
  ERROR 0-jonew-judis-16381-414aa4.md: CausalDAG.add_fact() got an unexpected keyword argument 'content'
  ERROR 0-jonew-judis-16387-ded78f.md: CausalDAG.add_fact() got an unexpected keyword argument 'content'
  ERROR 0-jonew-judis-16398-fdb861.md: CausalDAG.add_fact() got an unexpected keyword argument 'content'
  ERROR 0-jonew-judis-16402-762f3a.md: CausalDAG.add_fact() got an unexpected keyword argument 'content'
  ERROR 0-jonew-judis-16412-91e61b.md: CausalDAG.add_fact() got an unexpected keyword argument 'content'
  ERROR 0-jonew-judis-16417-34e44c.md: CausalDAG.add_fact() got an unexpected keyword argument 'content'
  ERROR 0-jonew-judis-16427-e72327.md: CausalDAG.add_fact() got an unexpected keyword argument 'content'
  ERROR 0-jonew-judis-16429-8a11bd.md: CausalDAG.add_fact() got an unexpected keyword argument 'content'
  ERROR 0-jonew-judis-16431-b19fa0.md: CausalDAG.add_fact() got an unexpected keyword argument 'content'
  ERROR 0-jonew-judis-16432-f3b85a.md: CausalDAG.add_fact() got an unexpected keyword argument 'content'
  ERROR 0-jonew-judis-16463-cbee56.md: CausalDAG.add_fact() got an unexpected keyword argument 'content'
  ERROR 0-jonew-judis-16464-c996b8.md: CausalDAG.add_fact() got an unexpected keyword argument 'content'
  ERROR 0-jonew-judis-16479-cadf5d.md: CausalDAG.add_fact() got an unexpected keyword argument 'content'
  ERROR 0-jonew-judis-16489-719db0.md: CausalDAG.add_fact() got an unexpected keyword argument 'content'
  ERROR 0-jonew-judis-16490-0be981.md: CausalDAG.add_fact() got an unexpected keyword argument 'content'
  ERROR 0-jonew-judis-16491-c697e8.md: CausalDAG.add_fact() got an unexpected keyword argument 'content'
  ERROR 0-jonew-judis-16492-949641.md: CausalDAG.add_fact() got an unexpected keyword argument 'content'
  ERROR 0-jonew-judis-16495-54ef76.md: CausalDAG.add_fact() got an unexpected keyword argument 'content'
  ERROR 0-jonew-judis-16505-71e4e3.md: CausalDAG.add_fact() got an unexpected keyword argument 'content'
  ERROR 0-jonew-judis-16512-d304cb.md: CausalDAG.add_fact() got an unexpected keyword argument 'content'
  ERROR 0-jonew-judis-16514-cf1ac4.md: CausalDAG.add_fact() got an unexpected keyword argument 'content'
  ERROR 0-jonew-judis-16520-2be04a.md: CausalDAG.add_fact() got an unexpected keyword argument 'content'
  ERROR 0-jonew-judis-16526-d89259.md: CausalDAG.add_fact() got an unexpected keyword argument 'content'
  ERROR 0-jonew-judis-16527-f61ae2.md: CausalDAG.add_fact() got an unexpected keyword argument 'content'
  ERROR 0-jonew-judis-16530-a8d928.md: CausalDAG.add_fact() got an unexpected keyword argument 'content'
  ERROR 0-jonew-judis-16532-8c8aea.md: CausalDAG.add_fact() got an unexpected keyword argument 'content'
  ERROR 0-jonew-judis-16533-e5ecca.md: CausalDAG.add_fact() got an unexpected keyword argument 'content'
  ERROR 0-jonew-judis-16536-4e157d.md: CausalDAG.add_fact() got an unexpected keyword argument 'content'
  ERROR 0-jonew-judis-16541-54fc49.md: CausalDAG.add_fact() got an unexpected keyword argument 'content'
  ERROR 0-jonew-judis-16552-d147eb.md: CausalDAG.add_fact() got an unexpected keyword argument 'content'
  ERROR 0-jonew-judis-16554-843e1f.md: CausalDAG.add_fact() got an unexpected keyword argument 'content'
  ERROR 0-jonew-judis-16556-ce6412.md: CausalDAG.add_fact() got an unexpected keyword argument 'content'
  ERROR 0-jonew-judis-16568-718155.md: CausalDAG.add_fact() got an unexpected keyword argument 'content'
  ERROR 0-jonew-judis-16583-18d072.md: CausalDAG.add_fact() got an unexpected keyword argument 'content'
  ERROR 0-jonew-judis-16594-06a41b.md: CausalDAG.add_fact() got an unexpected keyword argument 'content'
  ERROR 0-jonew-judis-16606-0f4e0a.md: CausalDAG.add_fact() got an unexpected keyword argument 'content'
  ERROR 0-jonew-judis-16607-13d864.md: CausalDAG.add_fact() got an unexpected keyword argument 'content'
  ERROR 0-jonew-judis-16614-3f2b6c.md: CausalDAG.add_fact() got an unexpected keyword argument 'content'
  ERROR 0-jonew-judis-16620-40b5fa.md: CausalDAG.add_fact() got an unexpected keyword argument 'content'
  ERROR 0-jonew-judis-16624-1e08d3.md: CausalDAG.add_fact() got an unexpected keyword argument 'content'
  ERROR 0-jonew-judis-16627-66581a.md: CausalDAG.add_fact() got an unexpected keyword argument 'content'
  ERROR 0-jonew-judis-16636-6e7dc8.md: CausalDAG.add_fact() got an unexpected keyword argument 'content'
  ERROR 0-jonew-judis-16643-93d9d5.md: CausalDAG.add_fact() got an unexpected keyword argument 'content'
  ERROR 0-jonew-judis-16658-3a2f17.md: CausalDAG.add_fact() got an unexpected keyword argument 'content'
  ERROR 0-jonew-judis-16680-6dead2.md: CausalDAG.add_fact() got an unexpected keyword argument 'content'
  ERROR 0-jonew-judis-16700-a432a2.md: CausalDAG.add_fact() got an unexpected keyword argument 'content'
  ERROR 0-jonew-judis-16722-6fa408.md: CausalDAG.add_fact() got an unexpected keyword argument 'content'
  ERROR 0-jonew-judis-16737-8faf56.md: CausalDAG.add_fact() got an unexpected keyword argument 'content'
  ERROR 0-jonew-judis-16739-3bca6c.md: CausalDAG.add_fact() got an unexpected keyword argument 'content'
  ERROR 0-jonew-judis-16756-3194c4.md: CausalDAG.add_fact() got an unexpected keyword argument 'content'
  ERROR 0-jonew-judis-16764-2dd4b0.md: CausalDAG.add_fact() got an unexpected keyword argument 'content'
  ERROR 0-jonew-judis-16780-e5ae7c.md: CausalDAG.add_fact() got an unexpected keyword argument 'content'
  ERROR 0-jonew-judis-16793-30c3bd.md: CausalDAG.add_fact() got an unexpected keyword argument 'content'
  ERROR 0-jonew-judis-16798-ffc2f8.md: CausalDAG.add_fact() got an unexpected keyword argument 'content'
  ERROR 0-jonew-judis-16827-8637a7.md: CausalDAG.add_fact() got an unexpected keyword argument 'content'
  ERROR 0-jonew-judis-16829-25d78d.md: CausalDAG.add_fact() got an unexpected keyword argument 'content'
  ERROR 0-jonew-judis-16830-4d8e53.md: CausalDAG.add_fact() got an unexpected keyword argument 'content'
  ERROR 0-jonew-judis-16831-f3dba0.md: CausalDAG.add_fact() got an unexpected keyword argument 'content'
  ERROR 0-jonew-judis-16848-a8770e.md: CausalDAG.add_fact() got an unexpected keyword argument 'content'
  ERROR 0-jonew-judis-16862-01cf04.md: CausalDAG.add_fact() got an unexpected keyword argument 'content'
  ERROR 0-jonew-judis-16881-e41ed7.md: CausalDAG.add_fact() got an unexpected keyword argument 'content'
  ERROR 0-jonew-judis-16891-77b8f8.md: CausalDAG.add_fact() got an unexpected keyword argument 'content'
  ERROR 0-jonew-judis-16893-e5ef18.md: CausalDAG.add_fact() got an unexpected keyword argument 'content'
  ERROR 0-jonew-judis-16915-b2fba7.md: CausalDAG.add_fact() got an unexpected keyword argument 'content'
  ERROR 0-jonew-judis-16921-a2e9b0.md: CausalDAG.add_fact() got an unexpected keyword argument 'content'
  ERROR 0-jonew-judis-16953-756ef4.md: CausalDAG.add_fact() got an unexpected keyword argument 'content'
  ERROR 0-jonew-judis-16964-98cb71.md: CausalDAG.add_fact() got an unexpected keyword argument 'content'
  ERROR 0-jonew-judis-16977-1f3c2f.md: CausalDAG.add_fact() got an unexpected keyword argument 'content'
  ERROR 0-jonew-judis-16988-4e29e2.md: CausalDAG.add_fact() got an unexpected keyword argument 'content'
  ERROR 0-jonew-judis-1702-5ab602.md: CausalDAG.add_fact() got an unexpected keyword argument 'content'
  ERROR 0-jonew-judis-17031-a0351f.md: CausalDAG.add_fact() got an unexpected keyword argument 'content'
  ERROR 0-jonew-judis-17032-15798a.md: CausalDAG.add_fact() got an unexpected keyword argument 'content'
  ERROR 0-jonew-judis-17035-5a252f.md: CausalDAG.add_fact() got an unexpected keyword argument 'content'
  ERROR 0-jonew-judis-17036-afd954.md: CausalDAG.add_fact() got an unexpected keyword argument 'content'
  ERROR 0-jonew-judis-17041-3c019f.md: CausalDAG.add_fact() got an unexpected keyword argument 'content'
  ERROR 0-jonew-judis-17042-53c34e.md: CausalDAG.add_fact() got an unexpected keyword argument 'content'
  ERROR 0-jonew-judis-17043-f6fc54.md: CausalDAG.add_fact() got an unexpected keyword argument 'content'
  ERROR 0-jonew-judis-17045-39927b.md: CausalDAG.add_fact() got an unexpected keyword argument 'content'
  ERROR 0-jonew-judis-17047-72a266.md: CausalDAG.add_fact() got an unexpected keyword argument 'content'
  ERROR 0-jonew-judis-17050-ba4206.md: CausalDAG.add_fact() got an unexpected keyword argument 'content'
  ERROR 0-jonew-judis-17051-a1ade7.md: CausalDAG.add_fact() got an unexpected keyword argument 'content'
  ERROR 0-jonew-judis-17052-236f30.md: CausalDAG.add_fact() got an unexpected keyword argument 'content'
  ERROR 0-jonew-judis-17053-11ea2b.md: CausalDAG.add_fact() got an unexpected keyword argument 'content'
  ERROR 0-jonew-judis-17057-0de573.md: CausalDAG.add_fact() got an unexpected keyword argument 'content'
  ERROR 0-jonew-judis-17058-18d486.md: CausalDAG.add_fact() got an unexpected keyword argument 'content'
  ERROR 0-jonew-judis-17061-fac29b.md: CausalDAG.add_fact() got an unexpected keyword argument 'content'
  ERROR 0-jonew-judis-17064-b84f64.md: CausalDAG.add_fact() got an unexpected keyword argument 'content'
  ERROR 0-jonew-judis-17067-28e9a7.md: CausalDAG.add_fact() got an unexpected keyword argument 'content'
  ERROR 0-jonew-judis-17068-ede0e6.md: CausalDAG.add_fact() got an unexpected keyword argument 'content'
  ERROR 0-jonew-judis-17070-ca94f3.md: CausalDAG.add_fact() got an unexpected keyword argument 'content'
  ERROR 0-jonew-judis-17072-c80993.md: CausalDAG.add_fact() got an unexpected keyword argument 'content'
  ERROR 0-jonew-judis-17073-6d2486.md: CausalDAG.add_fact() got an unexpected keyword argument 'content'
  ERROR 0-jonew-judis-17076-d8ceb1.md: CausalDAG.add_fact() got an unexpected keyword argument 'content'
  ERROR 0-jonew-judis-17078-d15900.md: CausalDAG.add_fact() got an unexpected keyword argument 'content'
  ERROR 0-jonew-judis-17080-b15689.md: CausalDAG.add_fact() got an unexpected keyword argument 'content'
  ERROR 0-jonew-judis-17081-0a44ee.md: CausalDAG.add_fact() got an unexpected keyword argument 'content'
  ERROR 0-jonew-judis-17082-ca1013.md: CausalDAG.add_fact() got an unexpected keyword argument 'content'
  ERROR 0-jonew-judis-17083-5df332.md: CausalDAG.add_fact() got an unexpected keyword argument 'content'
  ERROR 0-jonew-judis-17085-2bf81b.md: CausalDAG.add_fact() got an unexpected keyword argument 'content'
  ERROR 0-jonew-judis-17087-cc88a7.md: CausalDAG.add_fact() got an unexpected keyword argument 'content'
  ERROR 0-jonew-judis-17089-85e5e5.md: CausalDAG.add_fact() got an unexpected keyword argument 'content'
  ERROR 0-jonew-judis-17090-cba256.md: CausalDAG.add_fact() got an unexpected keyword argument 'content'
  ERROR 0-jonew-judis-17094-1a3aeb.md: CausalDAG.add_fact() got an unexpected keyword argument 'content'
  ERROR 0-jonew-judis-17098-e5fceb.md: CausalDAG.add_fact() got an unexpected keyword argument 'content'
  ERROR 0-jonew-judis-17102-5090e6.md: CausalDAG.add_fact() got an unexpected keyword argument 'content'
  ERROR 0-jonew-judis-17104-f27f15.md: CausalDAG.add_fact() got an unexpected keyword argument 'content'
  ERROR 0-jonew-judis-17108-8fd3e4.md: CausalDAG.add_fact() got an unexpected keyword argument 'content'
  ERROR 0-jonew-judis-17112-ed5cab.md: CausalDAG.add_fact() got an unexpected keyword argument 'content'
  ERROR 0-jonew-judis-17113-aa735a.md: CausalDAG.add_fact() got an unexpected keyword argument 'content'
  ERROR 0-jonew-judis-17114-824640.md: CausalDAG.add_fact() got an unexpected keyword argument 'content'
  ERROR 0-jonew-judis-17117-9d74b6.md: CausalDAG.add_fact() got an unexpected keyword argument 'content'
  ERROR 0-jonew-judis-17118-d3b31d.md: CausalDAG.add_fact() got an unexpected keyword argument 'content'
  ERROR 0-jonew-judis-17119-e86b9b.md: CausalDAG.add_fact() got an unexpected keyword argument 'content'
  ERROR 0-jonew-judis-17120-54bd9b.md: CausalDAG.add_fact() got an unexpected keyword argument 'content'
  ERROR 0-jonew-judis-17156-6cc403.md: CausalDAG.add_fact() got an unexpected keyword argument 'content'
  ERROR 0-jonew-judis-17157-8a2fb8.md: CausalDAG.add_fact() got an unexpected keyword argument 'content'
  ERROR 0-jonew-judis-17160-a823e0.md: CausalDAG.add_fact() got an unexpected keyword argument 'content'
  ERROR 0-jonew-judis-17162-920be5.md: CausalDAG.add_fact() got an unexpected keyword argument 'content'
  ERROR 0-jonew-judis-17163-af1b51.md: CausalDAG.add_fact() got an unexpected keyword argument 'content'
  ERROR 0-jonew-judis-17189-8fbabb.md: CausalDAG.add_fact() got an unexpected keyword argument 'content'
  ERROR 0-jonew-judis-17194-4eebc1.md: CausalDAG.add_fact() got an unexpected keyword argument 'content'
  ERROR 0-jonew-judis-17196-3095e6.md: CausalDAG.add_fact() got an unexpected keyword argument 'content'
  ERROR 0-jonew-judis-17197-d92161.md: CausalDAG.add_fact() got an unexpected keyword argument 'content'
  ERROR 0-jonew-judis-17216-5b506b.md: CausalDAG.add_fact() got an unexpected keyword argument 'content'
  ERROR 0-jonew-judis-17218-ee069f.md: CausalDAG.add_fact() got an unexpected keyword argument 'content'
  ERROR 0-jonew-judis-17223-84e6ec.md: CausalDAG.add_fact() got an unexpected keyword argument 'content'
  ERROR 0-jonew-judis-17228-b2b06c.md: CausalDAG.add_fact() got an unexpected keyword argument 'content'
  ERROR 0-jonew-judis-17230-c400d9.md: CausalDAG.add_fact() got an unexpected keyword argument 'content'
  ERROR 0-jonew-judis-17231-eb6708.md: CausalDAG.add_fact() got an unexpected keyword argument 'content'
  ERROR 0-jonew-judis-17233-020716.md: CausalDAG.add_fact() got an unexpected keyword argument 'content'
  ERROR 0-jonew-judis-17235-13d4e2.md: CausalDAG.add_fact() got an unexpected keyword argument 'content'
  ERROR 0-jonew-judis-17243-38cf6a.md: CausalDAG.add_fact() got an unexpected keyword argument 'content'
  ERROR 0-jonew-judis-17244-17f158.md: CausalDAG.add_fact() got an unexpected keyword argument 'content'
  ERROR 0-jonew-judis-17247-db612d.md: CausalDAG.add_fact() got an unexpected keyword argument 'content'
  ERROR 0-jonew-judis-17249-ba0d02.md: CausalDAG.add_fact() got an unexpected keyword argument 'content'
  ERROR 0-jonew-judis-17271-01381a.md: CausalDAG.add_fact() got an unexpected keyword argument 'content'
  ERROR 0-jonew-judis-17273-366584.md: CausalDAG.add_fact() got an unexpected keyword argument 'content'
  ERROR 0-jonew-judis-17275-41e2fa.md: CausalDAG.add_fact() got an unexpected keyword argument 'content'
  ERROR 0-jonew-judis-17690-d10836.md: CausalDAG.add_fact() got an unexpected keyword argument 'content'
  ERROR 0-jonew-judis-17902-d9f7c0.md: CausalDAG.add_fact() got an unexpected keyword argument 'content'
  ERROR 0-jonew-judis-18069-186bf3.md: CausalDAG.add_fact() got an unexpected keyword argument 'content'
  ERROR 0-jonew-judis-18393-80dab5.md: CausalDAG.add_fact() got an unexpected keyword argument 'content'
  ERROR 0-jonew-judis-18551-0b6476.md: CausalDAG.add_fact() got an unexpected keyword argument 'content'
  ERROR 0-jonew-judis-18595-50c217.md: CausalDAG.add_fact() got an unexpected keyword argument 'content'
  ERROR 0-jonew-judis-1869-1c567c.md: CausalDAG.add_fact() got an unexpected keyword argument 'content'
  ERROR 0-jonew-judis-1870-33ac89.md: CausalDAG.add_fact() got an unexpected keyword argument 'content'
  ERROR 0-jonew-judis-18901-823d6e.md: CausalDAG.add_fact() got an unexpected keyword argument 'content'
  ERROR 0-jonew-judis-19058-c24ffa.md: CausalDAG.add_fact() got an unexpected keyword argument 'content'
  ERROR 0-jonew-judis-19071-0a3256.md: CausalDAG.add_fact() got an unexpected keyword argument 'content'
  ERROR 0-jonew-judis-1912-b354df.md: CausalDAG.add_fact() got an unexpected keyword argument 'content'
  ERROR 0-jonew-judis-19128-1aa4f6.md: CausalDAG.add_fact() got an unexpected keyword argument 'content'
  ERROR 0-jonew-judis-1918-9393e1.md: CausalDAG.add_fact() got an unexpected keyword argument 'content'
  ERROR 0-jonew-judis-204-50025c.md: CausalDAG.add_fact() got an unexpected keyword argument 'content'
  ERROR 0-jonew-judis-2084-2084ec.md: CausalDAG.add_fact() got an unexpected keyword argument 'content'
  ERROR 0-jonew-judis-2250-fff524.md: CausalDAG.add_fact() got an unexpected keyword argument 'content'
  ERROR 0-jonew-judis-232-a8b602.md: CausalDAG.add_fact() got an unexpected keyword argument 'content'
  ERROR 0-jonew-judis-233-4bdfc7.md: CausalDAG.add_fact() got an unexpected keyword argument 'content'
  ERROR 0-jonew-judis-2396-2c0572.md: CausalDAG.add_fact() got an unexpected keyword argument 'content'
  ERROR 0-jonew-judis-25918-920cd6.md: CausalDAG.add_fact() got an unexpected keyword argument 'content'
  ERROR 0-jonew-judis-26658-9a95fb.md: CausalDAG.add_fact() got an unexpected keyword argument 'content'
  ERROR 0-jonew-judis-26817-d82921.md: CausalDAG.add_fact() got an unexpected keyword argument 'content'
  ERROR 0-jonew-judis-2717-fbb16f.md: CausalDAG.add_fact() got an unexpected keyword argument 'content'
  ERROR 0-jonew-judis-27370-da4451.md: CausalDAG.add_fact() got an unexpected keyword argument 'content'
  ERROR 0-jonew-judis-286-93d34b.md: CausalDAG.add_fact() got an unexpected keyword argument 'content'
  ERROR 0-jonew-judis-287-c00375.md: CausalDAG.add_fact() got an unexpected keyword argument 'content'
  ERROR 0-jonew-judis-2877-722af0.md: CausalDAG.add_fact() got an unexpected keyword argument 'content'
  ERROR 0-jonew-judis-3164-b8a791.md: CausalDAG.add_fact() got an unexpected keyword argument 'content'
  ERROR 0-jonew-judis-3192-aa97f7.md: CausalDAG.add_fact() got an unexpected keyword argument 'content'
  ERROR 0-jonew-judis-3358-25f8cf.md: CausalDAG.add_fact() got an unexpected keyword argument 'content'
  ERROR 0-jonew-judis-3368-7a64a9.md: CausalDAG.add_fact() got an unexpected keyword argument 'content'
  ERROR 0-jonew-judis-3524-158afd.md: CausalDAG.add_fact() got an unexpected keyword argument 'content'
  ERROR 0-jonew-judis-3547-664b89.md: CausalDAG.add_fact() got an unexpected keyword argument 'content'
  ERROR 0-jonew-judis-3548-42efd5.md: CausalDAG.add_fact() got an unexpected keyword argument 'content'
  ERROR 0-jonew-judis-3575-5d8965.md: CausalDAG.add_fact() got an unexpected keyword argument 'content'
  ERROR 0-jonew-judis-3625-207241.md: CausalDAG.add_fact() got an unexpected keyword argument 'content'
  ERROR 0-jonew-judis-3773-acb533.md: CausalDAG.add_fact() got an unexpected keyword argument 'content'
  ERROR 0-jonew-judis-378-1ea100.md: CausalDAG.add_fact() got an unexpected keyword argument 'content'
  ERROR 0-jonew-judis-3802-e4e84c.md: CausalDAG.add_fact() got an unexpected keyword argument 'content'
  ERROR 0-jonew-judis-4017-f8e8e2.md: CausalDAG.add_fact() got an unexpected keyword argument 'content'
  ERROR 0-jonew-judis-4046-79248c.md: CausalDAG.add_fact() got an unexpected keyword argument 'content'
  ERROR 0-jonew-judis-4089-125904.md: CausalDAG.add_fact() got an unexpected keyword argument 'content'
  ERROR 0-jonew-judis-4107-87b1ad.md: CausalDAG.add_fact() got an unexpected keyword argument 'content'
  ERROR 0-jonew-judis-4109-9be66e.md: CausalDAG.add_fact() got an unexpected keyword argument 'content'
  ERROR 0-jonew-judis-4190-cc9485.md: CausalDAG.add_fact() got an unexpected keyword argument 'content'
  ERROR 0-jonew-judis-4271-4bf7d8.md: CausalDAG.add_fact() got an unexpected keyword argument 'content'
  ERROR 0-jonew-judis-4277-365001.md: CausalDAG.add_fact() got an unexpected keyword argument 'content'
  ERROR 0-jonew-judis-4388-7cd5a9.md: CausalDAG.add_fact() got an unexpected keyword argument 'content'
  ERROR 0-jonew-judis-4691-c72090.md: CausalDAG.add_fact() got an unexpected keyword argument 'content'
  ERROR 0-jonew-judis-4727-b69e3d.md: CausalDAG.add_fact() got an unexpected keyword argument 'content'
  ERROR 0-jonew-judis-4739-0978a5.md: CausalDAG.add_fact() got an unexpected keyword argument 'content'
  ERROR 0-jonew-judis-4778-7deab0.md: CausalDAG.add_fact() got an unexpected keyword argument 'content'
  ERROR 0-jonew-judis-4829-9503d8.md: CausalDAG.add_fact() got an unexpected keyword argument 'content'
  ERROR 0-jonew-judis-4839-8c94ef.md: CausalDAG.add_fact() got an unexpected keyword argument 'content'
  ERROR 0-jonew-judis-4855-fc6fe0.md: CausalDAG.add_fact() got an unexpected keyword argument 'content'
  ERROR 0-jonew-judis-4859-5c3d76.md: CausalDAG.add_fact() got an unexpected keyword argument 'content'
  ERROR 0-jonew-judis-4879-d74720.md: CausalDAG.add_fact() got an unexpected keyword argument 'content'
  ERROR 0-jonew-judis-4900-602984.md: CausalDAG.add_fact() got an unexpected keyword argument 'content'
  ERROR 0-jonew-judis-4901-131e87.md: CausalDAG.add_fact() got an unexpected keyword argument 'content'
  ERROR 0-jonew-judis-4908-101081.md: CausalDAG.add_fact() got an unexpected keyword argument 'content'
  ERROR 0-jonew-judis-4924-ce70ae.md: CausalDAG.add_fact() got an unexpected keyword argument 'content'
  ERROR 0-jonew-judis-4969-66d194.md: CausalDAG.add_fact() got an unexpected keyword argument 'content'
  ERROR 0-jonew-judis-5035-eef4f0.md: CausalDAG.add_fact() got an unexpected keyword argument 'content'
  ERROR 0-jonew-judis-5045-6d4dd1.md: CausalDAG.add_fact() got an unexpected keyword argument 'content'
  ERROR 0-jonew-judis-5048-020bca.md: CausalDAG.add_fact() got an unexpected keyword argument 'content'
  ERROR 0-jonew-judis-5086-59a0de.md: CausalDAG.add_fact() got an unexpected keyword argument 'content'
  ERROR 0-jonew-judis-5128-18f122.md: CausalDAG.add_fact() got an unexpected keyword argument 'content'
  ERROR 0-jonew-judis-5130-e153a7.md: CausalDAG.add_fact() got an unexpected keyword argument 'content'
  ERROR 0-jonew-judis-5162-3806bb.md: CausalDAG.add_fact() got an unexpected keyword argument 'content'
  ERROR 0-jonew-judis-517-3f584e.md: CausalDAG.add_fact() got an unexpected keyword argument 'content'
  ERROR 0-jonew-judis-5201-d67752.md: CausalDAG.add_fact() got an unexpected keyword argument 'content'
  ERROR 0-jonew-judis-5238-66fbc9.md: CausalDAG.add_fact() got an unexpected keyword argument 'content'
  ERROR 0-jonew-judis-5303-65e5f6.md: CausalDAG.add_fact() got an unexpected keyword argument 'content'
  ERROR 0-jonew-judis-5317-ccd2f9.md: CausalDAG.add_fact() got an unexpected keyword argument 'content'
  ERROR 0-jonew-judis-5345-c77892.md: CausalDAG.add_fact() got an unexpected keyword argument 'content'
  ERROR 0-jonew-judis-540-54b427.md: CausalDAG.add_fact() got an unexpected keyword argument 'content'
  ERROR 0-jonew-judis-543-b8c97d.md: CausalDAG.add_fact() got an unexpected keyword argument 'content'
  ERROR 0-jonew-judis-551-5a1c19.md: CausalDAG.add_fact() got an unexpected keyword argument 'content'
  ERROR 0-jonew-judis-5568-dcb562.md: CausalDAG.add_fact() got an unexpected keyword argument 'content'
  ERROR 0-jonew-judis-5621-ff34af.md: CausalDAG.add_fact() got an unexpected keyword argument 'content'
  ERROR 0-jonew-judis-5665-54e1df.md: CausalDAG.add_fact() got an unexpected keyword argument 'content'
  ERROR 0-jonew-judis-5734-a7f533.md: CausalDAG.add_fact() got an unexpected keyword argument 'content'
  ERROR 0-jonew-judis-5778-0c413c.md: CausalDAG.add_fact() got an unexpected keyword argument 'content'
  ERROR 0-jonew-judis-5846-1b2f19.md: CausalDAG.add_fact() got an unexpected keyword argument 'content'
  ERROR 0-jonew-judis-5857-7502c8.md: CausalDAG.add_fact() got an unexpected keyword argument 'content'
  ERROR 0-jonew-judis-5860-aa2dc5.md: CausalDAG.add_fact() got an unexpected keyword argument 'content'
  ERROR 0-jonew-judis-5912-975700.md: CausalDAG.add_fact() got an unexpected keyword argument 'content'
  ERROR 0-jonew-judis-5930-402de1.md: CausalDAG.add_fact() got an unexpected keyword argument 'content'
  ERROR 0-jonew-judis-6002-5ac6d6.md: CausalDAG.add_fact() got an unexpected keyword argument 'content'
  ERROR 0-jonew-judis-602-6ee3bd.md: CausalDAG.add_fact() got an unexpected keyword argument 'content'
  ERROR 0-jonew-judis-6021-5fa89b.md: CausalDAG.add_fact() got an unexpected keyword argument 'content'
  ERROR 0-jonew-judis-6080-30facd.md: CausalDAG.add_fact() got an unexpected keyword argument 'content'
  ERROR 0-jonew-judis-6097-04709a.md: CausalDAG.add_fact() got an unexpected keyword argument 'content'
  ERROR 0-jonew-judis-6141-83976f.md: CausalDAG.add_fact() got an unexpected keyword argument 'content'
  ERROR 0-jonew-judis-6163-9f11cb.md: CausalDAG.add_fact() got an unexpected keyword argument 'content'
  ERROR 0-jonew-judis-6178-9904b4.md: CausalDAG.add_fact() got an unexpected keyword argument 'content'
  ERROR 0-jonew-judis-6213-163e81.md: CausalDAG.add_fact() got an unexpected keyword argument 'content'
  ERROR 0-jonew-judis-6241-dfe4b7.md: CausalDAG.add_fact() got an unexpected keyword argument 'content'
  ERROR 0-jonew-judis-6247-442303.md: CausalDAG.add_fact() got an unexpected keyword argument 'content'
  ERROR 0-jonew-judis-6248-a5e1dd.md: CausalDAG.add_fact() got an unexpected keyword argument 'content'
  ERROR 0-jonew-judis-6255-7ca745.md: CausalDAG.add_fact() got an unexpected keyword argument 'content'
  ERROR 0-jonew-judis-6320-a71b2e.md: CausalDAG.add_fact() got an unexpected keyword argument 'content'
  ERROR 0-jonew-judis-6325-d453c7.md: CausalDAG.add_fact() got an unexpected keyword argument 'content'
  ERROR 0-jonew-judis-6359-cfaf14.md: CausalDAG.add_fact() got an unexpected keyword argument 'content'
  ERROR 0-jonew-judis-6360-737afd.md: CausalDAG.add_fact() got an unexpected keyword argument 'content'
  ERROR 0-jonew-judis-6391-a1dc6d.md: CausalDAG.add_fact() got an unexpected keyword argument 'content'
  ERROR 0-jonew-judis-6396-5dd1f4.md: CausalDAG.add_fact() got an unexpected keyword argument 'content'
  ERROR 0-jonew-judis-6420-2e909c.md: CausalDAG.add_fact() got an unexpected keyword argument 'content'
  ERROR 0-jonew-judis-6421-ca023e.md: CausalDAG.add_fact() got an unexpected keyword argument 'content'
  ERROR 0-jonew-judis-6454-03bbe8.md: CausalDAG.add_fact() got an unexpected keyword argument 'content'
  ERROR 0-jonew-judis-6455-b057a1.md: CausalDAG.add_fact() got an unexpected keyword argument 'content'
  ERROR 0-jonew-judis-6462-a1011d.md: CausalDAG.add_fact() got an unexpected keyword argument 'content'
  ERROR 0-jonew-judis-6494-f71ce9.md: CausalDAG.add_fact() got an unexpected keyword argument 'content'
  ERROR 0-jonew-judis-6534-41a45b.md: CausalDAG.add_fact() got an unexpected keyword argument 'content'
  ERROR 0-jonew-judis-6536-3aafe5.md: CausalDAG.add_fact() got an unexpected keyword argument 'content'
  ERROR 0-jonew-judis-6538-cc1b3a.md: CausalDAG.add_fact() got an unexpected keyword argument 'content'
  ERROR 0-jonew-judis-6540-98d67b.md: CausalDAG.add_fact() got an unexpected keyword argument 'content'
  ERROR 0-jonew-judis-6555-7b64f7.md: CausalDAG.add_fact() got an unexpected keyword argument 'content'
  ERROR 0-jonew-judis-6562-5a505b.md: CausalDAG.add_fact() got an unexpected keyword argument 'content'
  ERROR 0-jonew-judis-6567-fa6c42.md: CausalDAG.add_fact() got an unexpected keyword argument 'content'
  ERROR 0-jonew-judis-6570-999f38.md: CausalDAG.add_fact() got an unexpected keyword argument 'content'
  ERROR 0-jonew-judis-6578-a90cf6.md: CausalDAG.add_fact() got an unexpected keyword argument 'content'
  ERROR 0-jonew-judis-6579-02704d.md: CausalDAG.add_fact() got an unexpected keyword argument 'content'
  ERROR 0-jonew-judis-6587-c8f450.md: CausalDAG.add_fact() got an unexpected keyword argument 'content'
  ERROR 0-jonew-judis-6622-9703bb.md: CausalDAG.add_fact() got an unexpected keyword argument 'content'
  ERROR 0-jonew-judis-6628-7b2779.md: CausalDAG.add_fact() got an unexpected keyword argument 'content'
  ERROR 0-jonew-judis-6629-37cd75.md: CausalDAG.add_fact() got an unexpected keyword argument 'content'
  ERROR 0-jonew-judis-6632-76168e.md: CausalDAG.add_fact() got an unexpected keyword argument 'content'
  ERROR 0-jonew-judis-6633-db658b.md: CausalDAG.add_fact() got an unexpected keyword argument 'content'
  ERROR 0-jonew-judis-6642-659462.md: CausalDAG.add_fact() got an unexpected keyword argument 'content'
  ERROR 0-jonew-judis-6645-b3d986.md: CausalDAG.add_fact() got an unexpected keyword argument 'content'
  ERROR 0-jonew-judis-6653-eccd44.md: CausalDAG.add_fact() got an unexpected keyword argument 'content'
  ERROR 0-jonew-judis-6662-e98b71.md: CausalDAG.add_fact() got an unexpected keyword argument 'content'
  ERROR 0-jonew-judis-6664-9d4251.md: CausalDAG.add_fact() got an unexpected keyword argument 'content'
  ERROR 0-jonew-judis-6670-e03c29.md: CausalDAG.add_fact() got an unexpected keyword argument 'content'
  ERROR 0-jonew-judis-6675-18009a.md: CausalDAG.add_fact() got an unexpected keyword argument 'content'
  ERROR 0-jonew-judis-6677-0fb678.md: CausalDAG.add_fact() got an unexpected keyword argument 'content'
  ERROR 0-jonew-judis-6697-91d806.md: CausalDAG.add_fact() got an unexpected keyword argument 'content'
  ERROR 0-jonew-judis-6711-0036fc.md: CausalDAG.add_fact() got an unexpected keyword argument 'content'
  ERROR 0-jonew-judis-6713-1b0339.md: CausalDAG.add_fact() got an unexpected keyword argument 'content'
  ERROR 0-jonew-judis-6720-05cb84.md: CausalDAG.add_fact() got an unexpected keyword argument 'content'
  ERROR 0-jonew-judis-6725-ee8435.md: CausalDAG.add_fact() got an unexpected keyword argument 'content'
  ERROR 0-jonew-judis-6742-eb75c9.md: CausalDAG.add_fact() got an unexpected keyword argument 'content'
  ERROR 0-jonew-judis-6759-daa2cb.md: CausalDAG.add_fact() got an unexpected keyword argument 'content'
  ERROR 0-jonew-judis-6767-7fc32b.md: CausalDAG.add_fact() got an unexpected keyword argument 'content'
  ERROR 0-jonew-judis-6772-07eae6.md: CausalDAG.add_fact() got an unexpected keyword argument 'content'
  ERROR 0-jonew-judis-6816-4131a8.md: CausalDAG.add_fact() got an unexpected keyword argument 'content'
  ERROR 0-jonew-judis-6841-857e7b.md: CausalDAG.add_fact() got an unexpected keyword argument 'content'
  ERROR 0-jonew-judis-6847-f99302.md: CausalDAG.add_fact() got an unexpected keyword argument 'content'
  ERROR 0-jonew-judis-6859-0c0d21.md: CausalDAG.add_fact() got an unexpected keyword argument 'content'
  ERROR 0-jonew-judis-6862-3a51d9.md: CausalDAG.add_fact() got an unexpected keyword argument 'content'
  ERROR 0-jonew-judis-6864-14b072.md: CausalDAG.add_fact() got an unexpected keyword argument 'content'
  ERROR 0-jonew-judis-6880-3e3d31.md: CausalDAG.add_fact() got an unexpected keyword argument 'content'
  ERROR 0-jonew-judis-6890-e1b06e.md: CausalDAG.add_fact() got an unexpected keyword argument 'content'
  ERROR 0-jonew-judis-6892-0820bc.md: CausalDAG.add_fact() got an unexpected keyword argument 'content'
  ERROR 0-jonew-judis-6900-86ff5a.md: CausalDAG.add_fact() got an unexpected keyword argument 'content'
  ERROR 0-jonew-judis-6920-1e0226.md: CausalDAG.add_fact() got an unexpected keyword argument 'content'
  ERROR 0-jonew-judis-6926-c792e4.md: CausalDAG.add_fact() got an unexpected keyword argument 'content'
  ERROR 0-jonew-judis-693-99b8ee.md: CausalDAG.add_fact() got an unexpected keyword argument 'content'
  ERROR 0-jonew-judis-6940-3f26ac.md: CausalDAG.add_fact() got an unexpected keyword argument 'content'
  ERROR 0-jonew-judis-6994-7b2cbd.md: CausalDAG.add_fact() got an unexpected keyword argument 'content'
  ERROR 0-jonew-judis-7001-4ba575.md: CausalDAG.add_fact() got an unexpected keyword argument 'content'
  ERROR 0-jonew-judis-7002-2701cf.md: CausalDAG.add_fact() got an unexpected keyword argument 'content'
  ERROR 0-jonew-judis-7008-0e2bb4.md: CausalDAG.add_fact() got an unexpected keyword argument 'content'
  ERROR 0-jonew-judis-7011-81fa8d.md: CausalDAG.add_fact() got an unexpected keyword argument 'content'
  ERROR 0-jonew-judis-7013-742598.md: CausalDAG.add_fact() got an unexpected keyword argument 'content'
  ERROR 0-jonew-judis-7018-ae9cf0.md: CausalDAG.add_fact() got an unexpected keyword argument 'content'
  ERROR 0-jonew-judis-7028-cee5f3.md: CausalDAG.add_fact() got an unexpected keyword argument 'content'
  ERROR 0-jonew-judis-7030-048911.md: CausalDAG.add_fact() got an unexpected keyword argument 'content'
  ERROR 0-jonew-judis-7031-ba81d7.md: CausalDAG.add_fact() got an unexpected keyword argument 'content'
  ERROR 0-jonew-judis-7033-07c134.md: CausalDAG.add_fact() got an unexpected keyword argument 'content'
  ERROR 0-jonew-judis-7034-a8651a.md: CausalDAG.add_fact() got an unexpected keyword argument 'content'
  ERROR 0-jonew-judis-7048-191ef2.md: CausalDAG.add_fact() got an unexpected keyword argument 'content'
  ERROR 0-jonew-judis-7055-6f2471.md: CausalDAG.add_fact() got an unexpected keyword argument 'content'
  ERROR 0-jonew-judis-7058-8d216c.md: CausalDAG.add_fact() got an unexpected keyword argument 'content'
  ERROR 0-jonew-judis-7062-d74456.md: CausalDAG.add_fact() got an unexpected keyword argument 'content'
  ERROR 0-jonew-judis-7065-879dab.md: CausalDAG.add_fact() got an unexpected keyword argument 'content'
  ERROR 0-jonew-judis-7068-32caf6.md: CausalDAG.add_fact() got an unexpected keyword argument 'content'
  ERROR 0-jonew-judis-7073-81eccb.md: CausalDAG.add_fact() got an unexpected keyword argument 'content'
  ERROR 0-jonew-judis-7108-a20d1c.md: CausalDAG.add_fact() got an unexpected keyword argument 'content'
  ERROR 0-jonew-judis-7119-db0eb2.md: CausalDAG.add_fact() got an unexpected keyword argument 'content'
  ERROR 0-jonew-judis-712-9e151d.md: CausalDAG.add_fact() got an unexpected keyword argument 'content'
  ERROR 0-jonew-judis-7129-7e853e.md: CausalDAG.add_fact() got an unexpected keyword argument 'content'
  ERROR 0-jonew-judis-714-4f7970.md: CausalDAG.add_fact() got an unexpected keyword argument 'content'
  ERROR 0-jonew-judis-7157-4aa491.md: CausalDAG.add_fact() got an unexpected keyword argument 'content'
  ERROR 0-jonew-judis-7178-e2ab16.md: CausalDAG.add_fact() got an unexpected keyword argument 'content'
  ERROR 0-jonew-judis-7207-8d78d0.md: CausalDAG.add_fact() got an unexpected keyword argument 'content'
  ERROR 0-jonew-judis-7208-2a68ad.md: CausalDAG.add_fact() got an unexpected keyword argument 'content'
  ERROR 0-jonew-judis-721-3a1cb6.md: CausalDAG.add_fact() got an unexpected keyword argument 'content'
  ERROR 0-jonew-judis-7217-67639b.md: CausalDAG.add_fact() got an unexpected keyword argument 'content'
  ERROR 0-jonew-judis-7226-0a5689.md: CausalDAG.add_fact() got an unexpected keyword argument 'content'
  ERROR 0-jonew-judis-7247-3731e1.md: CausalDAG.add_fact() got an unexpected keyword argument 'content'
  ERROR 0-jonew-judis-7249-8eae6b.md: CausalDAG.add_fact() got an unexpected keyword argument 'content'
  ERROR 0-jonew-judis-7252-f9ab54.md: CausalDAG.add_fact() got an unexpected keyword argument 'content'
  ERROR 0-jonew-judis-7267-8148ad.md: CausalDAG.add_fact() got an unexpected keyword argument 'content'
  ERROR 0-jonew-judis-7275-d177f4.md: CausalDAG.add_fact() got an unexpected keyword argument 'content'
  ERROR 0-jonew-judis-7286-411795.md: CausalDAG.add_fact() got an unexpected keyword argument 'content'
  ERROR 0-jonew-judis-7510-ad270d.md: CausalDAG.add_fact() got an unexpected keyword argument 'content'
  ERROR 0-jonew-judis-7517-d506e3.md: CausalDAG.add_fact() got an unexpected keyword argument 'content'
  ERROR 0-jonew-judis-7576-0398f2.md: CausalDAG.add_fact() got an unexpected keyword argument 'content'
  ERROR 0-jonew-judis-764-37623f.md: CausalDAG.add_fact() got an unexpected keyword argument 'content'
  ERROR 0-jonew-judis-766-ae2eb1.md: CausalDAG.add_fact() got an unexpected keyword argument 'content'
  ERROR 0-jonew-judis-767-39c544.md: CausalDAG.add_fact() got an unexpected keyword argument 'content'
  ERROR 0-jonew-judis-7696-90df41.md: CausalDAG.add_fact() got an unexpected keyword argument 'content'
  ERROR 0-jonew-judis-786-34f9a2.md: CausalDAG.add_fact() got an unexpected keyword argument 'content'
  ERROR 0-jonew-judis-7999-44b42d.md: CausalDAG.add_fact() got an unexpected keyword argument 'content'
  ERROR 0-jonew-judis-819-8b963f.md: CausalDAG.add_fact() got an unexpected keyword argument 'content'
  ERROR 0-jonew-judis-825-177d09.md: CausalDAG.add_fact() got an unexpected keyword argument 'content'
  ERROR 0-jonew-judis-830-adeae9.md: CausalDAG.add_fact() got an unexpected keyword argument 'content'
  ERROR 0-jonew-judis-8319-cb527a.md: CausalDAG.add_fact() got an unexpected keyword argument 'content'
  ERROR 0-jonew-judis-835-01e845.md: CausalDAG.add_fact() got an unexpected keyword argument 'content'
  ERROR 0-jonew-judis-8352-c79339.md: CausalDAG.add_fact() got an unexpected keyword argument 'content'
  ERROR 0-jonew-judis-859-d90c03.md: CausalDAG.add_fact() got an unexpected keyword argument 'content'
  ERROR 0-jonew-judis-879-71adf4.md: CausalDAG.add_fact() got an unexpected keyword argument 'content'
  ERROR 0-jonew-judis-881-ff3854.md: CausalDAG.add_fact() got an unexpected keyword argument 'content'
  ERROR 0-jonew-judis-886-76a52c.md: CausalDAG.add_fact() got an unexpected keyword argument 'content'
  ERROR 0-jonew-judis-8956-fafb2b.md: CausalDAG.add_fact() got an unexpected keyword argument 'content'
  ERROR 0-jonew-judis-896-2dcb37.md: CausalDAG.add_fact() got an unexpected keyword argument 'content'
  ERROR 0-jonew-judis-8978-69c4b9.md: CausalDAG.add_fact() got an unexpected keyword argument 'content'
  ERROR 0-jonew-judis-902-748b1c.md: CausalDAG.add_fact() got an unexpected keyword argument 'content'
  ERROR 0-jonew-judis-919-f8e380.md: CausalDAG.add_fact() got an unexpected keyword argument 'content'
  ERROR 0-jonew-judis-9251-cdf2cb.md: CausalDAG.add_fact() got an unexpected keyword argument 'content'
  ERROR 0-jonew-judis-9297-d5d623.md: CausalDAG.add_fact() got an unexpected keyword argument 'content'
  ERROR 0-jonew-judis-9749-87ac88.md: CausalDAG.add_fact() got an unexpected keyword argument 'content'
  ERROR 0-jonew-judis-9787-684667.md: CausalDAG.add_fact() got an unexpected keyword argument 'content'
  ERROR 0-jonew-judis-9839-3809e0.md: CausalDAG.add_fact() got an unexpected keyword argument 'content'
  ERROR 0-jonew-judis-9896-901ef2.md: CausalDAG.add_fact() got an unexpected keyword argument 'content'
  ERROR 0-jonew-judis-9939-38a0ad.md: CausalDAG.add_fact() got an unexpected keyword argument 'content'
  ERROR 1-0098-jonew-judis-10289-4aed93.md: CausalDAG.add_fact() got an unexpected keyword argument 'content'
  ERROR 1-0138-jonew-judis-20319-93779c.md: CausalDAG.add_fact() got an unexpected keyword argument 'content'
  ERROR 1-0198-jonew-judis-13070-fc7eb9.md: CausalDAG.add_fact() got an unexpected keyword argument 'content'
  ERROR 1-0278-jonew-judis-12067-ef0af9.md: CausalDAG.add_fact() got an unexpected keyword argument 'content'
  ERROR 1-0508-jonew-judis-16805-955891.md: CausalDAG.add_fact() got an unexpected keyword argument 'content'
  ERROR 1-0528-jonew-judis-10509-a65efb.md: CausalDAG.add_fact() got an unexpected keyword argument 'content'
  ERROR 1-0718-jonew-judis-13126-9170c8.md: CausalDAG.add_fact() got an unexpected keyword argument 'content'
  ERROR 1-0768-jonew-judis-13113-05a829.md: CausalDAG.add_fact() got an unexpected keyword argument 'content'
  ERROR 1-0858-jonew-judis-13801-2903ed.md: CausalDAG.add_fact() got an unexpected keyword argument 'content'
  ERROR 1-0868-jonew-judis-16916-d182fe.md: CausalDAG.add_fact() got an unexpected keyword argument 'content'
  ERROR 1-0948-jonew-judis-12228-aeee65.md: CausalDAG.add_fact() got an unexpected keyword argument 'content'
  ERROR 1-0988-jonew-judis-18489-6fae71.md: CausalDAG.add_fact() got an unexpected keyword argument 'content'
  ERROR 1-1048-jonew-judis-11671-927e38.md: CausalDAG.add_fact() got an unexpected keyword argument 'content'
  ERROR 1-1098-jonew-judis-13480-e96791.md: CausalDAG.add_fact() got an unexpected keyword argument 'content'
  ERROR 1-1148-jonew-judis-18283-fa46da.md: CausalDAG.add_fact() got an unexpected keyword argument 'content'
  ERROR 1-1198-jonew-judis-13396-37a575.md: CausalDAG.add_fact() got an unexpected keyword argument 'content'
  ERROR 1-1258-jonew-judis-15353-a16c05.md: CausalDAG.add_fact() got an unexpected keyword argument 'content'
  ERROR 1-1278-jonew-judis-11069-1a2c23.md: CausalDAG.add_fact() got an unexpected keyword argument 'content'
  ERROR 1-1348-jonew-judis-12231-f94428.md: CausalDAG.add_fact() got an unexpected keyword argument 'content'
  ERROR 1-1418-jonew-judis-17692-2660b5.md: CausalDAG.add_fact() got an unexpected keyword argument 'content'
  ERROR 1-1518-jonew-judis-11966-d4e33e.md: CausalDAG.add_fact() got an unexpected keyword argument 'content'
  ERROR 1-1528-jonew-judis-15107-dfa2c0.md: CausalDAG.add_fact() got an unexpected keyword argument 'content'
  ERROR 1-1538-jonew-judis-11997-10c08e.md: CausalDAG.add_fact() got an unexpected keyword argument 'content'
  ERROR 1-1798-jonew-judis-12167-58cbc8.md: CausalDAG.add_fact() got an unexpected keyword argument 'content'
  ERROR 1-1818-jonew-judis-12187-e9c8b1.md: CausalDAG.add_fact() got an unexpected keyword argument 'content'
  ERROR 1-1828-jonew-judis-12156-c71893.md: CausalDAG.add_fact() got an unexpected keyword argument 'content'
  ERROR 1-1918-jonew-judis-12019-8a888e.md: CausalDAG.add_fact() got an unexpected keyword argument 'content'
  ERROR 1-1928-jonew-judis-12063-4715ff.md: CausalDAG.add_fact() got an unexpected keyword argument 'content'
  ERROR 1-1948-jonew-judis-1198-548eed.md: CausalDAG.add_fact() got an unexpected keyword argument 'content'
  ERROR 1-1949-jonew-judis-1199-ad695a.md: CausalDAG.add_fact() got an unexpected keyword argument 'content'
  ERROR 1-1951-jonew-judis-1194-c2eb06.md: CausalDAG.add_fact() got an unexpected keyword argument 'content'
  ERROR 1-1952-jonew-judis-133-0aab81.md: CausalDAG.add_fact() got an unexpected keyword argument 'content'
  ERROR 1-1955-jonew-judis-124-fbd771.md: CausalDAG.add_fact() got an unexpected keyword argument 'content'
  ERROR 1-1956-jonew-judis-125-02541c.md: CausalDAG.add_fact() got an unexpected keyword argument 'content'
  ERROR 1-1958-jonew-judis-1-2af6d6.md: CausalDAG.add_fact() got an unexpected keyword argument 'content'
  ERROR 1-1959-jonew-judis-129-fa515c.md: CausalDAG.add_fact() got an unexpected keyword argument 'content'
  ERROR 1-1960-jonew-judis-127-551729.md: CausalDAG.add_fact() got an unexpected keyword argument 'content'
  ERROR 1-1961-jonew-judis-4232-b92afa.md: CausalDAG.add_fact() got an unexpected keyword argument 'content'
  ERROR 1-1962-jonew-judis-203-8f0459.md: CausalDAG.add_fact() got an unexpected keyword argument 'content'
  ERROR 1-1963-jonew-judis-3079-f9b506.md: CausalDAG.add_fact() got an unexpected keyword argument 'content'
  ERROR 1-1965-jonew-judis-1570-ddaab4.md: CausalDAG.add_fact() got an unexpected keyword argument 'content'
  ERROR 1-1967-jonew-judis-1536-174c4c.md: CausalDAG.add_fact() got an unexpected keyword argument 'content'
  ERROR 1-1988-jonew-judis-12016-028177.md: CausalDAG.add_fact() got an unexpected keyword argument 'content'
  ERROR 1-2028-jonew-judis-18949-9f0ffc.md: CausalDAG.add_fact() got an unexpected keyword argument 'content'
  ERROR 1-2148-jonew-judis-12058-ee03b3.md: CausalDAG.add_fact() got an unexpected keyword argument 'content'
  ERROR 1-2238-jonew-judis-12248-f48434.md: CausalDAG.add_fact() got an unexpected keyword argument 'content'
  ERROR 1-2428-jonew-judis-12256-09ef3b.md: CausalDAG.add_fact() got an unexpected keyword argument 'content'
  ERROR 1-2748-jonew-judis-12099-b0e09e.md: CausalDAG.add_fact() got an unexpected keyword argument 'content'
  ERROR 1-2938-jonew-judis-12168-746a6a.md: CausalDAG.add_fact() got an unexpected keyword argument 'content'
  ERROR 1-3038-jonew-judis-12210-7b3478.md: CausalDAG.add_fact() got an unexpected keyword argument 'content'
  ERROR 1-3058-jonew-judis-12190-86ba20.md: CausalDAG.add_fact() got an unexpected keyword argument 'content'
  ERROR 1-3148-jonew-judis-12196-d35df0.md: CausalDAG.add_fact() got an unexpected keyword argument 'content'
  ERROR 1-3278-jonew-judis-12050-93062d.md: CausalDAG.add_fact() got an unexpected keyword argument 'content'
  ERROR 1-3518-jonew-judis-12195-93959f.md: CausalDAG.add_fact() got an unexpected keyword argument 'content'
  ERROR 1-3588-jonew-judis-12186-852743.md: CausalDAG.add_fact() got an unexpected keyword argument 'content'
  ERROR 1-3668-jonew-judis-12111-795587.md: CausalDAG.add_fact() got an unexpected keyword argument 'content'
  ERROR 1-3718-jonew-judis-11987-b62593.md: CausalDAG.add_fact() got an unexpected keyword argument 'content'
  ERROR 1-3738-jonew-judis-11980-c5c17e.md: CausalDAG.add_fact() got an unexpected keyword argument 'content'
  ERROR 1-3928-jonew-judis-12036-891fdb.md: CausalDAG.add_fact() got an unexpected keyword argument 'content'
  ERROR 1-4068-jonew-judis-13644-1e9ee6.md: CausalDAG.add_fact() got an unexpected keyword argument 'content'
  ERROR 1-4118-jonew-judis-12017-145e55.md: CausalDAG.add_fact() got an unexpected keyword argument 'content'
  ERROR 1-4178-jonew-judis-12025-82b499.md: CausalDAG.add_fact() got an unexpected keyword argument 'content'
  ERROR 1-4188-jonew-judis-11971-08745b.md: CausalDAG.add_fact() got an unexpected keyword argument 'content'
  ERROR 1-4208-jonew-judis-11976-8f4a34.md: CausalDAG.add_fact() got an unexpected keyword argument 'content'
  ERROR 1-4258-jonew-judis-11963-08277e.md: CausalDAG.add_fact() got an unexpected keyword argument 'content'
  ERROR 1-4308-jonew-judis-12018-8df2b8.md: CausalDAG.add_fact() got an unexpected keyword argument 'content'
  ERROR 1-4368-jonew-judis-11979-5cd4dd.md: CausalDAG.add_fact() got an unexpected keyword argument 'content'
  ERROR 1-4388-jonew-judis-12083-486ccd.md: CausalDAG.add_fact() got an unexpected keyword argument 'content'
  ERROR 1-4458-jonew-judis-16379-c53f90.md: CausalDAG.add_fact() got an unexpected keyword argument 'content'
  ERROR 1-4458-jonew-judis-16383-fa0650.md: CausalDAG.add_fact() got an unexpected keyword argument 'content'
  ERROR 1-4468-jonew-judis-16996-15e893.md: CausalDAG.add_fact() got an unexpected keyword argument 'content'
  ERROR 1-4608-jonew-judis-14924-2b81dd.md: CausalDAG.add_fact() got an unexpected keyword argument 'content'
  ERROR 1-4658-jonew-judis-15848-9ebb80.md: CausalDAG.add_fact() got an unexpected keyword argument 'content'
  ERROR 1-4688-jonew-judis-11998-8f7024.md: CausalDAG.add_fact() got an unexpected keyword argument 'content'
  Batch 2: 1000/20531 docs, 0 facts, 1000 skipped, ETA 10.9m
  ERROR 1-4928-jonew-judis-12116-4f384d.md: CausalDAG.add_fact() got an unexpected keyword argument 'content'
  ERROR 1-5018-jonew-judis-12133-f7e038.md: CausalDAG.add_fact() got an unexpected keyword argument 'content'
  ERROR 1-5048-jonew-judis-12124-8f3264.md: CausalDAG.add_fact() got an unexpected keyword argument 'content'
  ERROR 1-5308-jonew-judis-12142-65e665.md: CausalDAG.add_fact() got an unexpected keyword argument 'content'
  ERROR 1-5448-jonew-judis-12193-b75627.md: CausalDAG.add_fact() got an unexpected keyword argument 'content'
  ERROR 1-5478-jonew-judis-12114-4e9d91.md: CausalDAG.add_fact() got an unexpected keyword argument 'content'
  ERROR 1-5498-jonew-judis-12267-160111.md: CausalDAG.add_fact() got an unexpected keyword argument 'content'
  ERROR 1-5678-jonew-judis-12157-74006e.md: CausalDAG.add_fact() got an unexpected keyword argument 'content'
  ERROR 1-5768-jonew-judis-10726-2e526c.md: CausalDAG.add_fact() got an unexpected keyword argument 'content'
  ERROR 1-5958-jonew-judis-13911-31f11c.md: CausalDAG.add_fact() got an unexpected keyword argument 'content'
  ERROR 1-6068-jonew-judis-5593-fc7631.md: CausalDAG.add_fact() got an unexpected keyword argument 'content'
  ERROR 1-6228-jonew-judis-13486-45eed1.md: CausalDAG.add_fact() got an unexpected keyword argument 'content'
  ERROR 1-6298-jonew-judis-14391-cb81d1.md: CausalDAG.add_fact() got an unexpected keyword argument 'content'
  ERROR 1-6628-jonew-judis-16540-05fbff.md: CausalDAG.add_fact() got an unexpected keyword argument 'content'
  ERROR 1-7418-jonew-judis-14539-b5fa41.md: CausalDAG.add_fact() got an unexpected keyword argument 'content'
  ERROR 1-7418-jonew-judis-9592-d8aefc.md: CausalDAG.add_fact() got an unexpected keyword argument 'content'
  ERROR 1-7668-jonew-judis-14750-6d6b8d.md: CausalDAG.add_fact() got an unexpected keyword argument 'content'
  ERROR 1-8198-jonew-judis-16099-bf5527.md: CausalDAG.add_fact() got an unexpected keyword argument 'content'
  ERROR 1-8208-jonew-judis-13117-7ab6ea.md: CausalDAG.add_fact() got an unexpected keyword argument 'content'
  ERROR 1-8628-jonew-judis-10825-34a4e4.md: CausalDAG.add_fact() got an unexpected keyword argument 'content'
  ERROR 1-8768-jonew-judis-11535-4a4584.md: CausalDAG.add_fact() got an unexpected keyword argument 'content'
  ERROR 1-8878-jonew-judis-14401-5842ed.md: CausalDAG.add_fact() got an unexpected keyword argument 'content'
  ERROR 1-8998-jonew-judis-16990-a054a6.md: CausalDAG.add_fact() got an unexpected keyword argument 'content'
  ERROR 1-9068-jonew-judis-17338-099eaf.md: CausalDAG.add_fact() got an unexpected keyword argument 'content'
  ERROR 1-9098-jonew-judis-14046-913e96.md: CausalDAG.add_fact() got an unexpected keyword argument 'content'
  ERROR 1-9148-jonew-judis-20597-956ade.md: CausalDAG.add_fact() got an unexpected keyword argument 'content'
  ERROR 1-9168-jonew-judis-16457-90b0a8.md: CausalDAG.add_fact() got an unexpected keyword argument 'content'
  ERROR 1-9198-jonew-judis-10826-2e3f9d.md: CausalDAG.add_fact() got an unexpected keyword argument 'content'
  ERROR 1-9208-jonew-judis-10488-909b70.md: CausalDAG.add_fact() got an unexpected keyword argument 'content'
  ERROR 1-9228-jonew-judis-20761-0ba5e2.md: CausalDAG.add_fact() got an unexpected keyword argument 'content'
  ERROR 1-9328-jonew-judis-16305-eddf6f.md: CausalDAG.add_fact() got an unexpected keyword argument 'content'
  ERROR 1-9588-jonew-judis-11884-8a3444.md: CausalDAG.add_fact() got an unexpected keyword argument 'content'
  ERROR 1-copy-of-ehkam-of-nawab-mukhtarul-mulk-67e586.md: CausalDAG.add_fact() got an unexpected keyword argument 'content'
  ERROR 10-1949-jonew-judis-1238-acc61a.md: CausalDAG.add_fact() got an unexpected keyword argument 'content'
  ERROR 10-1950-jonew-judis-1205-75a053.md: CausalDAG.add_fact() got an unexpected keyword argument 'content'
  ERROR 10-1951-jonew-judis-948-4f0a41.md: CausalDAG.add_fact() got an unexpected keyword argument 'content'
  ERROR 10-1952-jonew-judis-887-16b8e3.md: CausalDAG.add_fact() got an unexpected keyword argument 'content'
  ERROR 10-1955-jonew-judis-170-2f7151.md: CausalDAG.add_fact() got an unexpected keyword argument 'content'
  ERROR 10-1956-jonew-judis-174-41d54a.md: CausalDAG.add_fact() got an unexpected keyword argument 'content'
  ERROR 10-1958-jonew-judis-180-5a706e.md: CausalDAG.add_fact() got an unexpected keyword argument 'content'
  ERROR 10-1959-jonew-judis-3-f22d9e.md: CausalDAG.add_fact() got an unexpected keyword argument 'content'
  ERROR 10-1960-jonew-judis-5-416b35.md: CausalDAG.add_fact() got an unexpected keyword argument 'content'
  ERROR 10-1961-jonew-judis-3696-b7f74f.md: CausalDAG.add_fact() got an unexpected keyword argument 'content'
  ERROR 10-1962-jonew-judis-3705-451a5c.md: CausalDAG.add_fact() got an unexpected keyword argument 'content'
  ERROR 10-1963-jonew-judis-3169-fe7b0f.md: CausalDAG.add_fact() got an unexpected keyword argument 'content'
  ERROR 10-1965-jonew-judis-2663-72e2e8.md: CausalDAG.add_fact() got an unexpected keyword argument 'content'
  ERROR 10-1967-jonew-judis-4917-377d80.md: CausalDAG.add_fact() got an unexpected keyword argument 'content'
  ERROR 10-2002-jonew-judis-18630-c24d6a.md: CausalDAG.add_fact() got an unexpected keyword argument 'content'
  ERROR 10-2005-jonew-judis-34742-f90cc8.md: CausalDAG.add_fact() got an unexpected keyword argument 'content'
  ERROR 100-1952-jonew-judis-1108-d7c7ac.md: CausalDAG.add_fact() got an unexpected keyword argument 'content'
  ERROR 100-1955-jonew-judis-665-36cfe3.md: CausalDAG.add_fact() got an unexpected keyword argument 'content'
  ERROR 100-1956-jonew-judis-618-eb6391.md: CausalDAG.add_fact() got an unexpected keyword argument 'content'
  ERROR 100-1958-jonew-judis-384-9bb2f2.md: CausalDAG.add_fact() got an unexpected keyword argument 'content'
  ERROR 100-1959-jonew-judis-4307-58df09.md: CausalDAG.add_fact() got an unexpected keyword argument 'content'
  ERROR 100-1960-jonew-judis-3821-5db492.md: CausalDAG.add_fact() got an unexpected keyword argument 'content'
  ERROR 100-1961-jonew-judis-3960-dcd8f5.md: CausalDAG.add_fact() got an unexpected keyword argument 'content'
  ERROR 100-1962-jonew-judis-3314-a71c88.md: CausalDAG.add_fact() got an unexpected keyword argument 'content'
  ERROR 100-1963-jonew-judis-3373-cb0d62.md: CausalDAG.add_fact() got an unexpected keyword argument 'content'
  ERROR 100-1965-jonew-judis-2966-d48651.md: CausalDAG.add_fact() got an unexpected keyword argument 'content'
  ERROR 100-1967-jonew-judis-2245-925150.md: CausalDAG.add_fact() got an unexpected keyword argument 'content'
  ERROR 10000-1998-jonew-judis-16890-459ae3.md: CausalDAG.add_fact() got an unexpected keyword argument 'content'
  ERROR 10000-2008-supremecourt-2008-10000-10000-2008-judgement-09-may-2-959e03.md: CausalDAG.add_fact() got an unexpected keyword argument 'content'
  ERROR 100003-2005-jonew-judis-26917-773a25.md: CausalDAG.add_fact() got an unexpected keyword argument 'content'
  ERROR 100004-2005-jonew-judis-26871-2ae840.md: CausalDAG.add_fact() got an unexpected keyword argument 'content'
  ERROR 100005-2005-jonew-judis-26841-1f406e.md: CausalDAG.add_fact() got an unexpected keyword argument 'content'
  ERROR 100006-2005-jonew-judis-30106-9d133c.md: CausalDAG.add_fact() got an unexpected keyword argument 'content'
  ERROR 100007-2005-jonew-judis-27305-6d9eb1.md: CausalDAG.add_fact() got an unexpected keyword argument 'content'
  ERROR 100008-2005-jonew-judis-27722-7ad1d7.md: CausalDAG.add_fact() got an unexpected keyword argument 'content'
  ERROR 100009-2005-jonew-judis-27973-223bce.md: CausalDAG.add_fact() got an unexpected keyword argument 'content'
  ERROR 10001-2007-jonew-judis-36371-3fd462.md: CausalDAG.add_fact() got an unexpected keyword argument 'content'
  ERROR 10001-2023-supremecourt-2023-10001-10001-2023-13-1501-43156-judg-165552.md: CausalDAG.add_fact() got an unexpected keyword argument 'content'
  ERROR 100010-2005-jonew-judis-28103-97be5b.md: CausalDAG.add_fact() got an unexpected keyword argument 'content'
  ERROR 100011-2005-jonew-judis-28107-d22676.md: CausalDAG.add_fact() got an unexpected keyword argument 'content'
  ERROR 100012-2005-jonew-judis-28420-42596d.md: CausalDAG.add_fact() got an unexpected keyword argument 'content'
  ERROR 100013-2005-jonew-judis-28580-77695b.md: CausalDAG.add_fact() got an unexpected keyword argument 'content'
  ERROR 100014-2005-jonew-judis-28875-2fffad.md: CausalDAG.add_fact() got an unexpected keyword argument 'content'
  ERROR 100015-2005-jonew-judis-28572-a3912b.md: CausalDAG.add_fact() got an unexpected keyword argument 'content'
  ERROR 100016-2005-jonew-judis-33302-f27deb.md: CausalDAG.add_fact() got an unexpected keyword argument 'content'
  ERROR 100017-2005-jonew-judis-30519-72ed9a.md: CausalDAG.add_fact() got an unexpected keyword argument 'content'
  ERROR 100018-2005-jonew-judis-30631-d4bbba.md: CausalDAG.add_fact() got an unexpected keyword argument 'content'
  ERROR 100019-2005-jonew-judis-30943-964c15.md: CausalDAG.add_fact() got an unexpected keyword argument 'content'
  ERROR 10002-2008-jonew-judis-34459-4a99ae.md: CausalDAG.add_fact() got an unexpected keyword argument 'content'
  ERROR 10002-2023-supremecourt-2023-10002-10002-2023-13-1501-43085-judg-19cacd.md: CausalDAG.add_fact() got an unexpected keyword argument 'content'
  ERROR 100020-2005-jonew-judis-30974-50ade2.md: CausalDAG.add_fact() got an unexpected keyword argument 'content'
  ERROR 100021-2005-jonew-judis-32256-d1cecb.md: CausalDAG.add_fact() got an unexpected keyword argument 'content'
  ERROR 100022-2005-jonew-judis-33943-4654d0.md: CausalDAG.add_fact() got an unexpected keyword argument 'content'
  ERROR 100023-2005-jonew-judis-19813-123b78.md: CausalDAG.add_fact() got an unexpected keyword argument 'content'
  ERROR 100024-2005-jonew-judis-35321-01a4e3.md: CausalDAG.add_fact() got an unexpected keyword argument 'content'
  ERROR 10004-2005-jonew-judis-28397-47d4eb.md: CausalDAG.add_fact() got an unexpected keyword argument 'content'
  ERROR 10006-2003-jonew-judis-29451-ef3b2f.md: CausalDAG.add_fact() got an unexpected keyword argument 'content'
  ERROR 10009-2007-jonew-judis-31314-7adb96.md: CausalDAG.add_fact() got an unexpected keyword argument 'content'
  ERROR 1001-2003-jonew-judis-31809-f195c4.md: CausalDAG.add_fact() got an unexpected keyword argument 'content'
  ERROR 10010-2000-jonew-judis-27052-9d15a6.md: CausalDAG.add_fact() got an unexpected keyword argument 'content'
  ERROR 10012-1998-jonew-judis-26122-42b930.md: CausalDAG.add_fact() got an unexpected keyword argument 'content'
  ERROR 10012-2007-jonew-judis-30410-b67c43.md: CausalDAG.add_fact() got an unexpected keyword argument 'content'
  ERROR 10013-2004-jonew-judis-28832-0aa7db.md: CausalDAG.add_fact() got an unexpected keyword argument 'content'
  ERROR 10014-1995-jonew-judis-15979-ba7721.md: CausalDAG.add_fact() got an unexpected keyword argument 'content'
  ERROR 10014-2007-jonew-judis-31039-29706a.md: CausalDAG.add_fact() got an unexpected keyword argument 'content'
  ERROR 10014-2009-supremecourt-2009-10014-10014-2009-4-1501-56626-judge-20de61.md: CausalDAG.add_fact() got an unexpected keyword argument 'content'
  ERROR 10015-1995-jonew-judis-28533-a78a52.md: CausalDAG.add_fact() got an unexpected keyword argument 'content'
  ERROR 10016-2007-jonew-judis-30071-87cb11.md: CausalDAG.add_fact() got an unexpected keyword argument 'content'
  ERROR 1002-1994-jonew-judis-13087-7be0f4.md: CausalDAG.add_fact() got an unexpected keyword argument 'content'
  ERROR 1002-2008-jonew-judis-39712-6ec22c.md: CausalDAG.add_fact() got an unexpected keyword argument 'content'
  ERROR 10021-2017-supremecourt-2017-10021-10021-2017-1-1501-19221-judge-8b4617.md: CausalDAG.add_fact() got an unexpected keyword argument 'content'
  ERROR 10022-1999-jonew-judis-20509-c1734e.md: CausalDAG.add_fact() got an unexpected keyword argument 'content'
  ERROR 10022-2008-supremecourt-2008-10022-10022-2008-judgement-03-dec-2-bbcac7.md: CausalDAG.add_fact() got an unexpected keyword argument 'content'
  ERROR 10022-2010-jonew-judis-36853-feea50.md: CausalDAG.add_fact() got an unexpected keyword argument 'content'
  ERROR 10027-1997-jonew-judis-13505-29504f.md: CausalDAG.add_fact() got an unexpected keyword argument 'content'
  ERROR 10028-2005-jonew-judis-29936-078966.md: CausalDAG.add_fact() got an unexpected keyword argument 'content'
  ERROR 10029-1995-jonew-judis-15939-186d59.md: CausalDAG.add_fact() got an unexpected keyword argument 'content'
  ERROR 10030-2004-jonew-judis-35408-1748d0.md: CausalDAG.add_fact() got an unexpected keyword argument 'content'
  ERROR 10032-2009-supremecourt-2009-10032-10032-2009-2-1502-18579-judge-85e812.md: CausalDAG.add_fact() got an unexpected keyword argument 'content'
  ERROR 10032-2018-supremecourt-2018-10032-10032-2018-35-1501-28757-judg-082ed2.md: CausalDAG.add_fact() got an unexpected keyword argument 'content'
  ERROR 10033-1995-jonew-judis-15775-8083b6.md: CausalDAG.add_fact() got an unexpected keyword argument 'content'
  ERROR 10034-2016-supremecourt-2016-10034-10034-2016-judgement-09-feb-2-033bd1.md: CausalDAG.add_fact() got an unexpected keyword argument 'content'
  ERROR 10035-2007-jonew-judis-44659-82c2a4.md: CausalDAG.add_fact() got an unexpected keyword argument 'content'
  ERROR 10036-1995-jonew-judis-14693-96b22e.md: CausalDAG.add_fact() got an unexpected keyword argument 'content'
  ERROR 10036-2006-jonew-judis-31063-fde07f.md: CausalDAG.add_fact() got an unexpected keyword argument 'content'
  ERROR 10036-2018-supremecourt-2018-10036-10036-2018-judgement-28-mar-2-c8f73f.md: CausalDAG.add_fact() got an unexpected keyword argument 'content'
  ERROR 10037-1994-jonew-judis-19343-7bba89.md: CausalDAG.add_fact() got an unexpected keyword argument 'content'
  ERROR 10038-1999-jonew-judis-27947-370eb1.md: CausalDAG.add_fact() got an unexpected keyword argument 'content'
  ERROR 10038-2018-supremecourt-2018-10038-10038-2018-5-1501-19637-judge-295cb9.md: CausalDAG.add_fact() got an unexpected keyword argument 'content'
  ERROR 10040-2009-jonew-judis-39679-485b29.md: CausalDAG.add_fact() got an unexpected keyword argument 'content'
  ERROR 10041-1995-jonew-judis-15582-bffe0e.md: CausalDAG.add_fact() got an unexpected keyword argument 'content'
  ERROR 10043-2010-supremecourt-2010-10043-10043-2010-32-104-23029-judge-c5209e.md: CausalDAG.add_fact() got an unexpected keyword argument 'content'
  ERROR 10043-2017-supremecourt-2017-10043-10043-2017-9-1502-17294-judge-a96b7c.md: CausalDAG.add_fact() got an unexpected keyword argument 'content'
  ERROR 10044-1999-jonew-judis-20360-8492e0.md: CausalDAG.add_fact() got an unexpected keyword argument 'content'
  ERROR 10044-2000-jonew-judis-30269-fe7424.md: CausalDAG.add_fact() got an unexpected keyword argument 'content'
  ERROR 10045-2004-jonew-judis-37413-ec1215.md: CausalDAG.add_fact() got an unexpected keyword argument 'content'
  ERROR 10045-2004-jonew-judis-38159-3d5e6c.md: CausalDAG.add_fact() got an unexpected keyword argument 'content'
  ERROR 10049-1994-jonew-judis-14517-0e68d9.md: CausalDAG.add_fact() got an unexpected keyword argument 'content'
  ERROR 10049-1997-jonew-judis-13747-7d0ca1.md: CausalDAG.add_fact() got an unexpected keyword argument 'content'
  ERROR 10049-2005-jonew-judis-37899-d86d65.md: CausalDAG.add_fact() got an unexpected keyword argument 'content'
  ERROR 1005-2003-jonew-judis-31337-0536c6.md: CausalDAG.add_fact() got an unexpected keyword argument 'content'
  ERROR 10050-2010-jonew-judis-37423-e4944e.md: CausalDAG.add_fact() got an unexpected keyword argument 'content'
  ERROR 10051-1999-jonew-judis-36845-e9b30c.md: CausalDAG.add_fact() got an unexpected keyword argument 'content'
  ERROR 10054-2001-jonew-judis-18214-de3ae1.md: CausalDAG.add_fact() got an unexpected keyword argument 'content'
  ERROR 10054-2002-jonew-judis-26767-f80838.md: CausalDAG.add_fact() got an unexpected keyword argument 'content'
  ERROR 10055-2000-jonew-judis-20374-530c02.md: CausalDAG.add_fact() got an unexpected keyword argument 'content'
  ERROR 10055-2008-jonew-judis-34755-8d54cd.md: CausalDAG.add_fact() got an unexpected keyword argument 'content'
  ERROR 10056-2001-jonew-judis-32955-147f69.md: CausalDAG.add_fact() got an unexpected keyword argument 'content'
  ERROR 1006-2001-jonew-judis-29792-1cd5cd.md: CausalDAG.add_fact() got an unexpected keyword argument 'content'
  ERROR 10060-2007-jonew-judis-30194-e67293.md: CausalDAG.add_fact() got an unexpected keyword argument 'content'
  ERROR 10061-2002-jonew-judis-37251-b16f15.md: CausalDAG.add_fact() got an unexpected keyword argument 'content'
  ERROR 10061-2010-supremecourt-2010-10061-10061-2010-44-1501-30301-judg-a94a92.md: CausalDAG.add_fact() got an unexpected keyword argument 'content'
  ERROR 10064-2009-jonew-judis-37695-b45ae9.md: CausalDAG.add_fact() got an unexpected keyword argument 'content'
  ERROR 10067-2004-jonew-judis-27332-aa6338.md: CausalDAG.add_fact() got an unexpected keyword argument 'content'
  ERROR 10069-2023-supremecourt-2023-10069-10069-2023-15-1502-57448-judg-20cee2.md: CausalDAG.add_fact() got an unexpected keyword argument 'content'
  ERROR 1007-2016-jonew-judis-44279-d95333.md: CausalDAG.add_fact() got an unexpected keyword argument 'content'
  ERROR 10070-2003-jonew-judis-31838-ae110b.md: CausalDAG.add_fact() got an unexpected keyword argument 'content'
  ERROR 10070-2007-jonew-judis-29699-01fde6.md: CausalDAG.add_fact() got an unexpected keyword argument 'content'
  ERROR 10074-2009-supremecourt-2009-10074-10074-2009-judgement-08-feb-2-aacf38.md: CausalDAG.add_fact() got an unexpected keyword argument 'content'
  ERROR 10074-2022-supremecourt-2022-10074-10074-2022-1-1007-39367-judge-5b27ab.md: CausalDAG.add_fact() got an unexpected keyword argument 'content'
  ERROR 10076-1998-jonew-judis-12949-e71c03.md: CausalDAG.add_fact() got an unexpected keyword argument 'content'
  ERROR 10076-2002-jonew-judis-34206-37f347.md: CausalDAG.add_fact() got an unexpected keyword argument 'content'
  ERROR 10076-2023-supremecourt-2023-10076-10076-2023-1-1501-45411-judge-0845e3.md: CausalDAG.add_fact() got an unexpected keyword argument 'content'
  ERROR 10080-2000-jonew-judis-19153-dc5b51.md: CausalDAG.add_fact() got an unexpected keyword argument 'content'
  ERROR 10081-2008-jonew-judis-34113-5c2642.md: CausalDAG.add_fact() got an unexpected keyword argument 'content'
  ERROR 10083-1994-jonew-judis-13246-a2c154.md: CausalDAG.add_fact() got an unexpected keyword argument 'content'
  ERROR 10084-1999-jonew-judis-17518-558ff1.md: CausalDAG.add_fact() got an unexpected keyword argument 'content'
  ERROR 10086-1995-jonew-judis-15668-df2f81.md: CausalDAG.add_fact() got an unexpected keyword argument 'content'
  ERROR 10088-2000-jonew-judis-18443-9c028c.md: CausalDAG.add_fact() got an unexpected keyword argument 'content'
  ERROR 10089-2005-jonew-judis-28957-a86d8a.md: CausalDAG.add_fact() got an unexpected keyword argument 'content'
  ERROR 10089-2006-jonew-judis-35841-536c4e.md: CausalDAG.add_fact() got an unexpected keyword argument 'content'
  ERROR 10090-2001-jonew-judis-31388-114ff8.md: CausalDAG.add_fact() got an unexpected keyword argument 'content'
  ERROR 10091-2003-supremecourt-2003-10091-10091-2003-judgement-13-apr-2-7ee0b6.md: CausalDAG.add_fact() got an unexpected keyword argument 'content'
  ERROR 10092-2005-jonew-judis-34762-b198cd.md: CausalDAG.add_fact() got an unexpected keyword argument 'content'
  ERROR 10094-1997-jonew-judis-13741-328c7d.md: CausalDAG.add_fact() got an unexpected keyword argument 'content'
  ERROR 10094-1998-jonew-judis-18198-f3e2b4.md: CausalDAG.add_fact() got an unexpected keyword argument 'content'
  ERROR 10094-2000-jonew-judis-18518-43c02d.md: CausalDAG.add_fact() got an unexpected keyword argument 'content'
  ERROR 10094-2016-supremecourt-2016-10094-10094-2016-13-1503-46779-judg-66e65e.md: CausalDAG.add_fact() got an unexpected keyword argument 'content'
  ERROR 10096-2016-supremecourt-2016-10096-10096-2016-judgement-14-aug-2-134f9d.md: CausalDAG.add_fact() got an unexpected keyword argument 'content'
  ERROR 10097-1995-jonew-judis-14657-83d1b0.md: CausalDAG.add_fact() got an unexpected keyword argument 'content'
  ERROR 10097-2011-supremecourt-2011-10097-10097-2011-5-1501-47402-judge-840ecd.md: CausalDAG.add_fact() got an unexpected keyword argument 'content'
  ERROR 10098-2008-jonew-judis-34892-79e471.md: CausalDAG.add_fact() got an unexpected keyword argument 'content'
  ERROR 10099-2008-supremecourt-2008-10099-10099-2008-judgement-12-feb-2-e19a20.md: CausalDAG.add_fact() got an unexpected keyword argument 'content'
  ERROR 101-1952-jonew-judis-1112-0cb614.md: CausalDAG.add_fact() got an unexpected keyword argument 'content'
  ERROR 101-1955-jonew-judis-666-c45e53.md: CausalDAG.add_fact() got an unexpected keyword argument 'content'
  ERROR 101-1956-jonew-judis-621-45c317.md: CausalDAG.add_fact() got an unexpected keyword argument 'content'
  ERROR 101-1958-jonew-judis-390-aca626.md: CausalDAG.add_fact() got an unexpected keyword argument 'content'
  ERROR 101-1959-jonew-judis-4323-e5b80e.md: CausalDAG.add_fact() got an unexpected keyword argument 'content'
  ERROR 101-1960-jonew-judis-3822-b86d64.md: CausalDAG.add_fact() got an unexpected keyword argument 'content'
  ERROR 101-1961-jonew-judis-3961-6a5417.md: CausalDAG.add_fact() got an unexpected keyword argument 'content'
  ERROR 101-1962-jonew-judis-3315-e07734.md: CausalDAG.add_fact() got an unexpected keyword argument 'content'
  ERROR 101-1963-jonew-judis-3374-e42917.md: CausalDAG.add_fact() got an unexpected keyword argument 'content'
  ERROR 101-1965-jonew-judis-3027-3d401f.md: CausalDAG.add_fact() got an unexpected keyword argument 'content'
  ERROR 101-1967-jonew-judis-2249-599329.md: CausalDAG.add_fact() got an unexpected keyword argument 'content'
  ERROR 101-2004-jonew-judis-27174-1ee16b.md: CausalDAG.add_fact() got an unexpected keyword argument 'content'
  ERROR 101-2004-jonew-judis-27545-ef6948.md: CausalDAG.add_fact() got an unexpected keyword argument 'content'
  ERROR 1010-2005-jonew-judis-28543-dc2f34.md: CausalDAG.add_fact() got an unexpected keyword argument 'content'
  ERROR 10101-2004-jonew-judis-26846-e42c0b.md: CausalDAG.add_fact() got an unexpected keyword argument 'content'
  ERROR 10102-1997-jonew-judis-25707-3ed516.md: CausalDAG.add_fact() got an unexpected keyword argument 'content'
  ERROR 10102-2017-supremecourt-2017-10102-10102-2017-judgement-26-mar-2-649df4.md: CausalDAG.add_fact() got an unexpected keyword argument 'content'
  ERROR 10103-2001-jonew-judis-37700-cf6fef.md: CausalDAG.add_fact() got an unexpected keyword argument 'content'
  ERROR 10103-2003-jonew-judis-41294-4df60d.md: CausalDAG.add_fact() got an unexpected keyword argument 'content'
  ERROR 10103-2008-jonew-judis-39935-b7d032.md: CausalDAG.add_fact() got an unexpected keyword argument 'content'
  ERROR 10107-2009-jonew-judis-39753-927e52.md: CausalDAG.add_fact() got an unexpected keyword argument 'content'
  ERROR 10109-2003-jonew-judis-26003-a236e6.md: CausalDAG.add_fact() got an unexpected keyword argument 'content'
  ERROR 10111-1994-jonew-judis-15851-70500b.md: CausalDAG.add_fact() got an unexpected keyword argument 'content'
  ERROR 10112-2021-supremecourt-2021-10112-10112-2021-4-20-37811-judgeme-6e355f.md: CausalDAG.add_fact() got an unexpected keyword argument 'content'
  ERROR 10113-2003-jonew-judis-42846-0760be.md: CausalDAG.add_fact() got an unexpected keyword argument 'content'
  ERROR 10115-2003-jonew-judis-27421-3fe0ac.md: CausalDAG.add_fact() got an unexpected keyword argument 'content'
  ERROR 10115-2021-supremecourt-2021-10115-10115-2021-6-1505-38956-judge-2d3819.md: CausalDAG.add_fact() got an unexpected keyword argument 'content'
  ERROR 10116-2000-jonew-judis-38774-13b489.md: CausalDAG.add_fact() got an unexpected keyword argument 'content'
  ERROR 10116-2003-jonew-judis-27327-60e04e.md: CausalDAG.add_fact() got an unexpected keyword argument 'content'
  ERROR 10117-2001-jonew-judis-18158-869eab.md: CausalDAG.add_fact() got an unexpected keyword argument 'content'
  ERROR 10118-2009-jonew-judis-35492-0c81b5.md: CausalDAG.add_fact() got an unexpected keyword argument 'content'
  ERROR 1012-2013-jonew-judis-42502-69127d.md: CausalDAG.add_fact() got an unexpected keyword argument 'content'
  ERROR 10120-2005-jonew-judis-38448-364f6b.md: CausalDAG.add_fact() got an unexpected keyword argument 'content'
  ERROR 10121-2004-jonew-judis-32290-b92bdc.md: CausalDAG.add_fact() got an unexpected keyword argument 'content'
  ERROR 10122-2020-supremecourt-2020-10122-10122-2020-14-8-38359-judgeme-ba7941.md: CausalDAG.add_fact() got an unexpected keyword argument 'content'
  ERROR 10124-2022-supremecourt-2022-10124-10124-2022-6-1502-56839-judge-fdfcc5.md: CausalDAG.add_fact() got an unexpected keyword argument 'content'
  ERROR 10126-2002-jonew-judis-35218-ae3420.md: CausalDAG.add_fact() got an unexpected keyword argument 'content'
  ERROR 1013-2018-supremecourt-2018-1013-1013-2018-judgement-11-mar-2019-0b7a9a.md: CausalDAG.add_fact() got an unexpected keyword argument 'content'
  ERROR 10130-2019-supremecourt-2019-10130-10130-2019-8-1502-19736-judge-05c137.md: CausalDAG.add_fact() got an unexpected keyword argument 'content'
  ERROR 10134-2000-jonew-judis-18001-fa908a.md: CausalDAG.add_fact() got an unexpected keyword argument 'content'
  ERROR 10134-2006-jonew-judis-28249-2111f5.md: CausalDAG.add_fact() got an unexpected keyword argument 'content'
  ERROR 10136-1999-jonew-judis-20731-97413f.md: CausalDAG.add_fact() got an unexpected keyword argument 'content'
  ERROR 10136-2008-supremecourt-2008-10136-10136-2008-judgement-01-feb-2-ece0ac.md: CausalDAG.add_fact() got an unexpected keyword argument 'content'
  ERROR 10136-2014-jonew-judis-42488-b43e54.md: CausalDAG.add_fact() got an unexpected keyword argument 'content'
  ERROR 10137-2005-jonew-judis-36401-5484e8.md: CausalDAG.add_fact() got an unexpected keyword argument 'content'
  ERROR 10138-2013-supremecourt-2013-10138-10138-2013-2-1501-43180-judge-93d920.md: CausalDAG.add_fact() got an unexpected keyword argument 'content'
  ERROR 10138-2015-jonew-judis-42871-1027b7.md: CausalDAG.add_fact() got an unexpected keyword argument 'content'
  ERROR 10139-2001-jonew-judis-18362-fe8153.md: CausalDAG.add_fact() got an unexpected keyword argument 'content'
  ERROR 10142-2011-jonew-judis-39194-f082b8.md: CausalDAG.add_fact() got an unexpected keyword argument 'content'
  ERROR 10143-1997-jonew-judis-26199-0b79d9.md: CausalDAG.add_fact() got an unexpected keyword argument 'content'
  ERROR 10144-2011-jonew-judis-39014-10b788.md: CausalDAG.add_fact() got an unexpected keyword argument 'content'
  ERROR 10144-2016-supremecourt-2016-10144-10144-2016-judgement-01-aug-2-edcc94.md: CausalDAG.add_fact() got an unexpected keyword argument 'content'
  ERROR 10145-2005-jonew-judis-30163-2b24f8.md: CausalDAG.add_fact() got an unexpected keyword argument 'content'
  ERROR 10146-1999-jonew-judis-20501-a7eef8.md: CausalDAG.add_fact() got an unexpected keyword argument 'content'
  ERROR 10146-2000-jonew-judis-29834-8bf176.md: CausalDAG.add_fact() got an unexpected keyword argument 'content'
  ERROR 10148-2018-supremecourt-2018-10148-10148-2018-judgement-26-nov-2-30a2b2.md: CausalDAG.add_fact() got an unexpected keyword argument 'content'
  ERROR 10149-2005-jonew-judis-30851-d4e8f9.md: CausalDAG.add_fact() got an unexpected keyword argument 'content'
  ERROR 1015-1996-jonew-judis-18696-aeb3d5.md: CausalDAG.add_fact() got an unexpected keyword argument 'content'
  ERROR 10150-2005-jonew-judis-30783-18b613.md: CausalDAG.add_fact() got an unexpected keyword argument 'content'
  ERROR 10151-2015-supremecourt-2015-10151-10151-2015-judgement-13-feb-2-c1c7ed.md: CausalDAG.add_fact() got an unexpected keyword argument 'content'
  ERROR 10151-2021-supremecourt-2021-10151-10151-2021-5-1502-42140-judge-d27e62.md: CausalDAG.add_fact() got an unexpected keyword argument 'content'
  ERROR 10157-2003-jonew-judis-26992-02fb9f.md: CausalDAG.add_fact() got an unexpected keyword argument 'content'
  ERROR 10157-2011-supremecourt-2011-10157-10157-2011-judgement-15-nov-2-84022b.md: CausalDAG.add_fact() got an unexpected keyword argument 'content'
  ERROR 10159-2003-jonew-judis-27908-10d428.md: CausalDAG.add_fact() got an unexpected keyword argument 'content'
  ERROR 1016-1997-jonew-judis-18965-e94a54.md: CausalDAG.add_fact() got an unexpected keyword argument 'content'
  ERROR 1016-2002-jonew-judis-20732-8418b1.md: CausalDAG.add_fact() got an unexpected keyword argument 'content'
  ERROR 1016-2004-jonew-judis-27330-5c59ed.md: CausalDAG.add_fact() got an unexpected keyword argument 'content'
  ERROR 10160-2004-jonew-judis-26973-75f11d.md: CausalDAG.add_fact() got an unexpected keyword argument 'content'
  ERROR 10160-2007-jonew-judis-35632-3cd604.md: CausalDAG.add_fact() got an unexpected keyword argument 'content'
  ERROR 10164-1995-jonew-judis-15973-708d58.md: CausalDAG.add_fact() got an unexpected keyword argument 'content'
  ERROR 10164-2005-jonew-judis-28221-3aea79.md: CausalDAG.add_fact() got an unexpected keyword argument 'content'
  ERROR 10166-2003-jonew-judis-35114-35b11b.md: CausalDAG.add_fact() got an unexpected keyword argument 'content'
  ERROR 10167-2007-jonew-judis-30500-96bb7c.md: CausalDAG.add_fact() got an unexpected keyword argument 'content'
  ERROR 10169-2001-jonew-judis-18613-6db1e2.md: CausalDAG.add_fact() got an unexpected keyword argument 'content'
  ERROR 10169-2001-jonew-judis-20618-7e932b.md: CausalDAG.add_fact() got an unexpected keyword argument 'content'
  ERROR 10169-2002-jonew-judis-32258-782b8e.md: CausalDAG.add_fact() got an unexpected keyword argument 'content'
  ERROR 10170-2001-jonew-judis-18327-1e8b94.md: CausalDAG.add_fact() got an unexpected keyword argument 'content'
  ERROR 10171-1999-jonew-judis-17323-5bbd0e.md: CausalDAG.add_fact() got an unexpected keyword argument 'content'
  ERROR 10171-2003-jonew-judis-37847-e9ce32.md: CausalDAG.add_fact() got an unexpected keyword argument 'content'
  ERROR 10171-2009-supremecourt-2009-10171-10171-2009-32-1501-33066-judg-947e3b.md: CausalDAG.add_fact() got an unexpected keyword argument 'content'
  ERROR 10171-2022-supremecourt-2022-10171-10171-2022-11-11-36464-judgem-428554.md: CausalDAG.add_fact() got an unexpected keyword argument 'content'
  ERROR 10172-2000-jonew-judis-18152-c9f5df.md: CausalDAG.add_fact() got an unexpected keyword argument 'content'
  ERROR 10172-2004-jonew-judis-26956-a8cd80.md: CausalDAG.add_fact() got an unexpected keyword argument 'content'
  ERROR 10176-1999-jonew-judis-26082-cd8a7e.md: CausalDAG.add_fact() got an unexpected keyword argument 'content'
  ERROR 10176-1999-jonew-judis-26102-6c2488.md: CausalDAG.add_fact() got an unexpected keyword argument 'content'
  ERROR 10176-2000-jonew-judis-29229-175441.md: CausalDAG.add_fact() got an unexpected keyword argument 'content'
  ERROR 10177-1999-jonew-judis-35011-ae0440.md: CausalDAG.add_fact() got an unexpected keyword argument 'content'
  ERROR 10177-2014-supremecourt-2014-10177-10177-2014-1-1501-51211-judge-025add.md: CausalDAG.add_fact() got an unexpected keyword argument 'content'
  ERROR 10177-2014-supremecourt-2014-10177-10177-2014-1-503-47024-judgem-22802a.md: CausalDAG.add_fact() got an unexpected keyword argument 'content'
  ERROR 10178-1994-jonew-judis-15499-7af3cc.md: CausalDAG.add_fact() got an unexpected keyword argument 'content'
  ERROR 10179-2011-supremecourt-2011-10179-10179-2011-32-1501-22898-judg-c0430f.md: CausalDAG.add_fact() got an unexpected keyword argument 'content'
  ERROR 1018-2006-jonew-judis-32390-81e59a.md: CausalDAG.add_fact() got an unexpected keyword argument 'content'
  ERROR 10180-1997-jonew-judis-19338-94f355.md: CausalDAG.add_fact() got an unexpected keyword argument 'content'
  ERROR 10180-1997-jonew-judis-19375-d0bec9.md: CausalDAG.add_fact() got an unexpected keyword argument 'content'
  ERROR 10180-1997-jonew-judis-19397-60129f.md: CausalDAG.add_fact() got an unexpected keyword argument 'content'
  ERROR 10180-1999-jonew-judis-31000-0d05ba.md: CausalDAG.add_fact() got an unexpected keyword argument 'content'
  ERROR 10181-1997-jonew-judis-17384-d361d5.md: CausalDAG.add_fact() got an unexpected keyword argument 'content'
  ERROR 10181-2019-supremecourt-2019-10181-10181-2019-8-1-31346-order-16-e62a05.md: CausalDAG.add_fact() got an unexpected keyword argument 'content'
  ERROR 10182-1997-jonew-judis-20461-892810.md: CausalDAG.add_fact() got an unexpected keyword argument 'content'
  ERROR 10183-1995-jonew-judis-16155-1af013.md: CausalDAG.add_fact() got an unexpected keyword argument 'content'
  ERROR 10183-2002-jonew-judis-31384-a60ecf.md: CausalDAG.add_fact() got an unexpected keyword argument 'content'
  ERROR 10183-2015-supremecourt-2015-10183-10183-2015-34-1502-23033-judg-66d0b7.md: CausalDAG.add_fact() got an unexpected keyword argument 'content'
  ERROR 10185-1995-jonew-judis-20775-bce862.md: CausalDAG.add_fact() got an unexpected keyword argument 'content'
  ERROR 10187-1997-jonew-judis-17520-33232e.md: CausalDAG.add_fact() got an unexpected keyword argument 'content'
  ERROR 10188-2010-jonew-judis-38196-c9a501.md: CausalDAG.add_fact() got an unexpected keyword argument 'content'
  ERROR 10188-2013-jonew-judis-44722-140e41.md: CausalDAG.add_fact() got an unexpected keyword argument 'content'
  ERROR 10189-2006-jonew-judis-32093-14ec8e.md: CausalDAG.add_fact() got an unexpected keyword argument 'content'
  ERROR 10189-2007-supremecourt-2007-10189-10189-2007-judgement-07-jan-2-ad9dcb.md: CausalDAG.add_fact() got an unexpected keyword argument 'content'
  ERROR 10193-2022-supremecourt-2022-10193-10193-2022-16-1501-54754-judg-b208bc.md: CausalDAG.add_fact() got an unexpected keyword argument 'content'
  ERROR 10194-2019-supremecourt-2019-10194-10194-2019-judgement-10-may-2-9ef04f.md: CausalDAG.add_fact() got an unexpected keyword argument 'content'
  ERROR 10195-2004-jonew-judis-41203-ab298c.md: CausalDAG.add_fact() got an unexpected keyword argument 'content'
  ERROR 10196-2003-jonew-judis-27175-3be3de.md: CausalDAG.add_fact() got an unexpected keyword argument 'content'
  ERROR 10196-2008-jonew-judis-34576-f41728.md: CausalDAG.add_fact() got an unexpected keyword argument 'content'
  ERROR 10198-2000-jonew-judis-31113-03e002.md: CausalDAG.add_fact() got an unexpected keyword argument 'content'
  ERROR 102-1952-jonew-judis-1115-98b723.md: CausalDAG.add_fact() got an unexpected keyword argument 'content'
  ERROR 102-1955-jonew-judis-667-7d4a67.md: CausalDAG.add_fact() got an unexpected keyword argument 'content'
  ERROR 102-1956-jonew-judis-623-eea25b.md: CausalDAG.add_fact() got an unexpected keyword argument 'content'
  ERROR 102-1958-jonew-judis-391-45badf.md: CausalDAG.add_fact() got an unexpected keyword argument 'content'
  ERROR 102-1959-jonew-judis-4339-cff597.md: CausalDAG.add_fact() got an unexpected keyword argument 'content'
  ERROR 102-1960-jonew-judis-3825-93f471.md: CausalDAG.add_fact() got an unexpected keyword argument 'content'
  ERROR 102-1961-jonew-judis-3964-118676.md: CausalDAG.add_fact() got an unexpected keyword argument 'content'
  ERROR 102-1962-jonew-judis-3318-99ef13.md: CausalDAG.add_fact() got an unexpected keyword argument 'content'
  ERROR 102-1963-jonew-judis-3375-e3b6e5.md: CausalDAG.add_fact() got an unexpected keyword argument 'content'
  ERROR 102-1965-jonew-judis-3041-ee5938.md: CausalDAG.add_fact() got an unexpected keyword argument 'content'
  ERROR 102-1967-jonew-judis-2251-0d38a9.md: CausalDAG.add_fact() got an unexpected keyword argument 'content'
  ERROR 102-2000-jonew-judis-20533-9d3dc7.md: CausalDAG.add_fact() got an unexpected keyword argument 'content'
  ERROR 10201-2004-jonew-judis-27572-b7b1bf.md: CausalDAG.add_fact() got an unexpected keyword argument 'content'
  ERROR 10201-2020-supremecourt-2020-10201-10201-2020-4-1505-43078-judge-9cefbd.md: CausalDAG.add_fact() got an unexpected keyword argument 'content'
  ERROR 10203-2004-jonew-judis-29403-899a0b.md: CausalDAG.add_fact() got an unexpected keyword argument 'content'
  ERROR 10203-2005-jonew-judis-38715-c01dbc.md: CausalDAG.add_fact() got an unexpected keyword argument 'content'
  ERROR 10203-2007-jonew-judis-35634-54f29c.md: CausalDAG.add_fact() got an unexpected keyword argument 'content'
  ERROR 10204-1995-jonew-judis-10273-f6fd42.md: CausalDAG.add_fact() got an unexpected keyword argument 'content'
  ERROR 10204-2010-jonew-judis-38329-d07cfc.md: CausalDAG.add_fact() got an unexpected keyword argument 'content'
  ERROR 10204-2014-jonew-judis-43390-3b4ef9.md: CausalDAG.add_fact() got an unexpected keyword argument 'content'
  ERROR 10205-2000-jonew-judis-31511-cfe478.md: CausalDAG.add_fact() got an unexpected keyword argument 'content'
  ERROR 10205-2006-jonew-judis-29987-ef7b73.md: CausalDAG.add_fact() got an unexpected keyword argument 'content'
  ERROR 10206-2005-jonew-judis-31729-d4d1bb.md: CausalDAG.add_fact() got an unexpected keyword argument 'content'
  ERROR 10206-2011-jonew-judis-44526-e08c79.md: CausalDAG.add_fact() got an unexpected keyword argument 'content'
  ERROR 10208-2004-jonew-judis-44767-5f5520.md: CausalDAG.add_fact() got an unexpected keyword argument 'content'
  ERROR 10208-2009-supremecourt-2009-10208-10208-2009-judgement-18-feb-2-2f901b.md: CausalDAG.add_fact() got an unexpected keyword argument 'content'
  ERROR 10210-2006-jonew-judis-31187-269250.md: CausalDAG.add_fact() got an unexpected keyword argument 'content'
  ERROR 10210-2009-jonew-judis-39433-cb9d24.md: CausalDAG.add_fact() got an unexpected keyword argument 'content'
  ERROR 10210-2010-supremecourt-2010-10210-10210-2010-judgement-06-dec-2-015cfd.md: CausalDAG.add_fact() got an unexpected keyword argument 'content'
  ERROR 10211-2010-jonew-judis-42596-7975b1.md: CausalDAG.add_fact() got an unexpected keyword argument 'content'
  ERROR 10215-2002-jonew-judis-29440-1b8b9d.md: CausalDAG.add_fact() got an unexpected keyword argument 'content'
  ERROR 10215-2002-jonew-judis-44583-85102f.md: CausalDAG.add_fact() got an unexpected keyword argument 'content'
  ERROR 10217-1995-jonew-judis-15581-71961d.md: CausalDAG.add_fact() got an unexpected keyword argument 'content'
  ERROR 10219-1995-jonew-judis-18643-739cc8.md: CausalDAG.add_fact() got an unexpected keyword argument 'content'
  ERROR 1022-2009-supremecourt-2009-1022-1022-2009-8-101-40919-judgement-03633f.md: CausalDAG.add_fact() got an unexpected keyword argument 'content'
  ERROR 10220-1999-jonew-judis-27683-7d8b8e.md: CausalDAG.add_fact() got an unexpected keyword argument 'content'
  ERROR 10221-2006-jonew-judis-28761-90cb0e.md: CausalDAG.add_fact() got an unexpected keyword argument 'content'
  ERROR 10221-2007-jonew-judis-36662-e8f8de.md: CausalDAG.add_fact() got an unexpected keyword argument 'content'
  ERROR 10222-2009-supremecourt-2009-10222-10222-2009-38-1501-23672-judg-030776.md: CausalDAG.add_fact() got an unexpected keyword argument 'content'
  ERROR 10223-2006-jonew-judis-31599-4e298f.md: CausalDAG.add_fact() got an unexpected keyword argument 'content'
  ERROR 10228-2003-jonew-judis-42651-6627da.md: CausalDAG.add_fact() got an unexpected keyword argument 'content'
  ERROR 10229-2015-supremecourt-2015-2015-judgement-19-jun-2017-34a1c1.md: CausalDAG.add_fact() got an unexpected keyword argument 'content'
  ERROR 1023-2016-jonew-judis-43548-140e9a.md: CausalDAG.add_fact() got an unexpected keyword argument 'content'
  ERROR 10230-2016-supremecourt-2016-10230-10230-2016-4-1503-43314-judge-09d792.md: CausalDAG.add_fact() got an unexpected keyword argument 'content'
  ERROR 10231-1998-jonew-judis-27058-1a092c.md: CausalDAG.add_fact() got an unexpected keyword argument 'content'
  ERROR 10231-2022-supremecourt-2022-10231-10231-2022-9-1501-36943-judge-5fe324.md: CausalDAG.add_fact() got an unexpected keyword argument 'content'
  ERROR 10232-2005-jonew-judis-41510-fdb844.md: CausalDAG.add_fact() got an unexpected keyword argument 'content'
  ERROR 10233-2000-jonew-judis-19392-b58815.md: CausalDAG.add_fact() got an unexpected keyword argument 'content'
  ERROR 10235-2007-jonew-judis-44838-ae241d.md: CausalDAG.add_fact() got an unexpected keyword argument 'content'
  ERROR 10239-1998-jonew-judis-17768-4cf72a.md: CausalDAG.add_fact() got an unexpected keyword argument 'content'
  ERROR 10241-1995-jonew-judis-16746-2025b0.md: CausalDAG.add_fact() got an unexpected keyword argument 'content'
  ERROR 10241-2001-jonew-judis-34191-9203b2.md: CausalDAG.add_fact() got an unexpected keyword argument 'content'
  ERROR 10241-2001-jonew-judis-34228-50d527.md: CausalDAG.add_fact() got an unexpected keyword argument 'content'
  ERROR 10242-2006-jonew-judis-34856-baa42d.md: CausalDAG.add_fact() got an unexpected keyword argument 'content'
  ERROR 10242-2011-jonew-judis-40905-2b6e49.md: CausalDAG.add_fact() got an unexpected keyword argument 'content'
  ERROR 10242-2013-jonew-judis-44811-cbb512.md: CausalDAG.add_fact() got an unexpected keyword argument 'content'
  ERROR 10243-1994-jonew-judis-10638-f47f9c.md: CausalDAG.add_fact() got an unexpected keyword argument 'content'
  ERROR 10243-1994-jonew-judis-10643-34f11c.md: CausalDAG.add_fact() got an unexpected keyword argument 'content'
  ERROR 10243-2000-jonew-judis-27658-454202.md: CausalDAG.add_fact() got an unexpected keyword argument 'content'
  ERROR 10243-2013-jonew-judis-42122-24bf7d.md: CausalDAG.add_fact() got an unexpected keyword argument 'content'
  ERROR 10243-2018-supremecourt-2018-10243-10243-2018-judgement-01-oct-2-3cf761.md: CausalDAG.add_fact() got an unexpected keyword argument 'content'
  ERROR 10243-2019-supremecourt-2019-10243-10243-2019-5-1501-20102-judge-19f3d2.md: CausalDAG.add_fact() got an unexpected keyword argument 'content'
  ERROR 10244-2010-jonew-judis-41276-0d241d.md: CausalDAG.add_fact() got an unexpected keyword argument 'content'
  ERROR 10246-1995-jonew-judis-14882-92c25f.md: CausalDAG.add_fact() got an unexpected keyword argument 'content'
  ERROR 10246-2005-jonew-judis-27997-7d8984.md: CausalDAG.add_fact() got an unexpected keyword argument 'content'
  ERROR 10247-2001-jonew-judis-26479-07c8f3.md: CausalDAG.add_fact() got an unexpected keyword argument 'content'
  ERROR 10247-2011-jonew-judis-44189-57211f.md: CausalDAG.add_fact() got an unexpected keyword argument 'content'
  ERROR 10248-2000-jonew-judis-17685-03fc75.md: CausalDAG.add_fact() got an unexpected keyword argument 'content'
  ERROR 10248-2001-jonew-judis-31291-22f5a6.md: CausalDAG.add_fact() got an unexpected keyword argument 'content'
  ERROR 10248-2010-jonew-judis-42130-9ba317.md: CausalDAG.add_fact() got an unexpected keyword argument 'content'
  ERROR 1025-2007-jonew-judis-30378-12fdc6.md: CausalDAG.add_fact() got an unexpected keyword argument 'content'
  ERROR 10252-1998-jonew-judis-27451-2dae6f.md: CausalDAG.add_fact() got an unexpected keyword argument 'content'
  ERROR 10252-1999-jonew-judis-31174-81d0c5.md: CausalDAG.add_fact() got an unexpected keyword argument 'content'
  ERROR 10252-2017-supremecourt-2017-10252-10252-2017-3-1501-41294-judge-b25055.md: CausalDAG.add_fact() got an unexpected keyword argument 'content'
  ERROR 10252-2024-supremecourt-2024-10252-10252-2024-16-17-53504-judgem-5365f2.md: CausalDAG.add_fact() got an unexpected keyword argument 'content'
  ERROR 10253-2004-jonew-judis-31292-f9b38b.md: CausalDAG.add_fact() got an unexpected keyword argument 'content'
  ERROR 10253-2015-jonew-judis-44358-323977.md: CausalDAG.add_fact() got an unexpected keyword argument 'content'
  ERROR 10254-2009-supremecourt-2009-10254-10254-2009-12-1501-16652-judg-87616d.md: CausalDAG.add_fact() got an unexpected keyword argument 'content'
  ERROR 10255-1995-jonew-judis-17600-d21f42.md: CausalDAG.add_fact() got an unexpected keyword argument 'content'
  ERROR 10255-1998-jonew-judis-16626-4c5c4c.md: CausalDAG.add_fact() got an unexpected keyword argument 'content'
  ERROR 10255-2006-jonew-judis-28331-5ee6f9.md: CausalDAG.add_fact() got an unexpected keyword argument 'content'
  ERROR 10255-2008-supremecourt-2008-10255-10255-2008-judgement-30-oct-2-927f3b.md: CausalDAG.add_fact() got an unexpected keyword argument 'content'
  ERROR 10257-2005-jonew-judis-27927-1bc159.md: CausalDAG.add_fact() got an unexpected keyword argument 'content'
  ERROR 10257-2008-jonew-judis-33857-e25e67.md: CausalDAG.add_fact() got an unexpected keyword argument 'content'
  ERROR 10259-2004-jonew-judis-28515-37ebac.md: CausalDAG.add_fact() got an unexpected keyword argument 'content'
  ERROR 1026-1997-jonew-judis-13007-a39143.md: CausalDAG.add_fact() got an unexpected keyword argument 'content'
  ERROR 1026-1997-jonew-judis-14014-44dcfe.md: CausalDAG.add_fact() got an unexpected keyword argument 'content'
  ERROR 1026-2000-jonew-judis-17336-f1e3fd.md: CausalDAG.add_fact() got an unexpected keyword argument 'content'
  ERROR 1026-2009-jonew-judis-43367-7db77d.md: CausalDAG.add_fact() got an unexpected keyword argument 'content'
  ERROR 1026-2011-jonew-judis-37594-095432.md: CausalDAG.add_fact() got an unexpected keyword argument 'content'
  ERROR 10260-1998-jonew-judis-18195-1056fc.md: CausalDAG.add_fact() got an unexpected keyword argument 'content'
  ERROR 10261-2002-jonew-judis-33780-4f1194.md: CausalDAG.add_fact() got an unexpected keyword argument 'content'
  ERROR 10261-2006-jonew-judis-28589-f32023.md: CausalDAG.add_fact() got an unexpected keyword argument 'content'
  ERROR 10262-2002-jonew-judis-30737-ad061e.md: CausalDAG.add_fact() got an unexpected keyword argument 'content'
  ERROR 10265-2014-jonew-judis-42136-a9baba.md: CausalDAG.add_fact() got an unexpected keyword argument 'content'
  ERROR 10266-1994-jonew-judis-15314-4b3b71.md: CausalDAG.add_fact() got an unexpected keyword argument 'content'
  ERROR 10266-2006-jonew-judis-28218-c64129.md: CausalDAG.add_fact() got an unexpected keyword argument 'content'
  ERROR 10267-2019-supremecourt-2019-10267-10267-2019-5-1501-37183-judge-025929.md: CausalDAG.add_fact() got an unexpected keyword argument 'content'
  ERROR 10268-2020-supremecourt-2020-10268-10268-2020-35-1501-34100-judg-b1f435.md: CausalDAG.add_fact() got an unexpected keyword argument 'content'
  ERROR 10269-1995-jonew-judis-16195-c9e39c.md: CausalDAG.add_fact() got an unexpected keyword argument 'content'
  ERROR 10269-2001-jonew-judis-18559-6f60f8.md: CausalDAG.add_fact() got an unexpected keyword argument 'content'
  ERROR 10269-2004-jonew-judis-37759-f3bdbc.md: CausalDAG.add_fact() got an unexpected keyword argument 'content'
  ERROR 1027-2005-jonew-judis-40644-0bc439.md: CausalDAG.add_fact() got an unexpected keyword argument 'content'
  ERROR 1027-2022-supremecourt-2022-1027-1027-2022-2-1001-33681-judgemen-268c9e.md: CausalDAG.add_fact() got an unexpected keyword argument 'content'
  ERROR 10270-2000-jonew-judis-17777-b1a480.md: CausalDAG.add_fact() got an unexpected keyword argument 'content'
  ERROR 10273-2000-jonew-judis-17930-da1ba3.md: CausalDAG.add_fact() got an unexpected keyword argument 'content'
  ERROR 10274-2006-jonew-judis-29712-c8a94e.md: CausalDAG.add_fact() got an unexpected keyword argument 'content'
  ERROR 10276-1997-jonew-judis-13238-a22d32.md: CausalDAG.add_fact() got an unexpected keyword argument 'content'
  ERROR 10280-2018-supremecourt-2018-10280-10280-2018-9-1503-47833-judge-35b7ae.md: CausalDAG.add_fact() got an unexpected keyword argument 'content'
  ERROR 10283-1994-jonew-judis-19582-23f3ae.md: CausalDAG.add_fact() got an unexpected keyword argument 'content'
  ERROR 10283-2000-jonew-judis-20447-12ccdd.md: CausalDAG.add_fact() got an unexpected keyword argument 'content'
  ERROR 10283-2001-jonew-judis-20993-140ed3.md: CausalDAG.add_fact() got an unexpected keyword argument 'content'
  ERROR 10283-2008-jonew-judis-43089-96eae2.md: CausalDAG.add_fact() got an unexpected keyword argument 'content'
  ERROR 10285-2000-jonew-judis-28211-afff32.md: CausalDAG.add_fact() got an unexpected keyword argument 'content'
  ERROR 10285-2009-jonew-judis-40601-b45313.md: CausalDAG.add_fact() got an unexpected keyword argument 'content'
  ERROR 10287-2003-jonew-judis-37702-e5d4f7.md: CausalDAG.add_fact() got an unexpected keyword argument 'content'
  ERROR 10287-2015-supremecourt-2015-10287-10287-2015-7-1501-48131-judge-4d4fe2.md: CausalDAG.add_fact() got an unexpected keyword argument 'content'
  ERROR 10288-2006-jonew-judis-28602-132730.md: CausalDAG.add_fact() got an unexpected keyword argument 'content'
  ERROR 1029-2007-jonew-judis-39576-b0b354.md: CausalDAG.add_fact() got an unexpected keyword argument 'content'
  ERROR 10291-2004-jonew-judis-34986-337ed7.md: CausalDAG.add_fact() got an unexpected keyword argument 'content'
  ERROR 10293-2017-supremecourt-2017-10293-10293-2017-32-1503-21962-judg-c6774a.md: CausalDAG.add_fact() got an unexpected keyword argument 'content'
  ERROR 10296-2000-jonew-judis-32920-0fa728.md: CausalDAG.add_fact() got an unexpected keyword argument 'content'
  ERROR 10296-2007-jonew-judis-34454-f0557a.md: CausalDAG.add_fact() got an unexpected keyword argument 'content'
  ERROR 10297-2001-jonew-judis-20782-334a6f.md: CausalDAG.add_fact() got an unexpected keyword argument 'content'
  ERROR 10297-2007-jonew-judis-31493-14cfe1.md: CausalDAG.add_fact() got an unexpected keyword argument 'content'
  ERROR 10297-2019-supremecourt-2019-10297-10297-2019-12-1504-16240-judg-98894b.md: CausalDAG.add_fact() got an unexpected keyword argument 'content'
  ERROR 10299-2006-jonew-judis-28747-d61d03.md: CausalDAG.add_fact() got an unexpected keyword argument 'content'
  ERROR 10299-2015-supremecourt-2015-10299-10299-2015-3-1501-15661-judge-c8db37.md: CausalDAG.add_fact() got an unexpected keyword argument 'content'
  ERROR 103-1952-jonew-judis-1122-de9765.md: CausalDAG.add_fact() got an unexpected keyword argument 'content'
  ERROR 103-1955-jonew-judis-674-3e21bb.md: CausalDAG.add_fact() got an unexpected keyword argument 'content'
  ERROR 103-1956-jonew-judis-625-0d9881.md: CausalDAG.add_fact() got an unexpected keyword argument 'content'
  ERROR 103-1958-jonew-judis-400-9b8150.md: CausalDAG.add_fact() got an unexpected keyword argument 'content'
  ERROR 103-1959-jonew-judis-4340-a3febb.md: CausalDAG.add_fact() got an unexpected keyword argument 'content'
  ERROR 103-1960-jonew-judis-3826-945df5.md: CausalDAG.add_fact() got an unexpected keyword argument 'content'
  ERROR 103-1961-jonew-judis-3968-faca68.md: CausalDAG.add_fact() got an unexpected keyword argument 'content'
  ERROR 103-1962-jonew-judis-3320-622726.md: CausalDAG.add_fact() got an unexpected keyword argument 'content'
  ERROR 103-1963-jonew-judis-3377-205217.md: CausalDAG.add_fact() got an unexpected keyword argument 'content'
  ERROR 103-1965-jonew-judis-2085-f441ff.md: CausalDAG.add_fact() got an unexpected keyword argument 'content'
  ERROR 103-1967-jonew-judis-2256-f60652.md: CausalDAG.add_fact() got an unexpected keyword argument 'content'
  ERROR 10300-2009-supremecourt-2009-10300-10300-2009-9-1501-47275-judge-91f191.md: CausalDAG.add_fact() got an unexpected keyword argument 'content'
  ERROR 10302-2000-jonew-judis-18052-259d55.md: CausalDAG.add_fact() got an unexpected keyword argument 'content'
  ERROR 10302-2006-jonew-judis-34983-0625a7.md: CausalDAG.add_fact() got an unexpected keyword argument 'content'
  ERROR 10303-2006-jonew-judis-34984-bbb558.md: CausalDAG.add_fact() got an unexpected keyword argument 'content'
  ERROR 10303-2010-supremecourt-2010-10303-10303-2010-11-103-37796-judge-09b142.md: CausalDAG.add_fact() got an unexpected keyword argument 'content'
  ERROR 10303-2013-jonew-judis-40396-61f3e7.md: CausalDAG.add_fact() got an unexpected keyword argument 'content'
  ERROR 10304-2011-supremecourt-2011-10304-10304-2011-5-1501-48291-judge-07a456.md: CausalDAG.add_fact() got an unexpected keyword argument 'content'
  ERROR 10306-2017-supremecourt-2017-10306-10306-2017-judgement-14-nov-2-a70f8e.md: CausalDAG.add_fact() got an unexpected keyword argument 'content'
  ERROR 10308-2009-jonew-judis-37577-4701f8.md: CausalDAG.add_fact() got an unexpected keyword argument 'content'
  ERROR 1031-2012-jonew-judis-39903-0ff889.md: CausalDAG.add_fact() got an unexpected keyword argument 'content'
  ERROR 1031-2020-supremecourt-2020-1031-1031-2020-2-1501-34738-judgemen-c09527.md: CausalDAG.add_fact() got an unexpected keyword argument 'content'
  ERROR 10313-2013-jonew-judis-42252-27f09e.md: CausalDAG.add_fact() got an unexpected keyword argument 'content'
  ERROR 10314-2009-jonew-judis-42431-6c6cd7.md: CausalDAG.add_fact() got an unexpected keyword argument 'content'
  ERROR 10315-2003-jonew-judis-27165-606777.md: CausalDAG.add_fact() got an unexpected keyword argument 'content'
  ERROR 10317-1998-jonew-judis-16703-2cc987.md: CausalDAG.add_fact() got an unexpected keyword argument 'content'
  ERROR 10317-2006-jonew-judis-30491-d7401a.md: CausalDAG.add_fact() got an unexpected keyword argument 'content'
  ERROR 10318-2008-supremecourt-2008-10318-10318-2008-8-1501-19736-judge-3d3485.md: CausalDAG.add_fact() got an unexpected keyword argument 'content'
  ERROR 10318-2023-supremecourt-2023-10318-10318-2023-8-61-45584-judgeme-88536e.md: CausalDAG.add_fact() got an unexpected keyword argument 'content'
  ERROR 10319-2010-jonew-judis-37694-ab47a0.md: CausalDAG.add_fact() got an unexpected keyword argument 'content'
  ERROR 10320-2021-supremecourt-2021-10320-10320-2021-4-1501-36260-judge-c63122.md: CausalDAG.add_fact() got an unexpected keyword argument 'content'
  ERROR 10322-2013-jonew-judis-43883-5541a5.md: CausalDAG.add_fact() got an unexpected keyword argument 'content'
  ERROR 10322-2013-supremecourt-2013-10322-10322-2013-judgement-17-aug-2-832114.md: CausalDAG.add_fact() got an unexpected keyword argument 'content'
  ERROR 10326-2002-jonew-judis-39407-712d1e.md: CausalDAG.add_fact() got an unexpected keyword argument 'content'
  ERROR 10327-2012-jonew-judis-40882-cb1ebe.md: CausalDAG.add_fact() got an unexpected keyword argument 'content'
  ERROR 10328-2000-jonew-judis-29950-94e7f3.md: CausalDAG.add_fact() got an unexpected keyword argument 'content'
  ERROR 10328-2021-supremecourt-2021-10328-10328-2021-37-1501-28962-judg-0cbd32.md: CausalDAG.add_fact() got an unexpected keyword argument 'content'
  ERROR 10329-2022-supremecourt-2022-10329-10329-2022-2-8-35597-judgemen-36aeef.md: CausalDAG.add_fact() got an unexpected keyword argument 'content'
  ERROR 1033-1999-jonew-judis-29091-278aa1.md: CausalDAG.add_fact() got an unexpected keyword argument 'content'
  ERROR 1033-1999-jonew-judis-29116-fd8a9c.md: CausalDAG.add_fact() got an unexpected keyword argument 'content'
  ERROR 1033-1999-jonew-judis-44320-eac3b8.md: CausalDAG.add_fact() got an unexpected keyword argument 'content'
  ERROR 1033-1999-supremecourt-1999-1033-1033-1999-judgement-18-may-2018-31a650.md: CausalDAG.add_fact() got an unexpected keyword argument 'content'
  ERROR 1033-1999-supremecourt-1999-1033-1033-1999-order-15-dec-2017-830cc1.md: CausalDAG.add_fact() got an unexpected keyword argument 'content'
  ERROR 1033-2012-jonew-judis-40699-6114e8.md: CausalDAG.add_fact() got an unexpected keyword argument 'content'
  ERROR 1033-2017-supremecourt-2017-1033-1033-2017-judgement-01-may-2019-23a57b.md: CausalDAG.add_fact() got an unexpected keyword argument 'content'
  ERROR 10330-2003-jonew-judis-38900-4d503b.md: CausalDAG.add_fact() got an unexpected keyword argument 'content'
  ERROR 10330-2017-supremecourt-2017-10330-10330-2017-judgement-24-aug-2-80beda.md: CausalDAG.add_fact() got an unexpected keyword argument 'content'
  ERROR 10332-2002-jonew-judis-32636-6f1eba.md: CausalDAG.add_fact() got an unexpected keyword argument 'content'
  ERROR 10332-2007-jonew-judis-33640-71ad54.md: CausalDAG.add_fact() got an unexpected keyword argument 'content'
  ERROR 10332-2016-supremecourt-2016-10332-10332-2016-judgement-07-feb-2-09db49.md: CausalDAG.add_fact() got an unexpected keyword argument 'content'
  ERROR 10334-1998-jonew-judis-25719-5c8a35.md: CausalDAG.add_fact() got an unexpected keyword argument 'content'
  ERROR 10334-2009-jonew-judis-35916-801d1d.md: CausalDAG.add_fact() got an unexpected keyword argument 'content'
  ERROR 10337-2011-jonew-judis-39726-58f680.md: CausalDAG.add_fact() got an unexpected keyword argument 'content'
  ERROR 10337-2014-jonew-judis-43871-0cc0ed.md: CausalDAG.add_fact() got an unexpected keyword argument 'content'
  ERROR 10338-1998-jonew-judis-20298-dd86ac.md: CausalDAG.add_fact() got an unexpected keyword argument 'content'
  ERROR 10339-2008-jonew-judis-40416-0ee670.md: CausalDAG.add_fact() got an unexpected keyword argument 'content'
  ERROR 10339-2010-jonew-judis-37561-de0c92.md: CausalDAG.add_fact() got an unexpected keyword argument 'content'
  ERROR 10340-1994-jonew-judis-15477-444264.md: CausalDAG.add_fact() got an unexpected keyword argument 'content'
  ERROR 10340-2021-supremecourt-2021-10340-10340-2021-11-1503-33404-judg-33d651.md: CausalDAG.add_fact() got an unexpected keyword argument 'content'
  ERROR 10341-2000-jonew-judis-20373-7b1a5b.md: CausalDAG.add_fact() got an unexpected keyword argument 'content'
  ERROR 10341-2002-jonew-judis-37545-227be8.md: CausalDAG.add_fact() got an unexpected keyword argument 'content'
  ERROR 10341-2012-jonew-judis-43728-27c9ff.md: CausalDAG.add_fact() got an unexpected keyword argument 'content'
  ERROR 10342-2016-supremecourt-2016-10342-10342-2016-7-1501-15938-judge-43bce4.md: CausalDAG.add_fact() got an unexpected keyword argument 'content'
  ERROR 10343-2002-jonew-judis-26500-0c7be9.md: CausalDAG.add_fact() got an unexpected keyword argument 'content'
  ERROR 10344-1997-jonew-judis-25874-6eac2a.md: CausalDAG.add_fact() got an unexpected keyword argument 'content'
  ERROR 10344-1997-jonew-judis-25883-d5f512.md: CausalDAG.add_fact() got an unexpected keyword argument 'content'
  ERROR 10345-1997-jonew-judis-16939-094cc7.md: CausalDAG.add_fact() got an unexpected keyword argument 'content'
  Batch 3: 1500/20531 docs, 0 facts, 1500 skipped, ETA 10.8m
  ERROR 10345-2006-jonew-judis-33852-48b31b.md: CausalDAG.add_fact() got an unexpected keyword argument 'content'
  ERROR 10345-2018-supremecourt-2018-10345-10345-2018-judgement-09-apr-2-43dba1.md: CausalDAG.add_fact() got an unexpected keyword argument 'content'
  ERROR 10348-1994-jonew-judis-18386-20fea7.md: CausalDAG.add_fact() got an unexpected keyword argument 'content'
  ERROR 10348-2013-supremecourt-2013-10348-10348-2013-judgement-07-sep-2-5a8293.md: CausalDAG.add_fact() got an unexpected keyword argument 'content'
  ERROR 10349-2013-jonew-judis-43977-071728.md: CausalDAG.add_fact() got an unexpected keyword argument 'content'
  ERROR 10350-2021-supremecourt-2021-10350-10350-2021-43-1501-33185-judg-4b7440.md: CausalDAG.add_fact() got an unexpected keyword argument 'content'
  ERROR 10351-2001-jonew-judis-27544-f2f03f.md: CausalDAG.add_fact() got an unexpected keyword argument 'content'
  ERROR 10351-2001-jonew-judis-27575-354911.md: CausalDAG.add_fact() got an unexpected keyword argument 'content'
  ERROR 10351-2004-jonew-judis-26510-1162b1.md: CausalDAG.add_fact() got an unexpected keyword argument 'content'
  ERROR 10353-2020-supremecourt-2020-10353-10353-2020-33-1502-24337-judg-3c6595.md: CausalDAG.add_fact() got an unexpected keyword argument 'content'
  ERROR 10354-2013-supremecourt-2013-10354-10354-2013-16-1501-43893-judg-4c8f44.md: CausalDAG.add_fact() got an unexpected keyword argument 'content'
  ERROR 10354-2020-supremecourt-2020-10354-10354-2020-34-1503-30692-judg-27f881.md: CausalDAG.add_fact() got an unexpected keyword argument 'content'
  ERROR 10355-1997-jonew-judis-17697-737b50.md: CausalDAG.add_fact() got an unexpected keyword argument 'content'
  ERROR 10357-1995-jonew-judis-16102-9af15a.md: CausalDAG.add_fact() got an unexpected keyword argument 'content'
  ERROR 1036-2000-jonew-judis-27817-387172.md: CausalDAG.add_fact() got an unexpected keyword argument 'content'
  ERROR 1036-2006-jonew-judis-35007-03138d.md: CausalDAG.add_fact() got an unexpected keyword argument 'content'
  ERROR 10360-2000-jonew-judis-18329-927da2.md: CausalDAG.add_fact() got an unexpected keyword argument 'content'
  ERROR 10363-2006-jonew-judis-32505-f02622.md: CausalDAG.add_fact() got an unexpected keyword argument 'content'
  ERROR 10363-2007-jonew-judis-29979-ea3191.md: CausalDAG.add_fact() got an unexpected keyword argument 'content'
  ERROR 10364-2000-jonew-judis-17861-91e9b6.md: CausalDAG.add_fact() got an unexpected keyword argument 'content'
  ERROR 10364-2017-supremecourt-2017-10364-10364-2017-judgement-31-jul-2-c59b98.md: CausalDAG.add_fact() got an unexpected keyword argument 'content'
  ERROR 10367-2000-jonew-judis-28987-d80ea0.md: CausalDAG.add_fact() got an unexpected keyword argument 'content'
  ERROR 10368-1999-jonew-judis-28431-66f692.md: CausalDAG.add_fact() got an unexpected keyword argument 'content'
  ERROR 10369-2022-supremecourt-2022-10369-10369-2022-1-1-35032-judgemen-e749cc.md: CausalDAG.add_fact() got an unexpected keyword argument 'content'
  ERROR 10370-1999-jonew-judis-20767-6d9230.md: CausalDAG.add_fact() got an unexpected keyword argument 'content'
  ERROR 10370-2010-jonew-judis-38627-9e7ae3.md: CausalDAG.add_fact() got an unexpected keyword argument 'content'
  ERROR 10370-2011-supremecourt-2011-10370-10370-2011-15-1501-46120-judg-0b0c7e.md: CausalDAG.add_fact() got an unexpected keyword argument 'content'
  ERROR 10371-2007-jonew-judis-36431-47eb4e.md: CausalDAG.add_fact() got an unexpected keyword argument 'content'
  ERROR 10372-1995-jonew-judis-15533-a0a81b.md: CausalDAG.add_fact() got an unexpected keyword argument 'content'
  ERROR 10373-1993-jonew-judis-10279-8cb123.md: CausalDAG.add_fact() got an unexpected keyword argument 'content'
  ERROR 10375-2013-jonew-judis-44413-197f97.md: CausalDAG.add_fact() got an unexpected keyword argument 'content'
  ERROR 10375-2013-jonew-judis-44707-5d1016.md: CausalDAG.add_fact() got an unexpected keyword argument 'content'
  ERROR 10376-2010-jonew-judis-39966-adff77.md: CausalDAG.add_fact() got an unexpected keyword argument 'content'
  ERROR 10376-2021-supremecourt-2021-10376-10376-2021-38-1501-29510-judg-2a43c2.md: CausalDAG.add_fact() got an unexpected keyword argument 'content'
  ERROR 10377-1997-jonew-judis-26685-23ebeb.md: CausalDAG.add_fact() got an unexpected keyword argument 'content'
  ERROR 10377-1998-jonew-judis-16794-f80279.md: CausalDAG.add_fact() got an unexpected keyword argument 'content'
  ERROR 10377-2006-jonew-judis-30677-5edabf.md: CausalDAG.add_fact() got an unexpected keyword argument 'content'
  ERROR 10378-2001-jonew-judis-32377-db4e20.md: CausalDAG.add_fact() got an unexpected keyword argument 'content'
  ERROR 10379-2005-jonew-judis-27109-0aeb8c.md: CausalDAG.add_fact() got an unexpected keyword argument 'content'
  ERROR 10380-2006-jonew-judis-34010-145cbf.md: CausalDAG.add_fact() got an unexpected keyword argument 'content'
  ERROR 10382-2002-jonew-judis-34665-6136b1.md: CausalDAG.add_fact() got an unexpected keyword argument 'content'
  ERROR 10382-2024-supremecourt-2024-10382-10382-2024-1-301-51365-judgem-ed8456.md: CausalDAG.add_fact() got an unexpected keyword argument 'content'
  ERROR 10383-2006-jonew-judis-30568-37d2d4.md: CausalDAG.add_fact() got an unexpected keyword argument 'content'
  ERROR 10385-2007-jonew-judis-30074-fa820d.md: CausalDAG.add_fact() got an unexpected keyword argument 'content'
  ERROR 10386-1994-jonew-judis-10437-f07b9d.md: CausalDAG.add_fact() got an unexpected keyword argument 'content'
  ERROR 10387-2012-jonew-judis-40954-629be5.md: CausalDAG.add_fact() got an unexpected keyword argument 'content'
  ERROR 10389-2021-supremecourt-2021-10389-10389-2021-4-1504-40734-judge-c0c28f.md: CausalDAG.add_fact() got an unexpected keyword argument 'content'
  ERROR 1039-2003-jonew-judis-29663-372a11.md: CausalDAG.add_fact() got an unexpected keyword argument 'content'
  ERROR 10390-2021-supremecourt-2021-10390-10390-2021-13-1501-38309-judg-985f58.md: CausalDAG.add_fact() got an unexpected keyword argument 'content'
  ERROR 10391-2002-jonew-judis-19141-f6c9cb.md: CausalDAG.add_fact() got an unexpected keyword argument 'content'
  ERROR 10391-2002-jonew-judis-19301-6176c4.md: CausalDAG.add_fact() got an unexpected keyword argument 'content'
  ERROR 10391-2013-jonew-judis-43404-23c0ef.md: CausalDAG.add_fact() got an unexpected keyword argument 'content'
  ERROR 10392-2009-supremecourt-2009-10392-10392-2009-judgement-29-mar-2-73315a.md: CausalDAG.add_fact() got an unexpected keyword argument 'content'
  ERROR 10395-2011-jonew-judis-38986-eb307f.md: CausalDAG.add_fact() got an unexpected keyword argument 'content'
  ERROR 10396-2007-jonew-judis-38006-a25ea9.md: CausalDAG.add_fact() got an unexpected keyword argument 'content'
  ERROR 10396-2011-jonew-judis-39683-663565.md: CausalDAG.add_fact() got an unexpected keyword argument 'content'
  ERROR 10396-2015-supremecourt-2015-10396-10396-2015-judgement-15-feb-2-f78079.md: CausalDAG.add_fact() got an unexpected keyword argument 'content'
  ERROR 10397-2007-jonew-judis-31676-181e7d.md: CausalDAG.add_fact() got an unexpected keyword argument 'content'
  ERROR 10398-2002-supremecourt-2002-10398-10398-2002-14-101-33951-judge-731b24.md: CausalDAG.add_fact() got an unexpected keyword argument 'content'
  ERROR 10398-2008-jonew-judis-41144-dc2918.md: CausalDAG.add_fact() got an unexpected keyword argument 'content'
  ERROR 10399-2011-jonew-judis-39561-48d902.md: CausalDAG.add_fact() got an unexpected keyword argument 'content'
  ERROR 104-1952-jonew-judis-1123-f35d24.md: CausalDAG.add_fact() got an unexpected keyword argument 'content'
  ERROR 104-1955-jonew-judis-675-d861df.md: CausalDAG.add_fact() got an unexpected keyword argument 'content'
  ERROR 104-1956-jonew-judis-642-a2c038.md: CausalDAG.add_fact() got an unexpected keyword argument 'content'
  ERROR 104-1958-jonew-judis-405-146a4c.md: CausalDAG.add_fact() got an unexpected keyword argument 'content'
  ERROR 104-1959-jonew-judis-4343-ea3add.md: CausalDAG.add_fact() got an unexpected keyword argument 'content'
  ERROR 104-1960-jonew-judis-3827-d69398.md: CausalDAG.add_fact() got an unexpected keyword argument 'content'
  ERROR 104-1961-jonew-judis-3969-c02a43.md: CausalDAG.add_fact() got an unexpected keyword argument 'content'
  ERROR 104-1962-jonew-judis-3322-d4b556.md: CausalDAG.add_fact() got an unexpected keyword argument 'content'
  ERROR 104-1963-jonew-judis-3378-01a243.md: CausalDAG.add_fact() got an unexpected keyword argument 'content'
  ERROR 104-1965-jonew-judis-2087-52a6df.md: CausalDAG.add_fact() got an unexpected keyword argument 'content'
  ERROR 104-1967-jonew-judis-2257-ff9645.md: CausalDAG.add_fact() got an unexpected keyword argument 'content'
  ERROR 104-2005-jonew-judis-28054-c1ccbb.md: CausalDAG.add_fact() got an unexpected keyword argument 'content'
  ERROR 1040-2004-jonew-judis-26635-5c1a87.md: CausalDAG.add_fact() got an unexpected keyword argument 'content'
  ERROR 1040-2004-jonew-judis-26641-75c496.md: CausalDAG.add_fact() got an unexpected keyword argument 'content'
  ERROR 10400-2001-jonew-judis-35467-380ea7.md: CausalDAG.add_fact() got an unexpected keyword argument 'content'
  ERROR 10400-2020-supremecourt-2020-10400-10400-2020-3-3-37143-judgemen-77f0e3.md: CausalDAG.add_fact() got an unexpected keyword argument 'content'
  ERROR 10401-2019-supremecourt-2019-10401-10401-2019-11-1501-19639-judg-1b2983.md: CausalDAG.add_fact() got an unexpected keyword argument 'content'
  ERROR 10405-2001-jonew-judis-20699-7f8566.md: CausalDAG.add_fact() got an unexpected keyword argument 'content'
  ERROR 10407-1994-jonew-judis-14533-195e2e.md: CausalDAG.add_fact() got an unexpected keyword argument 'content'
  ERROR 10407-2000-jonew-judis-18099-305f92.md: CausalDAG.add_fact() got an unexpected keyword argument 'content'
  ERROR 10410-1995-jonew-judis-15771-8eb140.md: CausalDAG.add_fact() got an unexpected keyword argument 'content'
  ERROR 10410-2013-jonew-judis-41213-34a9db.md: CausalDAG.add_fact() got an unexpected keyword argument 'content'
  ERROR 10410-2021-supremecourt-2021-10410-10410-2021-39-10-28717-judgem-37555e.md: CausalDAG.add_fact() got an unexpected keyword argument 'content'
  ERROR 10412-1999-jonew-judis-17277-34ecb3.md: CausalDAG.add_fact() got an unexpected keyword argument 'content'
  ERROR 10412-2005-jonew-judis-29768-a799d4.md: CausalDAG.add_fact() got an unexpected keyword argument 'content'
  ERROR 10414-2009-supremecourt-2009-10414-10414-2009-12-1501-20021-judg-c1495d.md: CausalDAG.add_fact() got an unexpected keyword argument 'content'
  ERROR 10415-2006-jonew-judis-28597-7d9073.md: CausalDAG.add_fact() got an unexpected keyword argument 'content'
  ERROR 10415-2018-supremecourt-2018-10415-10415-2018-9-1502-16069-judge-f20565.md: CausalDAG.add_fact() got an unexpected keyword argument 'content'
  ERROR 10415-2022-supremecourt-2022-10415-10415-2022-4-1510-41177-judge-92eb70.md: CausalDAG.add_fact() got an unexpected keyword argument 'content'
  ERROR 10416-1994-jonew-judis-10478-54e6d3.md: CausalDAG.add_fact() got an unexpected keyword argument 'content'
  ERROR 10417-2016-jonew-judis-44423-3f689b.md: CausalDAG.add_fact() got an unexpected keyword argument 'content'
  ERROR 1042-1996-jonew-judis-25781-88dd4c.md: CausalDAG.add_fact() got an unexpected keyword argument 'content'
  ERROR 1042-1996-jonew-judis-25792-9ea0c5.md: CausalDAG.add_fact() got an unexpected keyword argument 'content'
  ERROR 1042-2004-jonew-judis-27376-065f9b.md: CausalDAG.add_fact() got an unexpected keyword argument 'content'
  ERROR 1042-2021-supremecourt-2021-1042-1042-2021-3-33-37102-judgement-497eeb.md: CausalDAG.add_fact() got an unexpected keyword argument 'content'
  ERROR 10421-1997-jonew-judis-25864-a90033.md: CausalDAG.add_fact() got an unexpected keyword argument 'content'
  ERROR 10424-2011-jonew-judis-38439-39a46e.md: CausalDAG.add_fact() got an unexpected keyword argument 'content'
  ERROR 10425-2004-jonew-judis-27756-959f25.md: CausalDAG.add_fact() got an unexpected keyword argument 'content'
  ERROR 10425-2007-supremecourt-2007-10425-10425-2007-16-1501-20191-judg-115688.md: CausalDAG.add_fact() got an unexpected keyword argument 'content'
  ERROR 10432-2003-jonew-judis-40992-3b1ddc.md: CausalDAG.add_fact() got an unexpected keyword argument 'content'
  ERROR 10434-1995-jonew-judis-14837-e8131e.md: CausalDAG.add_fact() got an unexpected keyword argument 'content'
  ERROR 10434-1997-jonew-judis-17335-2a653a.md: CausalDAG.add_fact() got an unexpected keyword argument 'content'
  ERROR 10435-1998-jonew-judis-26446-6d71de.md: CausalDAG.add_fact() got an unexpected keyword argument 'content'
  ERROR 10437-2010-jonew-judis-43426-3c8043.md: CausalDAG.add_fact() got an unexpected keyword argument 'content'
  ERROR 10437-2014-supremecourt-2014-10437-10437-2014-5-1501-35527-judge-379c36.md: CausalDAG.add_fact() got an unexpected keyword argument 'content'
  ERROR 10438-1999-jonew-judis-26838-291f90.md: CausalDAG.add_fact() got an unexpected keyword argument 'content'
  ERROR 10438-2007-jonew-judis-30490-d6352d.md: CausalDAG.add_fact() got an unexpected keyword argument 'content'
  ERROR 10439-2007-supremecourt-2007-10439-10439-2007-judgement-19-feb-2-f53c70.md: CausalDAG.add_fact() got an unexpected keyword argument 'content'
  ERROR 10444-2007-jonew-judis-30066-cfe78e.md: CausalDAG.add_fact() got an unexpected keyword argument 'content'
  ERROR 10447-1998-jonew-judis-26420-e4e5ae.md: CausalDAG.add_fact() got an unexpected keyword argument 'content'
  ERROR 10447-2004-jonew-judis-33019-4b05ff.md: CausalDAG.add_fact() got an unexpected keyword argument 'content'
  ERROR 10448-1998-jonew-judis-26751-f5813f.md: CausalDAG.add_fact() got an unexpected keyword argument 'content'
  ERROR 10450-2010-supremecourt-2010-10450-10450-2010-32-104-23710-judge-cd2e8c.md: CausalDAG.add_fact() got an unexpected keyword argument 'content'
  ERROR 10450-2013-jonew-judis-43232-8d773d.md: CausalDAG.add_fact() got an unexpected keyword argument 'content'
  ERROR 10451-2001-jonew-judis-28349-6f5a4c.md: CausalDAG.add_fact() got an unexpected keyword argument 'content'
  ERROR 10454-1995-jonew-judis-15917-94fa34.md: CausalDAG.add_fact() got an unexpected keyword argument 'content'
  ERROR 10454-2017-supremecourt-2017-2017-judgement-30-oct-2017-4f99e2.md: CausalDAG.add_fact() got an unexpected keyword argument 'content'
  ERROR 10456-1999-jonew-judis-26623-c0dcc6.md: CausalDAG.add_fact() got an unexpected keyword argument 'content'
  ERROR 10456-2017-supremecourt-2017-10456-10456-2017-7-1501-35943-judge-5ffdef.md: CausalDAG.add_fact() got an unexpected keyword argument 'content'
  ERROR 10457-2004-jonew-judis-29022-24a45c.md: CausalDAG.add_fact() got an unexpected keyword argument 'content'
  ERROR 10458-2018-supremecourt-2018-10458-10458-2018-11-1501-21041-judg-af2806.md: CausalDAG.add_fact() got an unexpected keyword argument 'content'
  ERROR 10459-2016-supremecourt-2016-10459-10459-2016-judgement-27-mar-2-57e33a.md: CausalDAG.add_fact() got an unexpected keyword argument 'content'
  ERROR 10460-1997-jonew-judis-20779-318475.md: CausalDAG.add_fact() got an unexpected keyword argument 'content'
  ERROR 10460-2011-jonew-judis-38648-73c4ea.md: CausalDAG.add_fact() got an unexpected keyword argument 'content'
  ERROR 10461-2004-jonew-judis-40526-d54e06.md: CausalDAG.add_fact() got an unexpected keyword argument 'content'
  ERROR 10461-2005-jonew-judis-27125-59b583.md: CausalDAG.add_fact() got an unexpected keyword argument 'content'
  ERROR 10461-2016-supremecourt-2016-10461-10461-2016-judgement-12-mar-2-b2c64d.md: CausalDAG.add_fact() got an unexpected keyword argument 'content'
  ERROR 10464-2005-jonew-judis-27615-5a270e.md: CausalDAG.add_fact() got an unexpected keyword argument 'content'
  ERROR 10465-1995-jonew-judis-10646-d86563.md: CausalDAG.add_fact() got an unexpected keyword argument 'content'
  ERROR 10468-1997-jonew-judis-16947-0e685d.md: CausalDAG.add_fact() got an unexpected keyword argument 'content'
  ERROR 10468-2003-jonew-judis-35585-b5ac59.md: CausalDAG.add_fact() got an unexpected keyword argument 'content'
  ERROR 10468-2011-supremecourt-2011-10468-10468-2011-12-1501-53021-judg-ba904c.md: CausalDAG.add_fact() got an unexpected keyword argument 'content'
  ERROR 10468-2015-jonew-courtnic-rop-2015-10468-rop-875394-2f9686.md: CausalDAG.add_fact() got an unexpected keyword argument 'content'
  ERROR 10468-2020-supremecourt-2020-10468-10468-2020-14-9-21559-judgeme-764fae.md: CausalDAG.add_fact() got an unexpected keyword argument 'content'
  ERROR 1047-2010-jonew-judis-37112-63f3fb.md: CausalDAG.add_fact() got an unexpected keyword argument 'content'
  ERROR 10470-2004-jonew-judis-34495-813220.md: CausalDAG.add_fact() got an unexpected keyword argument 'content'
  ERROR 10471-1999-jonew-judis-19003-24c3ae.md: CausalDAG.add_fact() got an unexpected keyword argument 'content'
  ERROR 10472-2004-jonew-judis-27805-dd25f4.md: CausalDAG.add_fact() got an unexpected keyword argument 'content'
  ERROR 10473-2022-supremecourt-2022-10473-10473-2022-4-1508-42571-judge-4babeb.md: CausalDAG.add_fact() got an unexpected keyword argument 'content'
  ERROR 10484-2010-jonew-judis-41107-fb8179.md: CausalDAG.add_fact() got an unexpected keyword argument 'content'
  ERROR 10485-2008-jonew-judis-34426-412c47.md: CausalDAG.add_fact() got an unexpected keyword argument 'content'
  ERROR 10490-2003-jonew-judis-19384-bb934b.md: CausalDAG.add_fact() got an unexpected keyword argument 'content'
  ERROR 10491-2003-jonew-judis-37591-2a7ffc.md: CausalDAG.add_fact() got an unexpected keyword argument 'content'
  ERROR 10495-2006-jonew-judis-28366-4f3811.md: CausalDAG.add_fact() got an unexpected keyword argument 'content'
  ERROR 10496-1994-jonew-judis-10952-7061aa.md: CausalDAG.add_fact() got an unexpected keyword argument 'content'
  ERROR 10496-1999-jonew-judis-26811-be01f1.md: CausalDAG.add_fact() got an unexpected keyword argument 'content'
  ERROR 105-1952-jonew-judis-1131-f0d4c0.md: CausalDAG.add_fact() got an unexpected keyword argument 'content'
  ERROR 105-1955-jonew-judis-678-500db8.md: CausalDAG.add_fact() got an unexpected keyword argument 'content'
  ERROR 105-1956-jonew-judis-653-ade3a5.md: CausalDAG.add_fact() got an unexpected keyword argument 'content'
  ERROR 105-1958-jonew-judis-416-f674f0.md: CausalDAG.add_fact() got an unexpected keyword argument 'content'
  ERROR 105-1959-jonew-judis-4345-56aa9b.md: CausalDAG.add_fact() got an unexpected keyword argument 'content'
  ERROR 105-1960-jonew-judis-3830-fa4e34.md: CausalDAG.add_fact() got an unexpected keyword argument 'content'
  ERROR 105-1961-jonew-judis-3970-311037.md: CausalDAG.add_fact() got an unexpected keyword argument 'content'
  ERROR 105-1962-jonew-judis-3323-99a4ec.md: CausalDAG.add_fact() got an unexpected keyword argument 'content'
  ERROR 105-1963-jonew-judis-3379-028604.md: CausalDAG.add_fact() got an unexpected keyword argument 'content'
  ERROR 105-1965-jonew-judis-2088-6bf318.md: CausalDAG.add_fact() got an unexpected keyword argument 'content'
  ERROR 105-1967-jonew-judis-2260-50cf79.md: CausalDAG.add_fact() got an unexpected keyword argument 'content'
  ERROR 105-2002-jonew-judis-31351-9cbd06.md: CausalDAG.add_fact() got an unexpected keyword argument 'content'
  ERROR 1050-2003-jonew-judis-30441-e3c52e.md: CausalDAG.add_fact() got an unexpected keyword argument 'content'
  ERROR 1050-2008-jonew-judis-34188-7113e1.md: CausalDAG.add_fact() got an unexpected keyword argument 'content'
  ERROR 10500-1995-jonew-judis-16993-33a19d.md: CausalDAG.add_fact() got an unexpected keyword argument 'content'
  ERROR 10502-1999-jonew-judis-27807-8c9054.md: CausalDAG.add_fact() got an unexpected keyword argument 'content'
  ERROR 10503-1994-jonew-judis-16073-09fcae.md: CausalDAG.add_fact() got an unexpected keyword argument 'content'
  ERROR 10505-2007-jonew-judis-31248-0d714f.md: CausalDAG.add_fact() got an unexpected keyword argument 'content'
  ERROR 10506-1994-jonew-judis-10905-f06d93.md: CausalDAG.add_fact() got an unexpected keyword argument 'content'
  ERROR 10506-2004-jonew-judis-27985-0405c1.md: CausalDAG.add_fact() got an unexpected keyword argument 'content'
  ERROR 10506-2007-jonew-judis-36954-6334ac.md: CausalDAG.add_fact() got an unexpected keyword argument 'content'
  ERROR 10507-2008-jonew-judis-33847-9a2476.md: CausalDAG.add_fact() got an unexpected keyword argument 'content'
  ERROR 10508-2020-supremecourt-2020-10508-10508-2020-14-10-21559-judgem-cd3624.md: CausalDAG.add_fact() got an unexpected keyword argument 'content'
  ERROR 10510-1994-jonew-judis-10332-de2e2f.md: CausalDAG.add_fact() got an unexpected keyword argument 'content'
  ERROR 10510-2004-jonew-judis-28818-d94a70.md: CausalDAG.add_fact() got an unexpected keyword argument 'content'
  ERROR 10510-2004-jonew-judis-34343-f26e45.md: CausalDAG.add_fact() got an unexpected keyword argument 'content'
  ERROR 10511-2000-jonew-judis-32351-f4cae8.md: CausalDAG.add_fact() got an unexpected keyword argument 'content'
  ERROR 10511-2007-jonew-judis-41490-5258d9.md: CausalDAG.add_fact() got an unexpected keyword argument 'content'
  ERROR 10513-2004-jonew-judis-27111-7a52a8.md: CausalDAG.add_fact() got an unexpected keyword argument 'content'
  ERROR 10513-2004-jonew-judis-30891-a3305c.md: CausalDAG.add_fact() got an unexpected keyword argument 'content'
  ERROR 10519-1995-jonew-judis-16273-510e1c.md: CausalDAG.add_fact() got an unexpected keyword argument 'content'
  ERROR 10519-2000-jonew-judis-17622-dd7ddd.md: CausalDAG.add_fact() got an unexpected keyword argument 'content'
  ERROR 10519-2012-jonew-judis-41971-3ba98f.md: CausalDAG.add_fact() got an unexpected keyword argument 'content'
  ERROR 1052-2018-supremecourt-2018-1052-1052-2018-12-1502-17954-judgeme-a765f9.md: CausalDAG.add_fact() got an unexpected keyword argument 'content'
  ERROR 10522-2011-jonew-judis-43450-5b6e2a.md: CausalDAG.add_fact() got an unexpected keyword argument 'content'
  ERROR 10523-2008-supremecourt-2008-10523-10523-2008-judgement-07-jan-2-968eed.md: CausalDAG.add_fact() got an unexpected keyword argument 'content'
  ERROR 10523-2012-jonew-judis-40888-a2a104.md: CausalDAG.add_fact() got an unexpected keyword argument 'content'
  ERROR 10526-2010-supremecourt-2010-10526-10526-2010-16-1502-46737-judg-199e8b.md: CausalDAG.add_fact() got an unexpected keyword argument 'content'
  ERROR 10528-2019-supremecourt-2019-10528-10528-2019-36-1501-25235-judg-b37030.md: CausalDAG.add_fact() got an unexpected keyword argument 'content'
  ERROR 10529-2013-supremecourt-2013-10529-10529-2013-1-102-32250-judgem-d6d8c3.md: CausalDAG.add_fact() got an unexpected keyword argument 'content'
  ERROR 10530-2006-jonew-judis-28723-300cd5.md: CausalDAG.add_fact() got an unexpected keyword argument 'content'
  ERROR 10532-2013-supremecourt-2013-10532-10532-2013-3-1501-17728-judge-34d9cc.md: CausalDAG.add_fact() got an unexpected keyword argument 'content'
  ERROR 10532-2019-supremecourt-2019-10532-10532-2019-44-47-31807-judgem-823bb1.md: CausalDAG.add_fact() got an unexpected keyword argument 'content'
  ERROR 10533-2000-jonew-judis-17542-d663d3.md: CausalDAG.add_fact() got an unexpected keyword argument 'content'
  ERROR 10533-2003-jonew-judis-35141-d98302.md: CausalDAG.add_fact() got an unexpected keyword argument 'content'
  ERROR 10533-2020-supremecourt-2020-10533-10533-2020-31-1501-24629-judg-20ac5c.md: CausalDAG.add_fact() got an unexpected keyword argument 'content'
  ERROR 10534-2006-jonew-judis-32099-e21576.md: CausalDAG.add_fact() got an unexpected keyword argument 'content'
  ERROR 10534-2015-supremecourt-2015-10534-10534-2015-judgement-22-mar-2-0bf620.md: CausalDAG.add_fact() got an unexpected keyword argument 'content'
  ERROR 10536-2007-jonew-judis-44701-80f9db.md: CausalDAG.add_fact() got an unexpected keyword argument 'content'
  ERROR 10537-2004-jonew-judis-37707-6b03bd.md: CausalDAG.add_fact() got an unexpected keyword argument 'content'
  ERROR 10538-1997-jonew-judis-17623-8c00be.md: CausalDAG.add_fact() got an unexpected keyword argument 'content'
  ERROR 10538-2013-jonew-judis-41873-24cb62.md: CausalDAG.add_fact() got an unexpected keyword argument 'content'
  ERROR 10540-1995-jonew-judis-13393-96de72.md: CausalDAG.add_fact() got an unexpected keyword argument 'content'
  ERROR 10540-2007-jonew-judis-33286-3d02c1.md: CausalDAG.add_fact() got an unexpected keyword argument 'content'
  ERROR 10543-2001-jonew-judis-18290-b2e13e.md: CausalDAG.add_fact() got an unexpected keyword argument 'content'
  ERROR 10544-2020-supremecourt-2020-10544-10544-2020-2-1501-38948-judge-3f6de5.md: CausalDAG.add_fact() got an unexpected keyword argument 'content'
  ERROR 10547-2021-supremecourt-2021-10547-10547-2021-34-1502-29489-judg-621662.md: CausalDAG.add_fact() got an unexpected keyword argument 'content'
  ERROR 10548-2000-jonew-judis-29513-d57563.md: CausalDAG.add_fact() got an unexpected keyword argument 'content'
  ERROR 10548-2010-jonew-judis-44420-4f1fa3.md: CausalDAG.add_fact() got an unexpected keyword argument 'content'
  ERROR 10549-2007-jonew-judis-31456-8a20ff.md: CausalDAG.add_fact() got an unexpected keyword argument 'content'
  ERROR 10549-2007-jonew-judis-39265-243a55.md: CausalDAG.add_fact() got an unexpected keyword argument 'content'
  ERROR 10549-2020-supremecourt-2020-10549-10549-2020-2-1502-32062-judge-8e2c17.md: CausalDAG.add_fact() got an unexpected keyword argument 'content'
  ERROR 10550-1998-jonew-judis-18961-afa195.md: CausalDAG.add_fact() got an unexpected keyword argument 'content'
  ERROR 10550-1998-jonew-judis-18993-7a61ee.md: CausalDAG.add_fact() got an unexpected keyword argument 'content'
  ERROR 10551-1994-jonew-judis-20653-db089e.md: CausalDAG.add_fact() got an unexpected keyword argument 'content'
  ERROR 10551-1995-jonew-judis-15394-3bcef3.md: CausalDAG.add_fact() got an unexpected keyword argument 'content'
  ERROR 10551-2006-jonew-judis-30118-2fa469.md: CausalDAG.add_fact() got an unexpected keyword argument 'content'
  ERROR 10551-2012-jonew-courtnic-rop-2012-10551-rop-149747-b26f0f.md: CausalDAG.add_fact() got an unexpected keyword argument 'content'
  ERROR 10552-1994-jonew-judis-19027-a43926.md: CausalDAG.add_fact() got an unexpected keyword argument 'content'
  ERROR 10554-1997-jonew-judis-17646-17e48f.md: CausalDAG.add_fact() got an unexpected keyword argument 'content'
  ERROR 10554-1997-jonew-judis-26582-9f1415.md: CausalDAG.add_fact() got an unexpected keyword argument 'content'
  ERROR 10554-1997-jonew-judis-26594-567b4f.md: CausalDAG.add_fact() got an unexpected keyword argument 'content'
  ERROR 10554-1997-jonew-judis-30225-7162d6.md: CausalDAG.add_fact() got an unexpected keyword argument 'content'
  ERROR 10554-2003-jonew-judis-26476-b2df58.md: CausalDAG.add_fact() got an unexpected keyword argument 'content'
  ERROR 10555-2003-supremecourt-2003-10555-10555-2003-1-103-38624-judgem-18bc7d.md: CausalDAG.add_fact() got an unexpected keyword argument 'content'
  ERROR 10556-2000-jonew-judis-17355-511c91.md: CausalDAG.add_fact() got an unexpected keyword argument 'content'
  ERROR 10557-2006-jonew-judis-37585-7537d6.md: CausalDAG.add_fact() got an unexpected keyword argument 'content'
  ERROR 10557-2021-supremecourt-2021-10557-10557-2021-8-37-55930-judgeme-c78ab2.md: CausalDAG.add_fact() got an unexpected keyword argument 'content'
  ERROR 10558-2018-supremecourt-2018-10558-10558-2018-judgement-11-sep-2-a1d0e3.md: CausalDAG.add_fact() got an unexpected keyword argument 'content'
  ERROR 1056-2003-jonew-judis-33055-edec44.md: CausalDAG.add_fact() got an unexpected keyword argument 'content'
  ERROR 1056-2010-supremecourt-2010-1056-1056-2010-9-1501-57173-judgemen-fc20ac.md: CausalDAG.add_fact() got an unexpected keyword argument 'content'
  ERROR 10561-2016-supremecourt-2016-10561-10561-2016-1-106-38624-judgem-e66caf.md: CausalDAG.add_fact() got an unexpected keyword argument 'content'
  ERROR 10562-2012-supremecourt-2012-10562-10562-2012-14-1501-56170-judg-c5f0db.md: CausalDAG.add_fact() got an unexpected keyword argument 'content'
  ERROR 10564-2004-jonew-judis-36720-d5b0b4.md: CausalDAG.add_fact() got an unexpected keyword argument 'content'
  ERROR 10566-2006-jonew-judis-28461-e0b98f.md: CausalDAG.add_fact() got an unexpected keyword argument 'content'
  ERROR 10567-2000-jonew-judis-18612-214b98.md: CausalDAG.add_fact() got an unexpected keyword argument 'content'
  ERROR 10567-2000-jonew-judis-20658-c0b8c7.md: CausalDAG.add_fact() got an unexpected keyword argument 'content'
  ERROR 10568-2007-jonew-judis-36698-a01c5d.md: CausalDAG.add_fact() got an unexpected keyword argument 'content'
  ERROR 10569-2013-supremecourt-2013-10569-10569-2013-11-1502-45664-judg-238ff9.md: CausalDAG.add_fact() got an unexpected keyword argument 'content'
  ERROR 10569-2016-jonew-judis-43840-03a26e.md: CausalDAG.add_fact() got an unexpected keyword argument 'content'
  ERROR 1057-2016-supremecourt-2016-1057-1057-2016-13-1501-19257-judgeme-4e2d11.md: CausalDAG.add_fact() got an unexpected keyword argument 'content'
  ERROR 10571-2010-supremecourt-2010-10571-10571-2010-13-1503-30224-judg-37b168.md: CausalDAG.add_fact() got an unexpected keyword argument 'content'
  ERROR 10573-1997-jonew-judis-13598-09e8a5.md: CausalDAG.add_fact() got an unexpected keyword argument 'content'
  ERROR 10573-2005-jonew-judis-40836-439a38.md: CausalDAG.add_fact() got an unexpected keyword argument 'content'
  ERROR 10575-2006-jonew-judis-38801-57db72.md: CausalDAG.add_fact() got an unexpected keyword argument 'content'
  ERROR 10578-1995-jonew-judis-15702-b6f175.md: CausalDAG.add_fact() got an unexpected keyword argument 'content'
  ERROR 10578-1999-jonew-judis-26772-f119da.md: CausalDAG.add_fact() got an unexpected keyword argument 'content'
  ERROR 10580-2001-jonew-judis-30414-f3b1c0.md: CausalDAG.add_fact() got an unexpected keyword argument 'content'
  ERROR 10580-2004-jonew-judis-31721-9e424d.md: CausalDAG.add_fact() got an unexpected keyword argument 'content'
  ERROR 10583-2010-jonew-judis-37625-6551c7.md: CausalDAG.add_fact() got an unexpected keyword argument 'content'
  ERROR 10584-2006-jonew-judis-28195-630e21.md: CausalDAG.add_fact() got an unexpected keyword argument 'content'
  ERROR 10585-1994-jonew-judis-31849-714322.md: CausalDAG.add_fact() got an unexpected keyword argument 'content'
  ERROR 10585-1999-jonew-judis-17744-0ebb2b.md: CausalDAG.add_fact() got an unexpected keyword argument 'content'
  ERROR 10585-2019-supremecourt-2019-10585-10585-2019-15-1504-44763-judg-82bcc5.md: CausalDAG.add_fact() got an unexpected keyword argument 'content'
  ERROR 10586-2011-jonew-judis-44404-80aa53.md: CausalDAG.add_fact() got an unexpected keyword argument 'content'
  ERROR 10587-2009-jonew-judis-37279-4a036b.md: CausalDAG.add_fact() got an unexpected keyword argument 'content'
  ERROR 10587-2010-jonew-judis-36364-0780d5.md: CausalDAG.add_fact() got an unexpected keyword argument 'content'
  ERROR 10587-2016-jonew-courtnic-rop-2016-10587-rop-883823-40a2b6.md: CausalDAG.add_fact() got an unexpected keyword argument 'content'
  ERROR 10587-2016-supremecourt-2016-10587-10587-2016-9-1501-19135-judge-70144a.md: CausalDAG.add_fact() got an unexpected keyword argument 'content'
  ERROR 10588-1995-jonew-judis-14036-a5c394.md: CausalDAG.add_fact() got an unexpected keyword argument 'content'
  ERROR 10588-2005-jonew-judis-29499-4ecaf6.md: CausalDAG.add_fact() got an unexpected keyword argument 'content'
  ERROR 10589-2004-supremecourt-2004-10589-10589-2004-4-104-20468-judgem-f90960.md: CausalDAG.add_fact() got an unexpected keyword argument 'content'
  ERROR 10589-2021-supremecourt-2021-10589-10589-2021-40-8-33097-judgeme-930916.md: CausalDAG.add_fact() got an unexpected keyword argument 'content'
  ERROR 1059-1994-jonew-judis-11036-150228.md: CausalDAG.add_fact() got an unexpected keyword argument 'content'
  ERROR 10591-2008-jonew-judis-33529-be706b.md: CausalDAG.add_fact() got an unexpected keyword argument 'content'
  ERROR 10593-2002-jonew-judis-19366-eb020a.md: CausalDAG.add_fact() got an unexpected keyword argument 'content'
  ERROR 10593-2021-supremecourt-2021-10593-10593-2021-2-1002-31872-judge-be5421.md: CausalDAG.add_fact() got an unexpected keyword argument 'content'
  ERROR 10594-1999-jonew-judis-18053-3d8f1f.md: CausalDAG.add_fact() got an unexpected keyword argument 'content'
  ERROR 10595-2002-jonew-judis-27138-cd8d08.md: CausalDAG.add_fact() got an unexpected keyword argument 'content'
  ERROR 10595-2016-supremecourt-2016-10595-10595-2016-judgement-15-mar-2-7d348e.md: CausalDAG.add_fact() got an unexpected keyword argument 'content'
  ERROR 10596-2004-jonew-judis-29915-24a026.md: CausalDAG.add_fact() got an unexpected keyword argument 'content'
  ERROR 10596-2022-supremecourt-2022-10596-10596-2022-1-35-37930-judgeme-edc98d.md: CausalDAG.add_fact() got an unexpected keyword argument 'content'
  ERROR 10598-2006-jonew-judis-29277-bf564d.md: CausalDAG.add_fact() got an unexpected keyword argument 'content'
  ERROR 10598-2007-jonew-judis-36585-6f19de.md: CausalDAG.add_fact() got an unexpected keyword argument 'content'
  ERROR 10599-1999-jonew-judis-17148-e894ce.md: CausalDAG.add_fact() got an unexpected keyword argument 'content'
  ERROR 106-1952-jonew-judis-2971-9cceae.md: CausalDAG.add_fact() got an unexpected keyword argument 'content'
  ERROR 106-1955-jonew-judis-685-34824a.md: CausalDAG.add_fact() got an unexpected keyword argument 'content'
  ERROR 106-1956-jonew-judis-654-9abaa3.md: CausalDAG.add_fact() got an unexpected keyword argument 'content'
  ERROR 106-1958-jonew-judis-417-83d0a1.md: CausalDAG.add_fact() got an unexpected keyword argument 'content'
  ERROR 106-1959-jonew-judis-4347-31c858.md: CausalDAG.add_fact() got an unexpected keyword argument 'content'
  ERROR 106-1960-jonew-judis-3839-5205b9.md: CausalDAG.add_fact() got an unexpected keyword argument 'content'
  ERROR 106-1961-jonew-judis-3971-3fd570.md: CausalDAG.add_fact() got an unexpected keyword argument 'content'
  ERROR 106-1962-jonew-judis-3327-bf5043.md: CausalDAG.add_fact() got an unexpected keyword argument 'content'
  ERROR 106-1963-jonew-judis-3382-ba590f.md: CausalDAG.add_fact() got an unexpected keyword argument 'content'
  ERROR 106-1965-jonew-judis-2089-17bcec.md: CausalDAG.add_fact() got an unexpected keyword argument 'content'
  ERROR 106-1967-jonew-judis-2264-e0435c.md: CausalDAG.add_fact() got an unexpected keyword argument 'content'
  ERROR 10600-2007-jonew-judis-39218-f8fdaa.md: CausalDAG.add_fact() got an unexpected keyword argument 'content'
  ERROR 10601-2004-jonew-judis-39664-78cc21.md: CausalDAG.add_fact() got an unexpected keyword argument 'content'
  ERROR 10602-2002-jonew-judis-18796-011733.md: CausalDAG.add_fact() got an unexpected keyword argument 'content'
  ERROR 10604-1994-jonew-judis-14079-5a6608.md: CausalDAG.add_fact() got an unexpected keyword argument 'content'
  ERROR 10604-2024-supremecourt-2024-10604-10604-2024-3-1502-55041-judge-5fdb7a.md: CausalDAG.add_fact() got an unexpected keyword argument 'content'
  ERROR 10605-2002-jonew-judis-20665-83bdba.md: CausalDAG.add_fact() got an unexpected keyword argument 'content'
  ERROR 10605-2017-supremecourt-2017-10605-10605-2017-judgement-17-jul-2-fce9b4.md: CausalDAG.add_fact() got an unexpected keyword argument 'content'
  ERROR 10609-2002-jonew-judis-18562-25b6ef.md: CausalDAG.add_fact() got an unexpected keyword argument 'content'
  ERROR 10609-2009-supremecourt-2009-10609-10609-2009-13-1502-16840-judg-7d118b.md: CausalDAG.add_fact() got an unexpected keyword argument 'content'
  ERROR 10609-2013-supremecourt-2013-10609-10609-2013-order-25-apr-2019-4cb98e.md: CausalDAG.add_fact() got an unexpected keyword argument 'content'
  ERROR 1061-2006-jonew-judis-29585-10744a.md: CausalDAG.add_fact() got an unexpected keyword argument 'content'
  ERROR 10611-2000-jonew-judis-30786-152778.md: CausalDAG.add_fact() got an unexpected keyword argument 'content'
  ERROR 10611-2020-supremecourt-2020-10611-10611-2020-5-1-21569-judgemen-88c785.md: CausalDAG.add_fact() got an unexpected keyword argument 'content'
  ERROR 10613-1998-jonew-judis-17802-9ef907.md: CausalDAG.add_fact() got an unexpected keyword argument 'content'
  ERROR 10613-2012-jonew-judis-41267-4c2c77.md: CausalDAG.add_fact() got an unexpected keyword argument 'content'
  ERROR 10614-2017-jonew-judis-44893-da72f5.md: CausalDAG.add_fact() got an unexpected keyword argument 'content'
  ERROR 10620-2003-jonew-judis-38747-7ea87e.md: CausalDAG.add_fact() got an unexpected keyword argument 'content'
  ERROR 10621-2018-supremecourt-2018-10621-10621-2018-11-1501-19310-judg-d220fd.md: CausalDAG.add_fact() got an unexpected keyword argument 'content'
  ERROR 10626-2001-jonew-judis-30999-f23322.md: CausalDAG.add_fact() got an unexpected keyword argument 'content'
  ERROR 10627-1994-jonew-judis-10239-e0eada.md: CausalDAG.add_fact() got an unexpected keyword argument 'content'
  ERROR 10628-1999-jonew-judis-29582-52206b.md: CausalDAG.add_fact() got an unexpected keyword argument 'content'
  ERROR 1063-2003-jonew-judis-42548-da4941.md: CausalDAG.add_fact() got an unexpected keyword argument 'content'
  ERROR 10630-2001-jonew-judis-26317-ab8f55.md: CausalDAG.add_fact() got an unexpected keyword argument 'content'
  ERROR 10630-2006-jonew-judis-39235-8aebd4.md: CausalDAG.add_fact() got an unexpected keyword argument 'content'
  ERROR 10631-1997-jonew-judis-25943-bab0f3.md: CausalDAG.add_fact() got an unexpected keyword argument 'content'
  ERROR 10631-2006-jonew-judis-29883-fcaf00.md: CausalDAG.add_fact() got an unexpected keyword argument 'content'
  ERROR 10631-2008-supremecourt-2008-10631-10631-2008-judgement-15-feb-2-566739.md: CausalDAG.add_fact() got an unexpected keyword argument 'content'
  ERROR 10631-2013-jonew-judis-42239-0d72be.md: CausalDAG.add_fact() got an unexpected keyword argument 'content'
  ERROR 10633-2006-jonew-judis-35807-5c7387.md: CausalDAG.add_fact() got an unexpected keyword argument 'content'
  ERROR 10634-1994-jonew-judis-20268-30c464.md: CausalDAG.add_fact() got an unexpected keyword argument 'content'
  ERROR 10634-2006-jonew-judis-28707-2806e1.md: CausalDAG.add_fact() got an unexpected keyword argument 'content'
  ERROR 10635-2003-jonew-judis-35244-175666.md: CausalDAG.add_fact() got an unexpected keyword argument 'content'
  ERROR 10637-2002-jonew-judis-26425-7382b1.md: CausalDAG.add_fact() got an unexpected keyword argument 'content'
  ERROR 10639-2004-jonew-judis-33427-f50fde.md: CausalDAG.add_fact() got an unexpected keyword argument 'content'
  ERROR 10643-2007-jonew-judis-35529-99c559.md: CausalDAG.add_fact() got an unexpected keyword argument 'content'
  ERROR 10644-2011-jonew-judis-39010-68bb70.md: CausalDAG.add_fact() got an unexpected keyword argument 'content'
  ERROR 10646-2005-jonew-judis-37989-e7ca1c.md: CausalDAG.add_fact() got an unexpected keyword argument 'content'
  ERROR 10646-2009-jonew-judis-36118-5d07fc.md: CausalDAG.add_fact() got an unexpected keyword argument 'content'
  ERROR 10647-2005-jonew-judis-29820-cce55a.md: CausalDAG.add_fact() got an unexpected keyword argument 'content'
  ERROR 1065-2004-jonew-judis-26810-f33caf.md: CausalDAG.add_fact() got an unexpected keyword argument 'content'
  ERROR 10650-1999-jonew-judis-31170-b4d23d.md: CausalDAG.add_fact() got an unexpected keyword argument 'content'
  ERROR 10651-2021-supremecourt-2021-10651-10651-2021-31-301-30354-judge-35fcf7.md: CausalDAG.add_fact() got an unexpected keyword argument 'content'
  ERROR 10652-2000-jonew-judis-34277-37b327.md: CausalDAG.add_fact() got an unexpected keyword argument 'content'
  ERROR 10652-2003-jonew-judis-27237-fb1908.md: CausalDAG.add_fact() got an unexpected keyword argument 'content'
  ERROR 10655-2018-supremecourt-2018-10655-10655-2018-judgement-01-aug-2-40655f.md: CausalDAG.add_fact() got an unexpected keyword argument 'content'
  ERROR 10657-1999-jonew-judis-17188-994d8a.md: CausalDAG.add_fact() got an unexpected keyword argument 'content'
  ERROR 10659-2007-jonew-judis-36234-2e3275.md: CausalDAG.add_fact() got an unexpected keyword argument 'content'
  ERROR 10659-2012-jonew-judis-40935-853f1c.md: CausalDAG.add_fact() got an unexpected keyword argument 'content'
  ERROR 10664-2002-jonew-judis-36732-797524.md: CausalDAG.add_fact() got an unexpected keyword argument 'content'
  ERROR 10667-2003-jonew-judis-19398-3d8b27.md: CausalDAG.add_fact() got an unexpected keyword argument 'content'
  ERROR 10667-2005-jonew-judis-31152-573fed.md: CausalDAG.add_fact() got an unexpected keyword argument 'content'
  ERROR 10667-2006-jonew-judis-38796-6e97b2.md: CausalDAG.add_fact() got an unexpected keyword argument 'content'
  ERROR 10667-2007-jonew-judis-39339-7c4fa7.md: CausalDAG.add_fact() got an unexpected keyword argument 'content'
  ERROR 10671-2008-jonew-judis-34571-c65845.md: CausalDAG.add_fact() got an unexpected keyword argument 'content'
  ERROR 10673-1999-jonew-judis-30172-bd252f.md: CausalDAG.add_fact() got an unexpected keyword argument 'content'
  ERROR 10674-2019-supremecourt-2019-10674-10674-2019-8-1503-15475-judge-b4f5ca.md: CausalDAG.add_fact() got an unexpected keyword argument 'content'
  ERROR 10675-1997-jonew-judis-25820-f598b2.md: CausalDAG.add_fact() got an unexpected keyword argument 'content'
  ERROR 10676-2002-jonew-judis-31443-c6761a.md: CausalDAG.add_fact() got an unexpected keyword argument 'content'
  ERROR 10676-2018-supremecourt-2018-10676-10676-2018-judgement-07-mar-2-7dc82f.md: CausalDAG.add_fact() got an unexpected keyword argument 'content'
  ERROR 10677-2004-jonew-judis-27190-c51274.md: CausalDAG.add_fact() got an unexpected keyword argument 'content'
  ERROR 10678-2010-supremecourt-2010-10678-10678-2010-judgement-28-aug-2-386398.md: CausalDAG.add_fact() got an unexpected keyword argument 'content'
  ERROR 10679-1996-jonew-judis-19424-579c9e.md: CausalDAG.add_fact() got an unexpected keyword argument 'content'
  ERROR 10679-2007-jonew-judis-32746-b174bf.md: CausalDAG.add_fact() got an unexpected keyword argument 'content'
  ERROR 1068-1980-jonew-judis-15000-a7ff28.md: CausalDAG.add_fact() got an unexpected keyword argument 'content'
  ERROR 1068-2004-jonew-judis-40038-4247b6.md: CausalDAG.add_fact() got an unexpected keyword argument 'content'
  ERROR 10680-1995-jonew-judis-14684-64a640.md: CausalDAG.add_fact() got an unexpected keyword argument 'content'
  ERROR 10681-2008-jonew-judis-36026-aed693.md: CausalDAG.add_fact() got an unexpected keyword argument 'content'
  ERROR 10682-2009-jonew-judis-36226-7e2f26.md: CausalDAG.add_fact() got an unexpected keyword argument 'content'
  ERROR 10684-1998-jonew-judis-16695-046e74.md: CausalDAG.add_fact() got an unexpected keyword argument 'content'
  ERROR 10684-2006-jonew-judis-29935-ee18d9.md: CausalDAG.add_fact() got an unexpected keyword argument 'content'
  ERROR 10685-2007-jonew-judis-41317-177e0a.md: CausalDAG.add_fact() got an unexpected keyword argument 'content'
  ERROR 10688-2021-supremecourt-2021-10688-10688-2021-36-1501-28573-judg-b52964.md: CausalDAG.add_fact() got an unexpected keyword argument 'content'
  ERROR 10689-2008-supremecourt-2008-10689-10689-2008-judgement-17-may-2-a6f4c2.md: CausalDAG.add_fact() got an unexpected keyword argument 'content'
  ERROR 1069-1996-jonew-judis-18217-3ff69c.md: CausalDAG.add_fact() got an unexpected keyword argument 'content'
  ERROR 1069-1996-jonew-judis-30296-2a232a.md: CausalDAG.add_fact() got an unexpected keyword argument 'content'
  ERROR 1069-2000-jonew-judis-20649-f5605b.md: CausalDAG.add_fact() got an unexpected keyword argument 'content'
  ERROR 1069-2007-jonew-judis-43719-2c4b3b.md: CausalDAG.add_fact() got an unexpected keyword argument 'content'
  ERROR 1069-2009-jonew-judis-41301-d62207.md: CausalDAG.add_fact() got an unexpected keyword argument 'content'
  ERROR 1069-2009-jonew-judis-42882-0edff6.md: CausalDAG.add_fact() got an unexpected keyword argument 'content'
  ERROR 1069-2009-jonew-judis-42966-b2bbdf.md: CausalDAG.add_fact() got an unexpected keyword argument 'content'
  ERROR 10691-2006-supremecourt-2006-10691-10691-2006-judgement-04-oct-2-354753.md: CausalDAG.add_fact() got an unexpected keyword argument 'content'
  ERROR 10692-2022-supremecourt-2022-10692-10692-2022-1-1501-36837-judge-ff79be.md: CausalDAG.add_fact() got an unexpected keyword argument 'content'
  ERROR 10694-2004-jonew-judis-28396-67abe3.md: CausalDAG.add_fact() got an unexpected keyword argument 'content'
  ERROR 10694-2009-jonew-judis-36505-de7933.md: CausalDAG.add_fact() got an unexpected keyword argument 'content'
  ERROR 10694-2018-supremecourt-2018-10694-10694-2018-12-1501-14356-judg-d32ba1.md: CausalDAG.add_fact() got an unexpected keyword argument 'content'
  ERROR 10696-1997-jonew-judis-13419-abe6bf.md: CausalDAG.add_fact() got an unexpected keyword argument 'content'
  ERROR 10696-2005-jonew-judis-27655-f62303.md: CausalDAG.add_fact() got an unexpected keyword argument 'content'
  ERROR 10696-2021-supremecourt-2021-10696-10696-2021-32-35-30535-judgem-9b3902.md: CausalDAG.add_fact() got an unexpected keyword argument 'content'
  ERROR 10697-2023-supremecourt-2023-10697-10697-2023-15-1501-54592-judg-6e9a70.md: CausalDAG.add_fact() got an unexpected keyword argument 'content'
  ERROR 107-1955-jonew-judis-687-31791f.md: CausalDAG.add_fact() got an unexpected keyword argument 'content'
  ERROR 107-1956-jonew-judis-656-0f2739.md: CausalDAG.add_fact() got an unexpected keyword argument 'content'
  ERROR 107-1958-jonew-judis-419-46f33d.md: CausalDAG.add_fact() got an unexpected keyword argument 'content'
  ERROR 107-1959-jonew-judis-4348-40a9ec.md: CausalDAG.add_fact() got an unexpected keyword argument 'content'
  ERROR 107-1960-jonew-judis-3840-11b08a.md: CausalDAG.add_fact() got an unexpected keyword argument 'content'
  ERROR 107-1961-jonew-judis-3972-22333a.md: CausalDAG.add_fact() got an unexpected keyword argument 'content'
  ERROR 107-1962-jonew-judis-3330-38542e.md: CausalDAG.add_fact() got an unexpected keyword argument 'content'
  ERROR 107-1963-jonew-judis-3384-6a7515.md: CausalDAG.add_fact() got an unexpected keyword argument 'content'
  ERROR 107-1965-jonew-judis-2090-bec500.md: CausalDAG.add_fact() got an unexpected keyword argument 'content'
  ERROR 107-1967-jonew-judis-2268-16ffe7.md: CausalDAG.add_fact() got an unexpected keyword argument 'content'
  ERROR 1070-2002-jonew-judis-18692-14684b.md: CausalDAG.add_fact() got an unexpected keyword argument 'content'
  ERROR 1070-2004-jonew-judis-33659-7bf319.md: CausalDAG.add_fact() got an unexpected keyword argument 'content'
  ERROR 1070-2006-jonew-judis-34460-d3fc78.md: CausalDAG.add_fact() got an unexpected keyword argument 'content'
  ERROR 1070-2012-jonew-judis-40159-d57acd.md: CausalDAG.add_fact() got an unexpected keyword argument 'content'
  ERROR 1070-2018-supremecourt-2018-1070-1070-2018-judgement-16-apr-2019-3153c3.md: CausalDAG.add_fact() got an unexpected keyword argument 'content'
  ERROR 10700-2003-jonew-judis-19386-c4d7a2.md: CausalDAG.add_fact() got an unexpected keyword argument 'content'
  ERROR 10701-1994-jonew-judis-10947-a2abca.md: CausalDAG.add_fact() got an unexpected keyword argument 'content'
  ERROR 10701-2021-supremecourt-2021-10701-10701-2021-8-1502-43186-judge-336fea.md: CausalDAG.add_fact() got an unexpected keyword argument 'content'
  ERROR 10702-2004-jonew-judis-35522-e681e4.md: CausalDAG.add_fact() got an unexpected keyword argument 'content'
  ERROR 10702-2015-supremecourt-2015-10702-10702-2015-5-1501-46023-judge-15f742.md: CausalDAG.add_fact() got an unexpected keyword argument 'content'
  ERROR 10702-2016-supremecourt-2016-10702-10702-2016-order-18-jan-2019-f270fa.md: CausalDAG.add_fact() got an unexpected keyword argument 'content'
  ERROR 10702-2022-supremecourt-2022-10702-10702-2022-8-1501-38439-judge-cba65b.md: CausalDAG.add_fact() got an unexpected keyword argument 'content'
  ERROR 10703-2009-jonew-judis-39464-ed70a1.md: CausalDAG.add_fact() got an unexpected keyword argument 'content'
  ERROR 10706-2000-jonew-judis-30082-cf30ae.md: CausalDAG.add_fact() got an unexpected keyword argument 'content'
  ERROR 10707-2002-jonew-judis-18583-de07d0.md: CausalDAG.add_fact() got an unexpected keyword argument 'content'
  ERROR 10708-2000-jonew-judis-18509-0390a6.md: CausalDAG.add_fact() got an unexpected keyword argument 'content'
  ERROR 10708-2004-jonew-judis-32245-32bdb9.md: CausalDAG.add_fact() got an unexpected keyword argument 'content'
  ERROR 10709-1995-jonew-judis-16110-31ea61.md: CausalDAG.add_fact() got an unexpected keyword argument 'content'
  ERROR 10709-1995-jonew-judis-16397-cba803.md: CausalDAG.add_fact() got an unexpected keyword argument 'content'
  ERROR 10709-1995-jonew-judis-9471-a1fa97.md: CausalDAG.add_fact() got an unexpected keyword argument 'content'
  ERROR 10709-2010-supremecourt-2010-10709-10709-2010-37-1501-24203-judg-dd2304.md: CausalDAG.add_fact() got an unexpected keyword argument 'content'
  ERROR 1071-2002-jonew-judis-26783-7a2113.md: CausalDAG.add_fact() got an unexpected keyword argument 'content'
  ERROR 10710-2009-jonew-judis-39463-f59e01.md: CausalDAG.add_fact() got an unexpected keyword argument 'content'
  ERROR 10712-1994-jonew-judis-14560-810da9.md: CausalDAG.add_fact() got an unexpected keyword argument 'content'
  ERROR 10712-1999-jonew-judis-17889-3fde4d.md: CausalDAG.add_fact() got an unexpected keyword argument 'content'
  ERROR 10713-1999-jonew-judis-19360-207830.md: CausalDAG.add_fact() got an unexpected keyword argument 'content'
  ERROR 10713-2001-jonew-judis-30526-0ba40a.md: CausalDAG.add_fact() got an unexpected keyword argument 'content'
  ERROR 10713-2020-supremecourt-2020-10713-10713-2020-34-1502-24291-judg-79db75.md: CausalDAG.add_fact() got an unexpected keyword argument 'content'
  ERROR 10716-2008-jonew-judis-33443-95c704.md: CausalDAG.add_fact() got an unexpected keyword argument 'content'
  ERROR 10718-1995-jonew-judis-17346-4cbcaa.md: CausalDAG.add_fact() got an unexpected keyword argument 'content'
  ERROR 10718-2011-supremecourt-2011-10718-10718-2011-7-1502-53219-judge-11205b.md: CausalDAG.add_fact() got an unexpected keyword argument 'content'
  ERROR 1072-2010-supremecourt-2010-1072-1072-2010-order-09-aug-2017-776ef4.md: CausalDAG.add_fact() got an unexpected keyword argument 'content'
  ERROR 10720-2000-jonew-judis-28451-afb26d.md: CausalDAG.add_fact() got an unexpected keyword argument 'content'
  ERROR 10720-2015-supremecourt-2015-10720-10720-2015-11-101-45184-judge-66efee.md: CausalDAG.add_fact() got an unexpected keyword argument 'content'
  ERROR 10723-1999-jonew-judis-27755-9a8fb2.md: CausalDAG.add_fact() got an unexpected keyword argument 'content'
  ERROR 10724-2007-jonew-judis-31501-e7a16e.md: CausalDAG.add_fact() got an unexpected keyword argument 'content'
  ERROR 10726-1995-jonew-judis-15845-10a928.md: CausalDAG.add_fact() got an unexpected keyword argument 'content'
  ERROR 10727-2007-jonew-judis-42375-b29129.md: CausalDAG.add_fact() got an unexpected keyword argument 'content'
  ERROR 10727-2020-supremecourt-2020-10727-10727-2020-8-1504-47486-judge-a7fb46.md: CausalDAG.add_fact() got an unexpected keyword argument 'content'
  ERROR 10729-2010-jonew-judis-37938-9414ae.md: CausalDAG.add_fact() got an unexpected keyword argument 'content'
  ERROR 1073-1997-jonew-judis-16312-e4e3b1.md: CausalDAG.add_fact() got an unexpected keyword argument 'content'
  ERROR 1073-2005-jonew-judis-26988-7ef428.md: CausalDAG.add_fact() got an unexpected keyword argument 'content'
  ERROR 10730-2003-jonew-judis-26007-ed0dc2.md: CausalDAG.add_fact() got an unexpected keyword argument 'content'
  ERROR 10730-2022-supremecourt-2022-10730-10730-2022-1-1502-38349-judge-de166f.md: CausalDAG.add_fact() got an unexpected keyword argument 'content'
  ERROR 10734-2004-jonew-judis-27192-40b85b.md: CausalDAG.add_fact() got an unexpected keyword argument 'content'
  ERROR 10734-2004-jonew-judis-27197-dda186.md: CausalDAG.add_fact() got an unexpected keyword argument 'content'
  ERROR 10735-2006-jonew-judis-31097-745758.md: CausalDAG.add_fact() got an unexpected keyword argument 'content'
  ERROR 10738-2019-supremecourt-2019-10738-10738-2019-14-1501-17459-judg-9f5679.md: CausalDAG.add_fact() got an unexpected keyword argument 'content'
  ERROR 10742-2000-jonew-judis-28694-cf9dd1.md: CausalDAG.add_fact() got an unexpected keyword argument 'content'
  ERROR 10742-2009-jonew-judis-35520-b13c91.md: CausalDAG.add_fact() got an unexpected keyword argument 'content'
  ERROR 10743-2004-jonew-judis-38808-691301.md: CausalDAG.add_fact() got an unexpected keyword argument 'content'
  ERROR 10748-2018-supremecourt-2018-10748-10748-2018-44-58-30358-judgem-c87b2c.md: CausalDAG.add_fact() got an unexpected keyword argument 'content'
  ERROR 1075-2010-supremecourt-2010-1075-1075-2010-judgement-16-aug-2018-bf8131.md: CausalDAG.add_fact() got an unexpected keyword argument 'content'
  ERROR 10751-2013-jonew-judis-41823-b8e61e.md: CausalDAG.add_fact() got an unexpected keyword argument 'content'
  ERROR 10753-2004-jonew-judis-27034-fa0cab.md: CausalDAG.add_fact() got an unexpected keyword argument 'content'
  ERROR 10754-1995-jonew-judis-13350-c82da2.md: CausalDAG.add_fact() got an unexpected keyword argument 'content'
  ERROR 10754-2005-jonew-judis-29735-1a15de.md: CausalDAG.add_fact() got an unexpected keyword argument 'content'
  ERROR 10757-2008-supremecourt-2008-10757-10757-2008-judgement-07-jan-2-136758.md: CausalDAG.add_fact() got an unexpected keyword argument 'content'
  ERROR 10759-1994-jonew-judis-18579-4c118a.md: CausalDAG.add_fact() got an unexpected keyword argument 'content'
  ERROR 10760-1994-jonew-judis-18703-b5b438.md: CausalDAG.add_fact() got an unexpected keyword argument 'content'
  ERROR 10760-2003-jonew-judis-26428-97f018.md: CausalDAG.add_fact() got an unexpected keyword argument 'content'
  ERROR 10760-2008-jonew-judis-43427-58ecc4.md: CausalDAG.add_fact() got an unexpected keyword argument 'content'
  ERROR 10761-1995-jonew-judis-15530-d3ca76.md: CausalDAG.add_fact() got an unexpected keyword argument 'content'
  ERROR 10763-2009-jonew-courtnic-rop-2009-10763-rop-260977-c2bfe0.md: CausalDAG.add_fact() got an unexpected keyword argument 'content'
  ERROR 10763-2009-jonew-judis-42581-8b61a4.md: CausalDAG.add_fact() got an unexpected keyword argument 'content'
  ERROR 10765-2002-jonew-judis-33727-835e45.md: CausalDAG.add_fact() got an unexpected keyword argument 'content'
  ERROR 10765-2016-supremecourt-2016-10765-10765-2016-12-1501-36337-judg-712a6d.md: CausalDAG.add_fact() got an unexpected keyword argument 'content'
  ERROR 10767-2007-jonew-judis-35603-2c34a3.md: CausalDAG.add_fact() got an unexpected keyword argument 'content'
  ERROR 10768-1994-jonew-judis-11323-a83ca0.md: CausalDAG.add_fact() got an unexpected keyword argument 'content'
  ERROR 10768-1995-jonew-judis-16092-c61652.md: CausalDAG.add_fact() got an unexpected keyword argument 'content'
  ERROR 10769-2009-jonew-judis-39422-571d8f.md: CausalDAG.add_fact() got an unexpected keyword argument 'content'
  ERROR 1077-2008-jonew-judis-34442-1bf88f.md: CausalDAG.add_fact() got an unexpected keyword argument 'content'
  ERROR 10770-2000-jonew-judis-30810-7e1d62.md: CausalDAG.add_fact() got an unexpected keyword argument 'content'
  ERROR 10770-2014-supremecourt-2014-10770-10770-2014-37-104-28469-judge-bdf754.md: CausalDAG.add_fact() got an unexpected keyword argument 'content'
  ERROR 10773-2004-jonew-judis-26855-cb3627.md: CausalDAG.add_fact() got an unexpected keyword argument 'content'
  ERROR 10773-2005-jonew-judis-42908-0eb2a5.md: CausalDAG.add_fact() got an unexpected keyword argument 'content'
  ERROR 10774-2000-jonew-judis-30341-d70bfc.md: CausalDAG.add_fact() got an unexpected keyword argument 'content'
  ERROR 10775-1999-jonew-judis-17430-19f244.md: CausalDAG.add_fact() got an unexpected keyword argument 'content'
  ERROR 10775-2003-jonew-judis-38807-97a626.md: CausalDAG.add_fact() got an unexpected keyword argument 'content'
  ERROR 10775-2008-jonew-judis-33887-6256ce.md: CausalDAG.add_fact() got an unexpected keyword argument 'content'
  ERROR 10775-2019-supremecourt-2019-10775-10775-2019-34-26-33136-order-af86c5.md: CausalDAG.add_fact() got an unexpected keyword argument 'content'
  ERROR 10777-2009-jonew-judis-35757-e7b7d6.md: CausalDAG.add_fact() got an unexpected keyword argument 'content'
  ERROR 10778-2003-jonew-judis-26403-2d62cc.md: CausalDAG.add_fact() got an unexpected keyword argument 'content'
  ERROR 10780-2009-supremecourt-2009-10780-10780-2009-43-1502-32012-judg-6be03d.md: CausalDAG.add_fact() got an unexpected keyword argument 'content'
  ERROR 10781-2004-jonew-judis-29858-97c064.md: CausalDAG.add_fact() got an unexpected keyword argument 'content'
  ERROR 10781-2007-jonew-judis-43865-cd2f2b.md: CausalDAG.add_fact() got an unexpected keyword argument 'content'
  ERROR 10784-2003-jonew-judis-27223-1aeeeb.md: CausalDAG.add_fact() got an unexpected keyword argument 'content'
  ERROR 10784-2003-jonew-judis-27246-8a4955.md: CausalDAG.add_fact() got an unexpected keyword argument 'content'
  ERROR 10785-2017-supremecourt-2017-10785-10785-2017-judgement-30-apr-2-45bc1e.md: CausalDAG.add_fact() got an unexpected keyword argument 'content'
  ERROR 10785-2018-supremecourt-2018-10785-10785-2018-12-1501-32117-judg-41a7e4.md: CausalDAG.add_fact() got an unexpected keyword argument 'content'
  ERROR 10786-2004-jonew-judis-35625-16ce02.md: CausalDAG.add_fact() got an unexpected keyword argument 'content'
  ERROR 10787-2016-supremecourt-2016-10787-10787-2016-11-1501-20472-judg-8c2842.md: CausalDAG.add_fact() got an unexpected keyword argument 'content'
  ERROR 10787-2020-supremecourt-2020-10787-10787-2020-31-1501-26732-judg-4cb610.md: CausalDAG.add_fact() got an unexpected keyword argument 'content'
  ERROR 10789-2000-jonew-judis-32304-e98803.md: CausalDAG.add_fact() got an unexpected keyword argument 'content'
  ERROR 10789-2005-jonew-judis-38891-5dadad.md: CausalDAG.add_fact() got an unexpected keyword argument 'content'
  ERROR 10789-2010-supremecourt-2010-10789-10789-2010-32-1501-25004-judg-737fab.md: CausalDAG.add_fact() got an unexpected keyword argument 'content'
  ERROR 1079-2000-jonew-judis-26609-5fb198.md: CausalDAG.add_fact() got an unexpected keyword argument 'content'
  ERROR 10790-2008-jonew-judis-34238-32ff34.md: CausalDAG.add_fact() got an unexpected keyword argument 'content'
  ERROR 10793-1997-jonew-judis-16621-c46242.md: CausalDAG.add_fact() got an unexpected keyword argument 'content'
  Batch 4: 2000/20531 docs, 0 facts, 2000 skipped, ETA 10.1m
  ERROR 10793-1999-jonew-judis-18255-955af7.md: CausalDAG.add_fact() got an unexpected keyword argument 'content'
  ERROR 10793-2001-jonew-judis-25877-4c9f77.md: CausalDAG.add_fact() got an unexpected keyword argument 'content'
  ERROR 10796-2004-jonew-judis-34737-1dc20c.md: CausalDAG.add_fact() got an unexpected keyword argument 'content'
  ERROR 10797-2009-jonew-judis-34756-1977cb.md: CausalDAG.add_fact() got an unexpected keyword argument 'content'
  ERROR 10799-2002-jonew-judis-31412-68fe2e.md: CausalDAG.add_fact() got an unexpected keyword argument 'content'
  ERROR 108-1952-jonew-judis-1074-2e563e.md: CausalDAG.add_fact() got an unexpected keyword argument 'content'
  ERROR 108-1955-jonew-judis-689-25782d.md: CausalDAG.add_fact() got an unexpected keyword argument 'content'
  ERROR 108-1956-jonew-judis-4256-94b4a7.md: CausalDAG.add_fact() got an unexpected keyword argument 'content'
  ERROR 108-1958-jonew-judis-420-e2102b.md: CausalDAG.add_fact() got an unexpected keyword argument 'content'
  ERROR 108-1959-jonew-judis-321-4adf3c.md: CausalDAG.add_fact() got an unexpected keyword argument 'content'
  ERROR 108-1960-jonew-judis-3843-148035.md: CausalDAG.add_fact() got an unexpected keyword argument 'content'
  ERROR 108-1961-jonew-judis-3974-90f4ab.md: CausalDAG.add_fact() got an unexpected keyword argument 'content'
  ERROR 108-1962-jonew-judis-3331-04c3a8.md: CausalDAG.add_fact() got an unexpected keyword argument 'content'
  ERROR 108-1963-jonew-judis-3386-b0da42.md: CausalDAG.add_fact() got an unexpected keyword argument 'content'
  ERROR 108-1965-jonew-judis-2092-4fe3a3.md: CausalDAG.add_fact() got an unexpected keyword argument 'content'
  ERROR 108-1967-jonew-judis-2269-ca3318.md: CausalDAG.add_fact() got an unexpected keyword argument 'content'
  ERROR 108-2008-jonew-judis-35739-333f2e.md: CausalDAG.add_fact() got an unexpected keyword argument 'content'
  ERROR 108-2023-supremecourt-2023-108-108-2023-9-1501-43584-judgement-1-bdc5c1.md: CausalDAG.add_fact() got an unexpected keyword argument 'content'
  ERROR 10804-2009-jonew-judis-35946-af12e6.md: CausalDAG.add_fact() got an unexpected keyword argument 'content'
  ERROR 10804-2013-supremecourt-2013-10804-10804-2013-9-1501-16776-judge-bad1fd.md: CausalDAG.add_fact() got an unexpected keyword argument 'content'
  ERROR 10804-2015-supremecourt-2015-10804-10804-2015-42-1502-29369-judg-c4af8a.md: CausalDAG.add_fact() got an unexpected keyword argument 'content'
  ERROR 10806-1994-jonew-judis-14058-258e3b.md: CausalDAG.add_fact() got an unexpected keyword argument 'content'
  ERROR 10806-1999-jonew-judis-16485-193340.md: CausalDAG.add_fact() got an unexpected keyword argument 'content'
  ERROR 10806-2005-jonew-judis-39191-0bc14a.md: CausalDAG.add_fact() got an unexpected keyword argument 'content'
  ERROR 10806-2007-jonew-judis-29511-69adb5.md: CausalDAG.add_fact() got an unexpected keyword argument 'content'
  ERROR 10808-2011-supremecourt-2011-10808-10808-2011-8-1501-50313-judge-720b2f.md: CausalDAG.add_fact() got an unexpected keyword argument 'content'
  ERROR 10809-2004-jonew-judis-26924-7c30f4.md: CausalDAG.add_fact() got an unexpected keyword argument 'content'
  ERROR 1081-2002-jonew-judis-20656-7dbc99.md: CausalDAG.add_fact() got an unexpected keyword argument 'content'
  ERROR 1081-2003-jonew-judis-29923-daeb20.md: CausalDAG.add_fact() got an unexpected keyword argument 'content'
  ERROR 1081-2014-supremecourt-2014-1081-1081-2014-judgement-16-may-2018-7d7d2b.md: CausalDAG.add_fact() got an unexpected keyword argument 'content'
  ERROR 10810-1998-jonew-judis-26044-bec852.md: CausalDAG.add_fact() got an unexpected keyword argument 'content'
  ERROR 10810-2018-supremecourt-2018-10810-10810-2018-1-1506-56986-judge-e50b1a.md: CausalDAG.add_fact() got an unexpected keyword argument 'content'
  ERROR 10816-2004-jonew-judis-28189-58c7b0.md: CausalDAG.add_fact() got an unexpected keyword argument 'content'
  ERROR 10817-2019-supremecourt-2019-10817-10817-2019-37-1501-23696-judg-b260a8.md: CausalDAG.add_fact() got an unexpected keyword argument 'content'
  ERROR 10817-2020-supremecourt-2020-10817-10817-2020-33-1502-22029-judg-02b780.md: CausalDAG.add_fact() got an unexpected keyword argument 'content'
  ERROR 10818-2002-jonew-judis-29036-ffd5e5.md: CausalDAG.add_fact() got an unexpected keyword argument 'content'
  ERROR 10818-2004-jonew-judis-30543-d7c243.md: CausalDAG.add_fact() got an unexpected keyword argument 'content'
  ERROR 1082-2008-jonew-judis-41065-371913.md: CausalDAG.add_fact() got an unexpected keyword argument 'content'
  ERROR 10820-2001-jonew-judis-35383-2c96ea.md: CausalDAG.add_fact() got an unexpected keyword argument 'content'
  ERROR 10822-2000-jonew-judis-17587-889379.md: CausalDAG.add_fact() got an unexpected keyword argument 'content'
  ERROR 10822-2017-supremecourt-2017-10822-10822-2017-judgement-18-aug-2-019efd.md: CausalDAG.add_fact() got an unexpected keyword argument 'content'
  ERROR 10823-2004-jonew-judis-29009-9ba093.md: CausalDAG.add_fact() got an unexpected keyword argument 'content'
  ERROR 10824-2021-supremecourt-2021-10824-10824-2021-3-1501-34940-judge-840eab.md: CausalDAG.add_fact() got an unexpected keyword argument 'content'
  ERROR 10825-2020-supremecourt-2020-10825-10825-2020-9-1501-30557-judge-a22f92.md: CausalDAG.add_fact() got an unexpected keyword argument 'content'
  ERROR 10826-2001-jonew-judis-26030-e450ba.md: CausalDAG.add_fact() got an unexpected keyword argument 'content'
  ERROR 10829-2021-supremecourt-2021-10829-10829-2021-10-9-34773-judgeme-5d438e.md: CausalDAG.add_fact() got an unexpected keyword argument 'content'
  ERROR 10829-2022-supremecourt-2022-10829-10829-2022-3-1502-51604-judge-205bae.md: CausalDAG.add_fact() got an unexpected keyword argument 'content'
  ERROR 10830-2005-jonew-judis-38527-a768b9.md: CausalDAG.add_fact() got an unexpected keyword argument 'content'
  ERROR 10831-2017-supremecourt-2017-2017-judgement-05-dec-2017-e4535d.md: CausalDAG.add_fact() got an unexpected keyword argument 'content'
  ERROR 10832-1999-jonew-judis-17746-c7790b.md: CausalDAG.add_fact() got an unexpected keyword argument 'content'
  ERROR 10834-2010-jonew-judis-41374-4eca5d.md: CausalDAG.add_fact() got an unexpected keyword argument 'content'
  ERROR 10837-2001-jonew-judis-20485-949d48.md: CausalDAG.add_fact() got an unexpected keyword argument 'content'
  ERROR 10837-2009-jonew-judis-37421-0ecb8d.md: CausalDAG.add_fact() got an unexpected keyword argument 'content'
  ERROR 10838-2000-jonew-judis-18573-8fff74.md: CausalDAG.add_fact() got an unexpected keyword argument 'content'
  ERROR 10838-2007-jonew-judis-32399-4d130c.md: CausalDAG.add_fact() got an unexpected keyword argument 'content'
  ERROR 10839-1998-jonew-judis-17137-e7a8ad.md: CausalDAG.add_fact() got an unexpected keyword argument 'content'
  ERROR 1084-2005-jonew-judis-41840-3d3845.md: CausalDAG.add_fact() got an unexpected keyword argument 'content'
  ERROR 10844-1998-jonew-judis-18238-4e1b5a.md: CausalDAG.add_fact() got an unexpected keyword argument 'content'
  ERROR 10844-2009-jonew-judis-43884-4e1d4a.md: CausalDAG.add_fact() got an unexpected keyword argument 'content'
  ERROR 10848-2000-jonew-judis-33599-d4b337.md: CausalDAG.add_fact() got an unexpected keyword argument 'content'
  ERROR 1085-1997-jonew-judis-13159-456af5.md: CausalDAG.add_fact() got an unexpected keyword argument 'content'
  ERROR 10850-2007-jonew-judis-33390-bb9a4b.md: CausalDAG.add_fact() got an unexpected keyword argument 'content'
  ERROR 10850-2008-jonew-judis-42043-8d83fe.md: CausalDAG.add_fact() got an unexpected keyword argument 'content'
  ERROR 10850-2011-jonew-judis-41836-f9c5ef.md: CausalDAG.add_fact() got an unexpected keyword argument 'content'
  ERROR 10853-2009-jonew-judis-34863-a15b7e.md: CausalDAG.add_fact() got an unexpected keyword argument 'content'
  ERROR 10853-2020-supremecourt-2020-10853-10853-2020-0-1-21588-judgemen-ae1d33.md: CausalDAG.add_fact() got an unexpected keyword argument 'content'
  ERROR 10854-1995-jonew-judis-10316-28ed8e.md: CausalDAG.add_fact() got an unexpected keyword argument 'content'
  ERROR 10854-1999-jonew-judis-16484-96f08e.md: CausalDAG.add_fact() got an unexpected keyword argument 'content'
  ERROR 10856-2005-jonew-judis-30081-769255.md: CausalDAG.add_fact() got an unexpected keyword argument 'content'
  ERROR 10857-2003-jonew-judis-35874-8eb169.md: CausalDAG.add_fact() got an unexpected keyword argument 'content'
  ERROR 10857-2004-jonew-judis-27961-ab4a0d.md: CausalDAG.add_fact() got an unexpected keyword argument 'content'
  ERROR 10857-2020-supremecourt-2020-10857-10857-2020-11-32-54809-judgem-97c31b.md: CausalDAG.add_fact() got an unexpected keyword argument 'content'
  ERROR 10857-2023-supremecourt-2023-10857-10857-2023-2-1501-52646-judge-33900d.md: CausalDAG.add_fact() got an unexpected keyword argument 'content'
  ERROR 1086-2009-jonew-judis-37592-548efd.md: CausalDAG.add_fact() got an unexpected keyword argument 'content'
  ERROR 10863-2005-jonew-judis-34613-481086.md: CausalDAG.add_fact() got an unexpected keyword argument 'content'
  ERROR 10863-2008-jonew-judis-38942-7edf78.md: CausalDAG.add_fact() got an unexpected keyword argument 'content'
  ERROR 10863-2021-supremecourt-2021-10863-10863-2021-2-12-57396-judgeme-e10a87.md: CausalDAG.add_fact() got an unexpected keyword argument 'content'
  ERROR 10864-2000-jonew-judis-32190-facf51.md: CausalDAG.add_fact() got an unexpected keyword argument 'content'
  ERROR 10865-2019-supremecourt-2019-10865-10865-2019-8-1501-20883-judge-cc7310.md: CausalDAG.add_fact() got an unexpected keyword argument 'content'
  ERROR 10865-2024-supremecourt-2024-10865-10865-2024-1-302-51365-judgem-56ee0c.md: CausalDAG.add_fact() got an unexpected keyword argument 'content'
  ERROR 1087-2007-jonew-judis-43715-343aa9.md: CausalDAG.add_fact() got an unexpected keyword argument 'content'
  ERROR 10872-2024-supremecourt-2024-10872-10872-2024-2-2-57773-judgemen-0ce8c2.md: CausalDAG.add_fact() got an unexpected keyword argument 'content'
  ERROR 10874-2008-supremecourt-2008-10874-10874-2008-15-13-57448-judgem-6889dc.md: CausalDAG.add_fact() got an unexpected keyword argument 'content'
  ERROR 10876-2000-jonew-judis-26908-28d761.md: CausalDAG.add_fact() got an unexpected keyword argument 'content'
  ERROR 10876-2006-jonew-judis-28209-f74980.md: CausalDAG.add_fact() got an unexpected keyword argument 'content'
  ERROR 10876-2006-jonew-judis-28262-96432d.md: CausalDAG.add_fact() got an unexpected keyword argument 'content'
  ERROR 10876-2006-jonew-judis-28871-9d4ec8.md: CausalDAG.add_fact() got an unexpected keyword argument 'content'
  ERROR 10877-2002-jonew-judis-34706-053f80.md: CausalDAG.add_fact() got an unexpected keyword argument 'content'
  ERROR 10879-2006-jonew-judis-36842-41c13e.md: CausalDAG.add_fact() got an unexpected keyword argument 'content'
  ERROR 1088-2012-jonew-judis-42421-238cc3.md: CausalDAG.add_fact() got an unexpected keyword argument 'content'
  ERROR 10880-2005-jonew-judis-27675-81bf10.md: CausalDAG.add_fact() got an unexpected keyword argument 'content'
  ERROR 10883-1999-jonew-judis-27275-2965bd.md: CausalDAG.add_fact() got an unexpected keyword argument 'content'
  ERROR 10883-2002-jonew-judis-19121-29a273.md: CausalDAG.add_fact() got an unexpected keyword argument 'content'
  ERROR 10884-2000-jonew-judis-17701-7f2299.md: CausalDAG.add_fact() got an unexpected keyword argument 'content'
  ERROR 10886-1999-jonew-judis-17421-c0d8b7.md: CausalDAG.add_fact() got an unexpected keyword argument 'content'
  ERROR 1089-2009-jonew-judis-38315-0fa278.md: CausalDAG.add_fact() got an unexpected keyword argument 'content'
  ERROR 1089-2014-jonew-judis-43677-892ab8.md: CausalDAG.add_fact() got an unexpected keyword argument 'content'
  ERROR 10890-2007-jonew-judis-33267-076e60.md: CausalDAG.add_fact() got an unexpected keyword argument 'content'
  ERROR 10891-1994-jonew-judis-18916-b7810c.md: CausalDAG.add_fact() got an unexpected keyword argument 'content'
  ERROR 10891-2005-jonew-judis-38837-e64c89.md: CausalDAG.add_fact() got an unexpected keyword argument 'content'
  ERROR 10892-1995-jonew-judis-14670-a2daa3.md: CausalDAG.add_fact() got an unexpected keyword argument 'content'
  ERROR 10892-2003-jonew-judis-31225-23a20d.md: CausalDAG.add_fact() got an unexpected keyword argument 'content'
  ERROR 10893-2006-jonew-judis-28010-907b89.md: CausalDAG.add_fact() got an unexpected keyword argument 'content'
  ERROR 10894-2012-jonew-judis-40443-b52fe9.md: CausalDAG.add_fact() got an unexpected keyword argument 'content'
  ERROR 10896-1994-jonew-judis-13218-ada81c.md: CausalDAG.add_fact() got an unexpected keyword argument 'content'
  ERROR 10896-1994-jonew-judis-44452-180e94.md: CausalDAG.add_fact() got an unexpected keyword argument 'content'
  ERROR 10898-2001-jonew-judis-18684-59a59d.md: CausalDAG.add_fact() got an unexpected keyword argument 'content'
  ERROR 10898-2003-jonew-judis-25816-561e41.md: CausalDAG.add_fact() got an unexpected keyword argument 'content'
  ERROR 10898-2007-jonew-judis-42642-acb1a3.md: CausalDAG.add_fact() got an unexpected keyword argument 'content'
  ERROR 10899-2002-jonew-judis-29173-7cadaf.md: CausalDAG.add_fact() got an unexpected keyword argument 'content'
  ERROR 10899-2011-jonew-judis-44735-0b18c7.md: CausalDAG.add_fact() got an unexpected keyword argument 'content'
  ERROR 109-1952-jonew-judis-1078-3c92ae.md: CausalDAG.add_fact() got an unexpected keyword argument 'content'
  ERROR 109-1955-jonew-judis-691-a4d72b.md: CausalDAG.add_fact() got an unexpected keyword argument 'content'
  ERROR 109-1956-jonew-judis-662-e60085.md: CausalDAG.add_fact() got an unexpected keyword argument 'content'
  ERROR 109-1958-jonew-judis-423-90a485.md: CausalDAG.add_fact() got an unexpected keyword argument 'content'
  ERROR 109-1959-jonew-judis-326-e32c3c.md: CausalDAG.add_fact() got an unexpected keyword argument 'content'
  ERROR 109-1960-jonew-judis-3844-5eb9c6.md: CausalDAG.add_fact() got an unexpected keyword argument 'content'
  ERROR 109-1961-jonew-judis-3976-2b7eeb.md: CausalDAG.add_fact() got an unexpected keyword argument 'content'
  ERROR 109-1962-jonew-judis-3332-9603ff.md: CausalDAG.add_fact() got an unexpected keyword argument 'content'
  ERROR 109-1963-jonew-judis-3392-a5c454.md: CausalDAG.add_fact() got an unexpected keyword argument 'content'
  ERROR 109-1965-jonew-judis-2094-24e327.md: CausalDAG.add_fact() got an unexpected keyword argument 'content'
  ERROR 109-1967-jonew-judis-2270-d4da48.md: CausalDAG.add_fact() got an unexpected keyword argument 'content'
  ERROR 1090-2000-jonew-judis-18479-a2dda4.md: CausalDAG.add_fact() got an unexpected keyword argument 'content'
  ERROR 1090-2006-jonew-judis-29301-4918ae.md: CausalDAG.add_fact() got an unexpected keyword argument 'content'
  ERROR 10905-2019-supremecourt-2019-10905-10905-2019-3-1501-37539-judge-2434b7.md: CausalDAG.add_fact() got an unexpected keyword argument 'content'
  ERROR 10907-1994-jonew-judis-15667-c14d99.md: CausalDAG.add_fact() got an unexpected keyword argument 'content'
  ERROR 10908-2006-jonew-judis-29661-a29670.md: CausalDAG.add_fact() got an unexpected keyword argument 'content'
  ERROR 10910-1999-jonew-judis-27048-a95a3d.md: CausalDAG.add_fact() got an unexpected keyword argument 'content'
  ERROR 10911-2022-supremecourt-2022-10911-10911-2022-7-1502-52176-judge-3ad2e2.md: CausalDAG.add_fact() got an unexpected keyword argument 'content'
  ERROR 10915-2005-jonew-judis-39314-c8c7a7.md: CausalDAG.add_fact() got an unexpected keyword argument 'content'
  ERROR 10918-1997-jonew-judis-26191-d8ef19.md: CausalDAG.add_fact() got an unexpected keyword argument 'content'
  ERROR 10919-2006-jonew-judis-31140-568f5e.md: CausalDAG.add_fact() got an unexpected keyword argument 'content'
  ERROR 1092-2002-jonew-judis-34824-c3a19a.md: CausalDAG.add_fact() got an unexpected keyword argument 'content'
  ERROR 1092-2006-supremecourt-2006-1092-1092-2006-judgement-06-sep-2018-ad662f.md: CausalDAG.add_fact() got an unexpected keyword argument 'content'
  ERROR 1092-2011-supremecourt-2011-1092-1092-2011-order-22-may-2017-dd0f9e.md: CausalDAG.add_fact() got an unexpected keyword argument 'content'
  ERROR 10920-2001-jonew-judis-18388-6d09e0.md: CausalDAG.add_fact() got an unexpected keyword argument 'content'
  ERROR 10920-2001-jonew-judis-18389-20adc6.md: CausalDAG.add_fact() got an unexpected keyword argument 'content'
  ERROR 10920-2001-jonew-judis-18392-d3582c.md: CausalDAG.add_fact() got an unexpected keyword argument 'content'
  ERROR 10920-2004-jonew-judis-29870-91a54a.md: CausalDAG.add_fact() got an unexpected keyword argument 'content'
  ERROR 10920-2006-jonew-judis-28501-1ac7cb.md: CausalDAG.add_fact() got an unexpected keyword argument 'content'
  ERROR 10923-1999-jonew-judis-26703-e49c58.md: CausalDAG.add_fact() got an unexpected keyword argument 'content'
  ERROR 10923-2007-jonew-judis-30987-733aa0.md: CausalDAG.add_fact() got an unexpected keyword argument 'content'
  ERROR 10924-2000-jonew-judis-27941-71ce2d.md: CausalDAG.add_fact() got an unexpected keyword argument 'content'
  ERROR 10925-1995-jonew-judis-16408-8412f7.md: CausalDAG.add_fact() got an unexpected keyword argument 'content'
  ERROR 10925-2000-jonew-judis-35475-fa4216.md: CausalDAG.add_fact() got an unexpected keyword argument 'content'
  ERROR 10925-2000-jonew-judis-35819-154456.md: CausalDAG.add_fact() got an unexpected keyword argument 'content'
  ERROR 10925-2013-jonew-judis-41048-d93176.md: CausalDAG.add_fact() got an unexpected keyword argument 'content'
  ERROR 1093-2004-jonew-judis-34414-2d71d9.md: CausalDAG.add_fact() got an unexpected keyword argument 'content'
  ERROR 10930-2002-jonew-judis-40051-93d7df.md: CausalDAG.add_fact() got an unexpected keyword argument 'content'
  ERROR 10932-2001-jonew-judis-26494-ca2c2c.md: CausalDAG.add_fact() got an unexpected keyword argument 'content'
  ERROR 10933-2002-jonew-judis-37564-423fbb.md: CausalDAG.add_fact() got an unexpected keyword argument 'content'
  ERROR 10934-2012-supremecourt-2012-10934-10934-2012-judgement-19-sep-2-1fdd69.md: CausalDAG.add_fact() got an unexpected keyword argument 'content'
  ERROR 10938-2001-jonew-judis-39141-e8fec3.md: CausalDAG.add_fact() got an unexpected keyword argument 'content'
  ERROR 10938-2002-jonew-judis-29648-cf5f1f.md: CausalDAG.add_fact() got an unexpected keyword argument 'content'
  ERROR 10938-2003-jonew-judis-39177-8d3307.md: CausalDAG.add_fact() got an unexpected keyword argument 'content'
  ERROR 1094-1996-jonew-judis-25721-205f6a.md: CausalDAG.add_fact() got an unexpected keyword argument 'content'
  ERROR 1094-2008-jonew-judis-33035-dc7fdc.md: CausalDAG.add_fact() got an unexpected keyword argument 'content'
  ERROR 10940-2001-jonew-judis-29150-bd4516.md: CausalDAG.add_fact() got an unexpected keyword argument 'content'
  ERROR 10941-1999-jonew-judis-28378-9444ec.md: CausalDAG.add_fact() got an unexpected keyword argument 'content'
  ERROR 10942-2003-jonew-judis-38450-bfb12b.md: CausalDAG.add_fact() got an unexpected keyword argument 'content'
  ERROR 10943-1994-jonew-judis-16879-330b0d.md: CausalDAG.add_fact() got an unexpected keyword argument 'content'
  ERROR 10947-2006-jonew-judis-32688-0e343a.md: CausalDAG.add_fact() got an unexpected keyword argument 'content'
  ERROR 10948-1999-jonew-judis-25729-1df7ca.md: CausalDAG.add_fact() got an unexpected keyword argument 'content'
  ERROR 10948-2001-jonew-judis-36368-e6a244.md: CausalDAG.add_fact() got an unexpected keyword argument 'content'
  ERROR 10950-1999-jonew-judis-17538-9ba65a.md: CausalDAG.add_fact() got an unexpected keyword argument 'content'
  ERROR 10951-2008-jonew-judis-36838-bef4da.md: CausalDAG.add_fact() got an unexpected keyword argument 'content'
  ERROR 10951-2017-supremecourt-2017-10951-10951-2017-order-17-jul-2018-acbc35.md: CausalDAG.add_fact() got an unexpected keyword argument 'content'
  ERROR 10955-1999-jonew-judis-28377-a90a99.md: CausalDAG.add_fact() got an unexpected keyword argument 'content'
  ERROR 10955-2005-jonew-judis-37384-e8b638.md: CausalDAG.add_fact() got an unexpected keyword argument 'content'
  ERROR 10958-2004-jonew-judis-29438-562d76.md: CausalDAG.add_fact() got an unexpected keyword argument 'content'
  ERROR 10958-2007-jonew-judis-30188-d12942.md: CausalDAG.add_fact() got an unexpected keyword argument 'content'
  ERROR 1096-2007-jonew-judis-33731-4db540.md: CausalDAG.add_fact() got an unexpected keyword argument 'content'
  ERROR 10961-2002-jonew-judis-34761-9309fe.md: CausalDAG.add_fact() got an unexpected keyword argument 'content'
  ERROR 10962-2012-jonew-judis-42399-907d6b.md: CausalDAG.add_fact() got an unexpected keyword argument 'content'
  ERROR 10962-2014-supremecourt-2014-10962-10962-2014-judgement-22-jan-2-c05f10.md: CausalDAG.add_fact() got an unexpected keyword argument 'content'
  ERROR 10963-2000-jonew-judis-29721-feb99a.md: CausalDAG.add_fact() got an unexpected keyword argument 'content'
  ERROR 10964-1999-jonew-judis-40501-30eebf.md: CausalDAG.add_fact() got an unexpected keyword argument 'content'
  ERROR 10964-2003-jonew-judis-38207-4486c1.md: CausalDAG.add_fact() got an unexpected keyword argument 'content'
  ERROR 10965-1999-jonew-judis-18350-e11c28.md: CausalDAG.add_fact() got an unexpected keyword argument 'content'
  ERROR 10966-2020-supremecourt-2020-10966-10966-2020-35-1501-24201-judg-16fc0a.md: CausalDAG.add_fact() got an unexpected keyword argument 'content'
  ERROR 10968-2022-supremecourt-2022-10968-10968-2022-6-1501-45633-judge-0900d6.md: CausalDAG.add_fact() got an unexpected keyword argument 'content'
  ERROR 10969-1995-jonew-judis-10420-7d9ed6.md: CausalDAG.add_fact() got an unexpected keyword argument 'content'
  ERROR 10969-2006-jonew-judis-30157-1d710a.md: CausalDAG.add_fact() got an unexpected keyword argument 'content'
  ERROR 10973-2005-jonew-judis-28591-83c4ea.md: CausalDAG.add_fact() got an unexpected keyword argument 'content'
  ERROR 10973-2018-supremecourt-2018-2018-judgement-29-mar-2019-fe58f0.md: CausalDAG.add_fact() got an unexpected keyword argument 'content'
  ERROR 10976-1998-jonew-judis-28291-6f4115.md: CausalDAG.add_fact() got an unexpected keyword argument 'content'
  ERROR 10976-2001-jonew-judis-33530-75e14f.md: CausalDAG.add_fact() got an unexpected keyword argument 'content'
  ERROR 10977-2008-jonew-judis-37745-ac4e0b.md: CausalDAG.add_fact() got an unexpected keyword argument 'content'
  ERROR 10977-2018-supremecourt-2018-2018-judgement-29-mar-2019-0a01b3.md: CausalDAG.add_fact() got an unexpected keyword argument 'content'
  ERROR 10979-2004-jonew-judis-29821-f5c11a.md: CausalDAG.add_fact() got an unexpected keyword argument 'content'
  ERROR 10980-2000-jonew-judis-34241-612f79.md: CausalDAG.add_fact() got an unexpected keyword argument 'content'
  ERROR 10980-2018-supremecourt-2018-2018-judgement-29-mar-2019-2a8e04.md: CausalDAG.add_fact() got an unexpected keyword argument 'content'
  ERROR 10981-1995-jonew-judis-15710-dccbbd.md: CausalDAG.add_fact() got an unexpected keyword argument 'content'
  ERROR 10982-2006-jonew-judis-34359-57de1a.md: CausalDAG.add_fact() got an unexpected keyword argument 'content'
  ERROR 10982-2015-jonew-judis-44512-67ad7a.md: CausalDAG.add_fact() got an unexpected keyword argument 'content'
  ERROR 10982-2015-supremecourt-2015-10982-10982-2015-judgement-25-jan-2-02ecc3.md: CausalDAG.add_fact() got an unexpected keyword argument 'content'
  ERROR 10983-2000-jonew-judis-27003-633ab3.md: CausalDAG.add_fact() got an unexpected keyword argument 'content'
  ERROR 10983-2001-jonew-judis-27521-03a421.md: CausalDAG.add_fact() got an unexpected keyword argument 'content'
  ERROR 10983-2020-supremecourt-2020-10983-10983-2020-36-1502-22526-judg-f448aa.md: CausalDAG.add_fact() got an unexpected keyword argument 'content'
  ERROR 10984-1999-jonew-judis-17952-e21d1a.md: CausalDAG.add_fact() got an unexpected keyword argument 'content'
  ERROR 10984-2001-jonew-judis-30763-0c3e2d.md: CausalDAG.add_fact() got an unexpected keyword argument 'content'
  ERROR 10987-2009-jonew-judis-39145-bf027e.md: CausalDAG.add_fact() got an unexpected keyword argument 'content'
  ERROR 10989-1999-jonew-judis-17250-0203f1.md: CausalDAG.add_fact() got an unexpected keyword argument 'content'
  ERROR 1099-2001-jonew-judis-26343-33863f.md: CausalDAG.add_fact() got an unexpected keyword argument 'content'
  ERROR 1099-2006-jonew-judis-29094-54f445.md: CausalDAG.add_fact() got an unexpected keyword argument 'content'
  ERROR 10990-2003-jonew-courtnic-rop-2003-10990-rop-225917-187c44.md: CausalDAG.add_fact() got an unexpected keyword argument 'content'
  ERROR 10990-2003-jonew-judis-42392-e41116.md: CausalDAG.add_fact() got an unexpected keyword argument 'content'
  ERROR 10990-2009-jonew-judis-41966-a3dd45.md: CausalDAG.add_fact() got an unexpected keyword argument 'content'
  ERROR 10992-2012-supremecourt-2012-10992-10992-2012-judgement-22-feb-2-ef028e.md: CausalDAG.add_fact() got an unexpected keyword argument 'content'
  ERROR 10995-1998-jonew-judis-17422-c91ebd.md: CausalDAG.add_fact() got an unexpected keyword argument 'content'
  ERROR 10995-2006-jonew-judis-36342-a634e9.md: CausalDAG.add_fact() got an unexpected keyword argument 'content'
  ERROR 10996-2002-jonew-judis-20651-07ab75.md: CausalDAG.add_fact() got an unexpected keyword argument 'content'
  ERROR 10997-1994-jonew-judis-10400-01a229.md: CausalDAG.add_fact() got an unexpected keyword argument 'content'
  ERROR 11-1949-jonew-judis-1242-a7fb01.md: CausalDAG.add_fact() got an unexpected keyword argument 'content'
  ERROR 11-1950-jonew-judis-1206-2922e7.md: CausalDAG.add_fact() got an unexpected keyword argument 'content'
  ERROR 11-1951-jonew-judis-956-ed1995.md: CausalDAG.add_fact() got an unexpected keyword argument 'content'
  ERROR 11-1952-jonew-judis-891-f65675.md: CausalDAG.add_fact() got an unexpected keyword argument 'content'
  ERROR 11-1955-jonew-judis-42-4956a8.md: CausalDAG.add_fact() got an unexpected keyword argument 'content'
  ERROR 11-1956-jonew-judis-175-d337b9.md: CausalDAG.add_fact() got an unexpected keyword argument 'content'
  ERROR 11-1958-jonew-judis-182-9a5237.md: CausalDAG.add_fact() got an unexpected keyword argument 'content'
  ERROR 11-1959-jonew-judis-8-8b41a0.md: CausalDAG.add_fact() got an unexpected keyword argument 'content'
  ERROR 11-1960-jonew-judis-7-5f65a1.md: CausalDAG.add_fact() got an unexpected keyword argument 'content'
  ERROR 11-1961-jonew-judis-3698-103da9.md: CausalDAG.add_fact() got an unexpected keyword argument 'content'
  ERROR 11-1962-jonew-judis-3709-78e8ff.md: CausalDAG.add_fact() got an unexpected keyword argument 'content'
  ERROR 11-1963-jonew-judis-3171-6f0624.md: CausalDAG.add_fact() got an unexpected keyword argument 'content'
  ERROR 11-1965-jonew-judis-2671-f05774.md: CausalDAG.add_fact() got an unexpected keyword argument 'content'
  ERROR 11-1967-jonew-judis-6703-69eae7.md: CausalDAG.add_fact() got an unexpected keyword argument 'content'
  ERROR 11-2007-jonew-judis-28649-ccb870.md: CausalDAG.add_fact() got an unexpected keyword argument 'content'
  ERROR 11-2007-jonew-judis-28651-4ffeea.md: CausalDAG.add_fact() got an unexpected keyword argument 'content'
  ERROR 110-1952-jonew-judis-1079-ed9b24.md: CausalDAG.add_fact() got an unexpected keyword argument 'content'
  ERROR 110-1955-jonew-judis-696-f27d6d.md: CausalDAG.add_fact() got an unexpected keyword argument 'content'
  ERROR 110-1956-jonew-judis-669-6aaade.md: CausalDAG.add_fact() got an unexpected keyword argument 'content'
  ERROR 110-1958-jonew-judis-424-3f0380.md: CausalDAG.add_fact() got an unexpected keyword argument 'content'
  ERROR 110-1959-jonew-judis-327-668a99.md: CausalDAG.add_fact() got an unexpected keyword argument 'content'
  ERROR 110-1960-jonew-judis-3847-229c8a.md: CausalDAG.add_fact() got an unexpected keyword argument 'content'
  ERROR 110-1961-jonew-judis-3978-e75fd9.md: CausalDAG.add_fact() got an unexpected keyword argument 'content'
  ERROR 110-1962-jonew-judis-3337-d56bc5.md: CausalDAG.add_fact() got an unexpected keyword argument 'content'
  ERROR 110-1963-jonew-judis-3394-b83946.md: CausalDAG.add_fact() got an unexpected keyword argument 'content'
  ERROR 110-1965-jonew-judis-2095-115b8e.md: CausalDAG.add_fact() got an unexpected keyword argument 'content'
  ERROR 110-1967-jonew-judis-2276-cfe3de.md: CausalDAG.add_fact() got an unexpected keyword argument 'content'
  ERROR 1100-2022-supremecourt-2022-1100-1100-2022-1-1503-48166-judgemen-e2edfe.md: CausalDAG.add_fact() got an unexpected keyword argument 'content'
  ERROR 11001-2016-supremecourt-2016-11001-11001-2016-12-1501-35291-judg-e852f3.md: CausalDAG.add_fact() got an unexpected keyword argument 'content'
  ERROR 11001-2021-supremecourt-2021-11001-11001-2021-35-301-27825-judge-e66d8e.md: CausalDAG.add_fact() got an unexpected keyword argument 'content'
  ERROR 11001-2021-supremecourt-2021-11001-11001-2021-35-301-28040-judge-5dc9eb.md: CausalDAG.add_fact() got an unexpected keyword argument 'content'
  ERROR 11005-2008-jonew-judis-43567-8c7d58.md: CausalDAG.add_fact() got an unexpected keyword argument 'content'
  ERROR 11005-2009-jonew-judis-39423-4c4b1e.md: CausalDAG.add_fact() got an unexpected keyword argument 'content'
  ERROR 11006-2001-jonew-judis-30155-6fbd1a.md: CausalDAG.add_fact() got an unexpected keyword argument 'content'
  ERROR 11006-2020-supremecourt-2020-11006-11006-2020-33-1501-22077-judg-b22960.md: CausalDAG.add_fact() got an unexpected keyword argument 'content'
  ERROR 11007-1997-jonew-judis-13127-f3bb85.md: CausalDAG.add_fact() got an unexpected keyword argument 'content'
  ERROR 11007-2007-jonew-judis-33099-e637bc.md: CausalDAG.add_fact() got an unexpected keyword argument 'content'
  ERROR 1101-2004-jonew-judis-27667-9ccf40.md: CausalDAG.add_fact() got an unexpected keyword argument 'content'
  ERROR 1101-2009-jonew-judis-38760-393847.md: CausalDAG.add_fact() got an unexpected keyword argument 'content'
  ERROR 11010-1999-jonew-judis-35080-0a0944.md: CausalDAG.add_fact() got an unexpected keyword argument 'content'
  ERROR 11010-2002-jonew-judis-29294-c2581e.md: CausalDAG.add_fact() got an unexpected keyword argument 'content'
  ERROR 11011-2006-jonew-judis-28744-11f33f.md: CausalDAG.add_fact() got an unexpected keyword argument 'content'
  ERROR 11011-2008-jonew-judis-20120-563f9a.md: CausalDAG.add_fact() got an unexpected keyword argument 'content'
  ERROR 11011-2020-supremecourt-2020-11011-11011-2020-31-1501-22183-judg-520ca0.md: CausalDAG.add_fact() got an unexpected keyword argument 'content'
  ERROR 11012-2007-jonew-judis-30643-142b96.md: CausalDAG.add_fact() got an unexpected keyword argument 'content'
  ERROR 11013-1995-jonew-judis-15855-616268.md: CausalDAG.add_fact() got an unexpected keyword argument 'content'
  ERROR 11015-1998-jonew-judis-16731-951374.md: CausalDAG.add_fact() got an unexpected keyword argument 'content'
  ERROR 11016-2000-jonew-judis-34781-56358c.md: CausalDAG.add_fact() got an unexpected keyword argument 'content'
  ERROR 11016-2008-supremecourt-2008-11016-11016-2008-judgement-28-jan-2-918f3b.md: CausalDAG.add_fact() got an unexpected keyword argument 'content'
  ERROR 11018-2008-jonew-judis-37986-d06240.md: CausalDAG.add_fact() got an unexpected keyword argument 'content'
  ERROR 11020-2014-supremecourt-2014-11020-11020-2014-6-1501-15918-judge-046e25.md: CausalDAG.add_fact() got an unexpected keyword argument 'content'
  ERROR 11020-2015-jonew-judis-43519-f00775.md: CausalDAG.add_fact() got an unexpected keyword argument 'content'
  ERROR 11021-1999-jonew-judis-17916-ed2d7d.md: CausalDAG.add_fact() got an unexpected keyword argument 'content'
  ERROR 11023-1999-jonew-judis-20276-f81976.md: CausalDAG.add_fact() got an unexpected keyword argument 'content'
  ERROR 11023-2006-jonew-judis-36354-e94b24.md: CausalDAG.add_fact() got an unexpected keyword argument 'content'
  ERROR 11024-2004-jonew-judis-35574-4e1858.md: CausalDAG.add_fact() got an unexpected keyword argument 'content'
  ERROR 11025-2002-jonew-judis-27663-b09e1a.md: CausalDAG.add_fact() got an unexpected keyword argument 'content'
  ERROR 11028-2003-jonew-judis-27846-cc8ef1.md: CausalDAG.add_fact() got an unexpected keyword argument 'content'
  ERROR 11029-2002-jonew-judis-31081-44e019.md: CausalDAG.add_fact() got an unexpected keyword argument 'content'
  ERROR 11032-2008-supremecourt-2008-11032-11032-2008-8-1501-16819-judge-15d401.md: CausalDAG.add_fact() got an unexpected keyword argument 'content'
  ERROR 11032-2011-supremecourt-2011-11032-11032-2011-12-1501-19231-judg-b5d73d.md: CausalDAG.add_fact() got an unexpected keyword argument 'content'
  ERROR 11033-2001-jonew-judis-27213-015c59.md: CausalDAG.add_fact() got an unexpected keyword argument 'content'
  ERROR 11036-2001-jonew-judis-18391-6e2b1d.md: CausalDAG.add_fact() got an unexpected keyword argument 'content'
  ERROR 11036-2005-jonew-judis-42631-d4af05.md: CausalDAG.add_fact() got an unexpected keyword argument 'content'
  ERROR 11037-2001-jonew-judis-19324-8eb73c.md: CausalDAG.add_fact() got an unexpected keyword argument 'content'
  ERROR 11037-2010-jonew-judis-41566-a7493b.md: CausalDAG.add_fact() got an unexpected keyword argument 'content'
  ERROR 11038-2009-supremecourt-2009-11038-11038-2009-11-1502-17052-judg-eef054.md: CausalDAG.add_fact() got an unexpected keyword argument 'content'
  ERROR 11039-1999-jonew-judis-16570-324d07.md: CausalDAG.add_fact() got an unexpected keyword argument 'content'
  ERROR 11042-2004-jonew-judis-40082-815c6b.md: CausalDAG.add_fact() got an unexpected keyword argument 'content'
  ERROR 11043-1999-jonew-judis-26627-48633c.md: CausalDAG.add_fact() got an unexpected keyword argument 'content'
  ERROR 11043-2007-jonew-judis-38171-50f385.md: CausalDAG.add_fact() got an unexpected keyword argument 'content'
  ERROR 11043-2017-supremecourt-2017-11043-11043-2017-judgement-14-jan-2-f0d64b.md: CausalDAG.add_fact() got an unexpected keyword argument 'content'
  ERROR 11045-2007-jonew-judis-42426-d85a3e.md: CausalDAG.add_fact() got an unexpected keyword argument 'content'
  ERROR 11045-2008-jonew-judis-43802-1956d0.md: CausalDAG.add_fact() got an unexpected keyword argument 'content'
  ERROR 11045-2008-jonew-judis-44377-717ee9.md: CausalDAG.add_fact() got an unexpected keyword argument 'content'
  ERROR 11046-2017-supremecourt-2017-11046-11046-2017-judgement-02-jul-2-d7bc50.md: CausalDAG.add_fact() got an unexpected keyword argument 'content'
  ERROR 11048-2008-jonew-courtnic-rop-2008-11048-rop-237923-7f1ee9.md: CausalDAG.add_fact() got an unexpected keyword argument 'content'
  ERROR 11048-2008-jonew-judis-42462-976524.md: CausalDAG.add_fact() got an unexpected keyword argument 'content'
  ERROR 11049-2002-jonew-judis-18780-e41e58.md: CausalDAG.add_fact() got an unexpected keyword argument 'content'
  ERROR 11049-2005-jonew-judis-42694-99c0ee.md: CausalDAG.add_fact() got an unexpected keyword argument 'content'
  ERROR 11049-2006-jonew-judis-36186-0a86c0.md: CausalDAG.add_fact() got an unexpected keyword argument 'content'
  ERROR 1105-1995-jonew-judis-15229-5ee0a8.md: CausalDAG.add_fact() got an unexpected keyword argument 'content'
  ERROR 1105-2006-jonew-judis-28168-b7c6aa.md: CausalDAG.add_fact() got an unexpected keyword argument 'content'
  ERROR 1105-2019-supremecourt-2019-1105-1105-2019-7-1501-19767-judgemen-869b61.md: CausalDAG.add_fact() got an unexpected keyword argument 'content'
  ERROR 11051-2008-jonew-judis-32405-885a97.md: CausalDAG.add_fact() got an unexpected keyword argument 'content'
  ERROR 11056-2009-jonew-judis-35566-81096a.md: CausalDAG.add_fact() got an unexpected keyword argument 'content'
  ERROR 11056-2010-jonew-judis-39803-cb90e1.md: CausalDAG.add_fact() got an unexpected keyword argument 'content'
  ERROR 11059-2008-jonew-judis-34945-32689f.md: CausalDAG.add_fact() got an unexpected keyword argument 'content'
  ERROR 1106-2010-jonew-judis-42926-41c059.md: CausalDAG.add_fact() got an unexpected keyword argument 'content'
  ERROR 11060-2001-jonew-judis-35453-78625e.md: CausalDAG.add_fact() got an unexpected keyword argument 'content'
  ERROR 11060-2001-jonew-judis-35535-a3ff11.md: CausalDAG.add_fact() got an unexpected keyword argument 'content'
  ERROR 11060-2008-jonew-judis-35677-2392e9.md: CausalDAG.add_fact() got an unexpected keyword argument 'content'
  ERROR 11061-2005-jonew-judis-36644-65aae2.md: CausalDAG.add_fact() got an unexpected keyword argument 'content'
  ERROR 11061-2006-jonew-judis-37937-0cfba5.md: CausalDAG.add_fact() got an unexpected keyword argument 'content'
  ERROR 11064-2006-jonew-judis-43296-20b228.md: CausalDAG.add_fact() got an unexpected keyword argument 'content'
  ERROR 11065-2014-jonew-judis-43593-13aa43.md: CausalDAG.add_fact() got an unexpected keyword argument 'content'
  ERROR 11068-2006-jonew-judis-28436-e8a64e.md: CausalDAG.add_fact() got an unexpected keyword argument 'content'
  ERROR 1107-1998-jonew-judis-29409-a160c5.md: CausalDAG.add_fact() got an unexpected keyword argument 'content'
  ERROR 11071-2006-jonew-judis-36574-156e5b.md: CausalDAG.add_fact() got an unexpected keyword argument 'content'
  ERROR 11072-2001-jonew-judis-31631-d811d9.md: CausalDAG.add_fact() got an unexpected keyword argument 'content'
  ERROR 11072-2016-jonew-judis-44011-2a1771.md: CausalDAG.add_fact() got an unexpected keyword argument 'content'
  ERROR 11073-1999-jonew-judis-17403-4f63e0.md: CausalDAG.add_fact() got an unexpected keyword argument 'content'
  ERROR 11074-2007-jonew-judis-43244-9453ed.md: CausalDAG.add_fact() got an unexpected keyword argument 'content'
  ERROR 11075-1997-jonew-judis-25828-365faf.md: CausalDAG.add_fact() got an unexpected keyword argument 'content'
  ERROR 11075-2021-supremecourt-2021-11075-11075-2021-11-1501-39804-judg-3102bf.md: CausalDAG.add_fact() got an unexpected keyword argument 'content'
  ERROR 11076-1995-jonew-judis-15231-642c64.md: CausalDAG.add_fact() got an unexpected keyword argument 'content'
  ERROR 11076-2021-supremecourt-2021-11076-11076-2021-11-1501-39200-judg-03567a.md: CausalDAG.add_fact() got an unexpected keyword argument 'content'
  ERROR 11076-2021-supremecourt-2021-11076-11076-2021-5-1501-35180-judge-fadb1c.md: CausalDAG.add_fact() got an unexpected keyword argument 'content'
  ERROR 11078-2010-supremecourt-2010-11078-11078-2010-31-1501-29774-judg-6d9b4a.md: CausalDAG.add_fact() got an unexpected keyword argument 'content'
  ERROR 1108-2004-jonew-judis-35409-21e40d.md: CausalDAG.add_fact() got an unexpected keyword argument 'content'
  ERROR 11080-2000-jonew-judis-17626-2ff02e.md: CausalDAG.add_fact() got an unexpected keyword argument 'content'
  ERROR 11080-2002-jonew-judis-18923-8ac798.md: CausalDAG.add_fact() got an unexpected keyword argument 'content'
  ERROR 11080-2022-supremecourt-2022-11080-11080-2022-9-1501-57420-judge-dc589d.md: CausalDAG.add_fact() got an unexpected keyword argument 'content'
  ERROR 11081-2000-jonew-judis-17568-8368d0.md: CausalDAG.add_fact() got an unexpected keyword argument 'content'
  ERROR 11081-2000-jonew-judis-17580-e9496b.md: CausalDAG.add_fact() got an unexpected keyword argument 'content'
  ERROR 11081-2019-supremecourt-2019-11081-11081-2019-37-1501-29764-judg-7fb717.md: CausalDAG.add_fact() got an unexpected keyword argument 'content'
  ERROR 11082-1999-jonew-judis-27981-aff162.md: CausalDAG.add_fact() got an unexpected keyword argument 'content'
  ERROR 11084-1994-jonew-judis-16077-4849f1.md: CausalDAG.add_fact() got an unexpected keyword argument 'content'
  ERROR 11085-2014-supremecourt-2014-11085-11085-2014-9-18-34537-order-2-791427.md: CausalDAG.add_fact() got an unexpected keyword argument 'content'
  ERROR 11086-1997-jonew-judis-26086-119388.md: CausalDAG.add_fact() got an unexpected keyword argument 'content'
  ERROR 11086-2004-jonew-judis-28316-58e567.md: CausalDAG.add_fact() got an unexpected keyword argument 'content'
  ERROR 11087-2009-jonew-judis-40613-70ddab.md: CausalDAG.add_fact() got an unexpected keyword argument 'content'
  ERROR 11088-1995-jonew-judis-15230-98af9c.md: CausalDAG.add_fact() got an unexpected keyword argument 'content'
  ERROR 11089-2002-jonew-judis-18618-411a93.md: CausalDAG.add_fact() got an unexpected keyword argument 'content'
  ERROR 11090-1998-jonew-judis-16784-9dc6c7.md: CausalDAG.add_fact() got an unexpected keyword argument 'content'
  ERROR 11094-2021-supremecourt-2021-11094-11094-2021-14-1501-35658-judg-09bbb4.md: CausalDAG.add_fact() got an unexpected keyword argument 'content'
  ERROR 11095-2018-supremecourt-2018-11095-11095-2018-judgement-29-oct-2-f44938.md: CausalDAG.add_fact() got an unexpected keyword argument 'content'
  ERROR 11099-2001-jonew-judis-29472-92e42f.md: CausalDAG.add_fact() got an unexpected keyword argument 'content'
  ERROR 111-1955-jonew-judis-700-4b43da.md: CausalDAG.add_fact() got an unexpected keyword argument 'content'
  ERROR 111-1956-jonew-judis-671-ec91b8.md: CausalDAG.add_fact() got an unexpected keyword argument 'content'
  ERROR 111-1958-jonew-judis-429-cc958f.md: CausalDAG.add_fact() got an unexpected keyword argument 'content'
  ERROR 111-1959-jonew-judis-339-1d3837.md: CausalDAG.add_fact() got an unexpected keyword argument 'content'
  ERROR 111-1960-jonew-judis-3850-484998.md: CausalDAG.add_fact() got an unexpected keyword argument 'content'
  ERROR 111-1961-jonew-judis-3983-06e066.md: CausalDAG.add_fact() got an unexpected keyword argument 'content'
  ERROR 111-1962-jonew-judis-3338-cb0591.md: CausalDAG.add_fact() got an unexpected keyword argument 'content'
  ERROR 111-1963-jonew-judis-3400-67f650.md: CausalDAG.add_fact() got an unexpected keyword argument 'content'
  ERROR 111-1965-jonew-judis-2098-2e5bce.md: CausalDAG.add_fact() got an unexpected keyword argument 'content'
  ERROR 111-1967-jonew-judis-2280-962c6c.md: CausalDAG.add_fact() got an unexpected keyword argument 'content'
  ERROR 111-2002-jonew-judis-18486-1df59b.md: CausalDAG.add_fact() got an unexpected keyword argument 'content'
  ERROR 1110-2002-jonew-judis-34453-c1d944.md: CausalDAG.add_fact() got an unexpected keyword argument 'content'
  ERROR 11100-2008-jonew-judis-43750-8df155.md: CausalDAG.add_fact() got an unexpected keyword argument 'content'
  ERROR 11100-2010-jonew-judis-37888-6fe0e2.md: CausalDAG.add_fact() got an unexpected keyword argument 'content'
  ERROR 11103-2001-jonew-judis-26358-035499.md: CausalDAG.add_fact() got an unexpected keyword argument 'content'
  ERROR 11103-2009-jonew-judis-36729-f710e9.md: CausalDAG.add_fact() got an unexpected keyword argument 'content'
  ERROR 11106-1999-jonew-judis-20429-961bd0.md: CausalDAG.add_fact() got an unexpected keyword argument 'content'
  ERROR 11106-2003-jonew-judis-36616-7e1604.md: CausalDAG.add_fact() got an unexpected keyword argument 'content'
  ERROR 11108-2001-jonew-judis-35363-3c00e2.md: CausalDAG.add_fact() got an unexpected keyword argument 'content'
  ERROR 1111-1998-jonew-judis-20411-005f0b.md: CausalDAG.add_fact() got an unexpected keyword argument 'content'
  ERROR 1111-2007-jonew-judis-41145-e4caa3.md: CausalDAG.add_fact() got an unexpected keyword argument 'content'
  ERROR 1111-2022-supremecourt-2022-1111-1111-2022-12-1507-35076-judgeme-ea0821.md: CausalDAG.add_fact() got an unexpected keyword argument 'content'
  ERROR 11111-2000-jonew-judis-17872-84dcbc.md: CausalDAG.add_fact() got an unexpected keyword argument 'content'
  ERROR 11112-2003-jonew-judis-33533-ab2742.md: CausalDAG.add_fact() got an unexpected keyword argument 'content'
  ERROR 11112-2006-jonew-judis-28343-ad63c7.md: CausalDAG.add_fact() got an unexpected keyword argument 'content'
  ERROR 11113-2008-jonew-judis-35172-cbf524.md: CausalDAG.add_fact() got an unexpected keyword argument 'content'
  ERROR 11120-2001-jonew-judis-33873-38f9e7.md: CausalDAG.add_fact() got an unexpected keyword argument 'content'
  ERROR 11122-2007-jonew-judis-38470-ccb65c.md: CausalDAG.add_fact() got an unexpected keyword argument 'content'
  ERROR 11124-2006-jonew-judis-31236-985ece.md: CausalDAG.add_fact() got an unexpected keyword argument 'content'
  ERROR 11126-2002-jonew-judis-19120-426af1.md: CausalDAG.add_fact() got an unexpected keyword argument 'content'
  ERROR 11126-2008-jonew-judis-38411-871314.md: CausalDAG.add_fact() got an unexpected keyword argument 'content'
  ERROR 11126-2010-supremecourt-2010-11126-11126-2010-31-1501-28001-judg-acb9f0.md: CausalDAG.add_fact() got an unexpected keyword argument 'content'
  ERROR 11127-1995-jonew-judis-15307-97ca00.md: CausalDAG.add_fact() got an unexpected keyword argument 'content'
  ERROR 11127-2000-jonew-judis-18148-66ff0a.md: CausalDAG.add_fact() got an unexpected keyword argument 'content'
  ERROR 11127-2004-jonew-judis-28779-1441c2.md: CausalDAG.add_fact() got an unexpected keyword argument 'content'
  ERROR 11127-2020-supremecourt-2020-11127-11127-2020-34-1-24859-judgeme-8de744.md: CausalDAG.add_fact() got an unexpected keyword argument 'content'
  ERROR 11128-1994-jonew-judis-18719-dac828.md: CausalDAG.add_fact() got an unexpected keyword argument 'content'
  ERROR 11128-2001-jonew-judis-26784-dcc991.md: CausalDAG.add_fact() got an unexpected keyword argument 'content'
  ERROR 1113-2011-supremecourt-2011-1113-1113-2011-3-1501-56876-judgemen-19be10.md: CausalDAG.add_fact() got an unexpected keyword argument 'content'
  ERROR 11130-2010-jonew-judis-38754-7398ae.md: CausalDAG.add_fact() got an unexpected keyword argument 'content'
  ERROR 11130-2015-supremecourt-2015-2015-judgement-19-jun-2017-20c3a5.md: CausalDAG.add_fact() got an unexpected keyword argument 'content'
  ERROR 11131-2003-jonew-judis-28494-3aa154.md: CausalDAG.add_fact() got an unexpected keyword argument 'content'
  ERROR 11131-2015-supremecourt-2015-2015-judgement-19-jun-2017-30a9d1.md: CausalDAG.add_fact() got an unexpected keyword argument 'content'
  ERROR 11133-2006-jonew-judis-34922-b02d32.md: CausalDAG.add_fact() got an unexpected keyword argument 'content'
  ERROR 11133-2015-supremecourt-2015-2015-judgement-19-jun-2017-090172.md: CausalDAG.add_fact() got an unexpected keyword argument 'content'
  ERROR 11134-2006-jonew-judis-29015-c6750e.md: CausalDAG.add_fact() got an unexpected keyword argument 'content'
  ERROR 11135-1994-jonew-judis-19388-75ea1c.md: CausalDAG.add_fact() got an unexpected keyword argument 'content'
  ERROR 11135-2001-jonew-judis-30050-ce2621.md: CausalDAG.add_fact() got an unexpected keyword argument 'content'
  ERROR 11135-2004-jonew-judis-28306-0d5668.md: CausalDAG.add_fact() got an unexpected keyword argument 'content'
  ERROR 11135-2011-supremecourt-2011-11135-11135-2011-1-1502-31895-judge-a12c35.md: CausalDAG.add_fact() got an unexpected keyword argument 'content'
  ERROR 11136-2000-jonew-judis-18459-4807af.md: CausalDAG.add_fact() got an unexpected keyword argument 'content'
  ERROR 11138-2002-jonew-judis-18989-3a2e98.md: CausalDAG.add_fact() got an unexpected keyword argument 'content'
  ERROR 11139-1994-jonew-judis-13049-496112.md: CausalDAG.add_fact() got an unexpected keyword argument 'content'
  ERROR 11139-2003-jonew-judis-26253-05c649.md: CausalDAG.add_fact() got an unexpected keyword argument 'content'
  ERROR 1114-1997-jonew-judis-25600-ccd12b.md: CausalDAG.add_fact() got an unexpected keyword argument 'content'
  ERROR 1114-1999-jonew-judis-16888-580468.md: CausalDAG.add_fact() got an unexpected keyword argument 'content'
  ERROR 1114-2017-jonew-judis-44725-41583c.md: CausalDAG.add_fact() got an unexpected keyword argument 'content'
  ERROR 11144-2002-jonew-judis-28476-793101.md: CausalDAG.add_fact() got an unexpected keyword argument 'content'
  ERROR 11144-2002-jonew-judis-30086-678f5e.md: CausalDAG.add_fact() got an unexpected keyword argument 'content'
  ERROR 11144-2006-jonew-judis-29610-2ec3c4.md: CausalDAG.add_fact() got an unexpected keyword argument 'content'
  ERROR 11145-2000-jonew-judis-18241-d2c96c.md: CausalDAG.add_fact() got an unexpected keyword argument 'content'
  ERROR 11145-2003-jonew-judis-27133-b81726.md: CausalDAG.add_fact() got an unexpected keyword argument 'content'
  ERROR 11145-2009-jonew-judis-41999-160a8f.md: CausalDAG.add_fact() got an unexpected keyword argument 'content'
  ERROR 11145-2017-supremecourt-2017-2017-judgement-05-dec-2017-971050.md: CausalDAG.add_fact() got an unexpected keyword argument 'content'
  ERROR 11146-2004-jonew-judis-33570-31c4b0.md: CausalDAG.add_fact() got an unexpected keyword argument 'content'
  ERROR 11147-2008-jonew-judis-41018-38625e.md: CausalDAG.add_fact() got an unexpected keyword argument 'content'
  ERROR 11149-2001-jonew-judis-28914-8feb12.md: CausalDAG.add_fact() got an unexpected keyword argument 'content'
  ERROR 11149-2007-jonew-judis-34791-b5f140.md: CausalDAG.add_fact() got an unexpected keyword argument 'content'
  ERROR 1115-1998-jonew-judis-16295-372a32.md: CausalDAG.add_fact() got an unexpected keyword argument 'content'
  ERROR 11150-1997-jonew-judis-13874-4061b2.md: CausalDAG.add_fact() got an unexpected keyword argument 'content'
  ERROR 11151-2003-jonew-judis-26629-ecfcc8.md: CausalDAG.add_fact() got an unexpected keyword argument 'content'
  ERROR 11151-2003-jonew-judis-26632-38bd73.md: CausalDAG.add_fact() got an unexpected keyword argument 'content'
  ERROR 11151-2017-supremecourt-2017-11151-11151-2017-order-09-jun-2017-81cf56.md: CausalDAG.add_fact() got an unexpected keyword argument 'content'
  ERROR 11151-2023-supremecourt-2023-11151-11151-2023-11-18-47228-judgem-9079a7.md: CausalDAG.add_fact() got an unexpected keyword argument 'content'
  ERROR 11154-2009-jonew-courtnic-rop-2009-11154-rop-130855-e20a04.md: CausalDAG.add_fact() got an unexpected keyword argument 'content'
  ERROR 11155-2000-jonew-judis-30370-5768a4.md: CausalDAG.add_fact() got an unexpected keyword argument 'content'
  ERROR 11156-1995-jonew-judis-18111-0cb58b.md: CausalDAG.add_fact() got an unexpected keyword argument 'content'
  ERROR 11156-1995-jonew-judis-18234-f9032d.md: CausalDAG.add_fact() got an unexpected keyword argument 'content'
  ERROR 11156-1995-jonew-judis-18259-c0fbea.md: CausalDAG.add_fact() got an unexpected keyword argument 'content'
  ERROR 11157-1999-jonew-judis-20324-2b6a9d.md: CausalDAG.add_fact() got an unexpected keyword argument 'content'
  ERROR 1116-2001-jonew-judis-17809-2c12f1.md: CausalDAG.add_fact() got an unexpected keyword argument 'content'
  ERROR 1116-2011-supremecourt-2011-1116-1116-2011-judgement-19-sep-2018-a95302.md: CausalDAG.add_fact() got an unexpected keyword argument 'content'
  ERROR 11160-2008-supremecourt-2008-11160-11160-2008-judgement-07-jan-2-af4a63.md: CausalDAG.add_fact() got an unexpected keyword argument 'content'
  ERROR 11160-2008-supremecourt-2008-11160-11160-2008-judgement-07-mar-2-49b04c.md: CausalDAG.add_fact() got an unexpected keyword argument 'content'
  ERROR 11160-2008-supremecourt-2008-11160-11160-2008-order-09-jan-2019-8fc4aa.md: CausalDAG.add_fact() got an unexpected keyword argument 'content'
  ERROR 11162-2008-jonew-judis-34379-54baca.md: CausalDAG.add_fact() got an unexpected keyword argument 'content'
  ERROR 11162-2020-supremecourt-2020-11162-11162-2020-35-1501-27212-judg-420ed7.md: CausalDAG.add_fact() got an unexpected keyword argument 'content'
  ERROR 11162-2023-supremecourt-2023-11162-11162-2023-8-1505-43930-judge-522f97.md: CausalDAG.add_fact() got an unexpected keyword argument 'content'
  ERROR 11163-2020-supremecourt-2020-11163-11163-2020-33-1501-22687-judg-5f0ed3.md: CausalDAG.add_fact() got an unexpected keyword argument 'content'
  ERROR 11167-2007-jonew-judis-35349-c9a228.md: CausalDAG.add_fact() got an unexpected keyword argument 'content'
  ERROR 11167-2014-jonew-judis-43032-f3f126.md: CausalDAG.add_fact() got an unexpected keyword argument 'content'
  ERROR 11169-2011-jonew-judis-40440-3c047e.md: CausalDAG.add_fact() got an unexpected keyword argument 'content'
  ERROR 1117-2008-jonew-judis-31272-441dc8.md: CausalDAG.add_fact() got an unexpected keyword argument 'content'
  ERROR 11170-2000-jonew-judis-30103-ce7aa8.md: CausalDAG.add_fact() got an unexpected keyword argument 'content'
  ERROR 11170-2019-supremecourt-2019-11170-11170-2019-4-1504-44205-judge-067d0d.md: CausalDAG.add_fact() got an unexpected keyword argument 'content'
  ERROR 11171-2000-jonew-judis-17614-dfd19d.md: CausalDAG.add_fact() got an unexpected keyword argument 'content'
  ERROR 11171-2002-jonew-judis-25782-c2452c.md: CausalDAG.add_fact() got an unexpected keyword argument 'content'
  ERROR 11172-2004-jonew-judis-27902-566089.md: CausalDAG.add_fact() got an unexpected keyword argument 'content'
  ERROR 11172-2008-jonew-judis-36049-e40e1f.md: CausalDAG.add_fact() got an unexpected keyword argument 'content'
  ERROR 11172-2010-supremecourt-2010-11172-11172-2010-44-1501-30983-judg-ee430f.md: CausalDAG.add_fact() got an unexpected keyword argument 'content'
  ERROR 11173-2005-jonew-judis-28986-bdcc9a.md: CausalDAG.add_fact() got an unexpected keyword argument 'content'
  ERROR 11176-2000-jonew-judis-20631-974f29.md: CausalDAG.add_fact() got an unexpected keyword argument 'content'
  ERROR 11176-2004-jonew-judis-36824-a4490e.md: CausalDAG.add_fact() got an unexpected keyword argument 'content'
  ERROR 11178-2007-supremecourt-2007-11178-11178-2007-judgement-10-aug-2-62c7a2.md: CausalDAG.add_fact() got an unexpected keyword argument 'content'
  ERROR 11178-2024-supremecourt-2024-11178-11178-2024-1-305-51365-judgem-cce295.md: CausalDAG.add_fact() got an unexpected keyword argument 'content'
  ERROR 11179-1997-jonew-judis-16572-45fb64.md: CausalDAG.add_fact() got an unexpected keyword argument 'content'
  ERROR 1118-2005-jonew-judis-35730-cfa5bc.md: CausalDAG.add_fact() got an unexpected keyword argument 'content'
  ERROR 11180-2019-supremecourt-2019-11180-11180-2019-4-1502-20493-judge-446ce6.md: CausalDAG.add_fact() got an unexpected keyword argument 'content'
  ERROR 11182-2021-supremecourt-2021-11182-11182-2021-32-1502-29166-judg-0553f3.md: CausalDAG.add_fact() got an unexpected keyword argument 'content'
  ERROR 11184-2019-supremecourt-2019-11184-11184-2019-33-1501-24138-judg-2b35f7.md: CausalDAG.add_fact() got an unexpected keyword argument 'content'
  ERROR 11189-2012-jonew-judis-44265-c97b75.md: CausalDAG.add_fact() got an unexpected keyword argument 'content'
  ERROR 11190-2007-jonew-judis-32086-72e2cc.md: CausalDAG.add_fact() got an unexpected keyword argument 'content'
  ERROR 11190-2013-supremecourt-2013-11190-11190-2013-39-1501-27289-judg-431fd8.md: CausalDAG.add_fact() got an unexpected keyword argument 'content'
  ERROR 11190-2016-jonew-judis-44014-e60e40.md: CausalDAG.add_fact() got an unexpected keyword argument 'content'
  ERROR 11191-1995-jonew-judis-10354-dc878d.md: CausalDAG.add_fact() got an unexpected keyword argument 'content'
  ERROR 11192-1994-jonew-judis-15493-bf1594.md: CausalDAG.add_fact() got an unexpected keyword argument 'content'
  ERROR 11192-1998-jonew-judis-18609-346b58.md: CausalDAG.add_fact() got an unexpected keyword argument 'content'
  ERROR 11192-2007-jonew-judis-33033-fcfd68.md: CausalDAG.add_fact() got an unexpected keyword argument 'content'
  ERROR 11194-2016-jonew-judis-44013-369470.md: CausalDAG.add_fact() got an unexpected keyword argument 'content'
  ERROR 11197-2010-supremecourt-2010-11197-11197-2010-14-102-45823-judge-42cb3c.md: CausalDAG.add_fact() got an unexpected keyword argument 'content'
  ERROR 11199-2004-jonew-judis-37918-125c13.md: CausalDAG.add_fact() got an unexpected keyword argument 'content'
  ERROR 112-1955-jonew-judis-706-ecf392.md: CausalDAG.add_fact() got an unexpected keyword argument 'content'
  ERROR 112-1956-jonew-judis-673-b58cda.md: CausalDAG.add_fact() got an unexpected keyword argument 'content'
  ERROR 112-1958-jonew-judis-433-641bb6.md: CausalDAG.add_fact() got an unexpected keyword argument 'content'
  ERROR 112-1959-jonew-judis-341-b6114b.md: CausalDAG.add_fact() got an unexpected keyword argument 'content'
  ERROR 112-1960-jonew-judis-3852-35927b.md: CausalDAG.add_fact() got an unexpected keyword argument 'content'
  ERROR 112-1961-jonew-judis-3985-85db47.md: CausalDAG.add_fact() got an unexpected keyword argument 'content'
  ERROR 112-1962-jonew-judis-3339-941fa4.md: CausalDAG.add_fact() got an unexpected keyword argument 'content'
  ERROR 112-1963-jonew-judis-3401-50cbee.md: CausalDAG.add_fact() got an unexpected keyword argument 'content'
  ERROR 112-1965-jonew-judis-2100-afd0e5.md: CausalDAG.add_fact() got an unexpected keyword argument 'content'
  ERROR 112-1967-jonew-judis-2289-84d160.md: CausalDAG.add_fact() got an unexpected keyword argument 'content'
  ERROR 1120-2013-supremecourt-2013-1120-1120-2013-judgement-04-oct-2017-9dc28c.md: CausalDAG.add_fact() got an unexpected keyword argument 'content'
  ERROR 11200-1994-jonew-judis-13978-9f3813.md: CausalDAG.add_fact() got an unexpected keyword argument 'content'
  ERROR 11201-2003-jonew-judis-26877-f90ac8.md: CausalDAG.add_fact() got an unexpected keyword argument 'content'
  ERROR 11201-2008-jonew-judis-36937-473ee2.md: CausalDAG.add_fact() got an unexpected keyword argument 'content'
  ERROR 11203-2003-jonew-judis-42579-eb85ef.md: CausalDAG.add_fact() got an unexpected keyword argument 'content'
  ERROR 11204-2005-jonew-judis-41473-e363bd.md: CausalDAG.add_fact() got an unexpected keyword argument 'content'
  ERROR 11208-1995-jonew-judis-15576-3d88c8.md: CausalDAG.add_fact() got an unexpected keyword argument 'content'
  ERROR 11209-2024-supremecourt-2024-11209-11209-2024-1-38-52884-judgeme-6eb2f3.md: CausalDAG.add_fact() got an unexpected keyword argument 'content'
  ERROR 1121-2006-jonew-judis-28415-e6215e.md: CausalDAG.add_fact() got an unexpected keyword argument 'content'
  ERROR 11210-2017-supremecourt-2017-11210-11210-2017-judgement-17-aug-2-02d42d.md: CausalDAG.add_fact() got an unexpected keyword argument 'content'
  ERROR 11213-2008-jonew-judis-43008-aa2feb.md: CausalDAG.add_fact() got an unexpected keyword argument 'content'
  ERROR 11214-1999-jonew-judis-29776-bc7bdc.md: CausalDAG.add_fact() got an unexpected keyword argument 'content'
  ERROR 11214-2007-jonew-judis-33753-0ee48b.md: CausalDAG.add_fact() got an unexpected keyword argument 'content'
  ERROR 11215-2001-jonew-judis-26892-064e67.md: CausalDAG.add_fact() got an unexpected keyword argument 'content'
  ERROR 11219-2005-jonew-judis-33896-2a8af6.md: CausalDAG.add_fact() got an unexpected keyword argument 'content'
  ERROR 1122-2003-jonew-judis-42495-5197f0.md: CausalDAG.add_fact() got an unexpected keyword argument 'content'
  ERROR 11220-1999-jonew-judis-17819-f98f04.md: CausalDAG.add_fact() got an unexpected keyword argument 'content'
  ERROR 11221-1998-jonew-judis-29785-15f666.md: CausalDAG.add_fact() got an unexpected keyword argument 'content'
  ERROR 11222-1997-jonew-judis-26056-08b28a.md: CausalDAG.add_fact() got an unexpected keyword argument 'content'
  ERROR 11222-2001-jonew-judis-31257-a2d2f1.md: CausalDAG.add_fact() got an unexpected keyword argument 'content'
  ERROR 11222-2001-jonew-judis-31258-7ee3a6.md: CausalDAG.add_fact() got an unexpected keyword argument 'content'
  ERROR 11223-2008-jonew-judis-36722-ec7a2b.md: CausalDAG.add_fact() got an unexpected keyword argument 'content'
  Batch 5: 2500/20531 docs, 0 facts, 2500 skipped, ETA 9.6m
  ERROR 11224-1998-jonew-judis-27278-919579.md: CausalDAG.add_fact() got an unexpected keyword argument 'content'
  ERROR 11224-2007-jonew-judis-33791-ac206b.md: CausalDAG.add_fact() got an unexpected keyword argument 'content'
  ERROR 11225-2003-jonew-judis-25764-a2334f.md: CausalDAG.add_fact() got an unexpected keyword argument 'content'
  ERROR 11225-2006-jonew-judis-32498-dc26a5.md: CausalDAG.add_fact() got an unexpected keyword argument 'content'
  ERROR 11225-2013-jonew-judis-41179-d7a5eb.md: CausalDAG.add_fact() got an unexpected keyword argument 'content'
  ERROR 11227-2011-jonew-judis-41223-169d25.md: CausalDAG.add_fact() got an unexpected keyword argument 'content'
  ERROR 11229-2010-jonew-judis-42163-8d9d67.md: CausalDAG.add_fact() got an unexpected keyword argument 'content'
  ERROR 1123-2002-jonew-judis-26327-0cc148.md: CausalDAG.add_fact() got an unexpected keyword argument 'content'
  ERROR 1123-2005-jonew-judis-32655-c5c43d.md: CausalDAG.add_fact() got an unexpected keyword argument 'content'
  ERROR 11230-2008-jonew-judis-35427-80bafe.md: CausalDAG.add_fact() got an unexpected keyword argument 'content'
  ERROR 11231-2001-jonew-judis-26722-46f6bf.md: CausalDAG.add_fact() got an unexpected keyword argument 'content'
  ERROR 11232-2008-jonew-judis-35992-8353d6.md: CausalDAG.add_fact() got an unexpected keyword argument 'content'
  ERROR 11232-2014-supremecourt-2014-11232-11232-2014-judgement-25-sep-2-4c92d7.md: CausalDAG.add_fact() got an unexpected keyword argument 'content'
  ERROR 11233-2006-jonew-judis-33150-56d05f.md: CausalDAG.add_fact() got an unexpected keyword argument 'content'
  ERROR 11233-2009-supremecourt-2009-11233-11233-2009-13-1501-17132-judg-f708bf.md: CausalDAG.add_fact() got an unexpected keyword argument 'content'
  ERROR 11234-2000-jonew-judis-27429-d26e4b.md: CausalDAG.add_fact() got an unexpected keyword argument 'content'
  ERROR 11234-2019-supremecourt-2019-11234-11234-2019-9-1507-18908-judge-cfa30e.md: CausalDAG.add_fact() got an unexpected keyword argument 'content'
  ERROR 11235-1998-jonew-judis-25942-a3e036.md: CausalDAG.add_fact() got an unexpected keyword argument 'content'
  ERROR 11237-2012-jonew-judis-40585-3c2c84.md: CausalDAG.add_fact() got an unexpected keyword argument 'content'
  ERROR 11237-2020-supremecourt-2020-11237-11237-2020-31-1503-24349-judg-9d8b7a.md: CausalDAG.add_fact() got an unexpected keyword argument 'content'
  ERROR 11239-1995-jonew-judis-10344-a9883f.md: CausalDAG.add_fact() got an unexpected keyword argument 'content'
  ERROR 1124-1995-jonew-judis-10168-f25f8b.md: CausalDAG.add_fact() got an unexpected keyword argument 'content'
  ERROR 11240-2012-jonew-judis-43474-8ea1b6.md: CausalDAG.add_fact() got an unexpected keyword argument 'content'
  ERROR 11241-1999-jonew-judis-17433-08d6ac.md: CausalDAG.add_fact() got an unexpected keyword argument 'content'
  ERROR 11242-2003-jonew-judis-34214-f54a0c.md: CausalDAG.add_fact() got an unexpected keyword argument 'content'
  ERROR 11244-2003-jonew-judis-26511-024eb5.md: CausalDAG.add_fact() got an unexpected keyword argument 'content'
  ERROR 11245-2011-jonew-courtnic-rop-2011-11245-rop-413278-4b6961.md: CausalDAG.add_fact() got an unexpected keyword argument 'content'
  ERROR 11246-2001-jonew-judis-43131-74b289.md: CausalDAG.add_fact() got an unexpected keyword argument 'content'
  ERROR 11246-2003-jonew-judis-40605-9d242f.md: CausalDAG.add_fact() got an unexpected keyword argument 'content'
  ERROR 11246-2007-jonew-judis-37911-85dbdb.md: CausalDAG.add_fact() got an unexpected keyword argument 'content'
  ERROR 11246-2008-jonew-judis-33207-5ef131.md: CausalDAG.add_fact() got an unexpected keyword argument 'content'
  ERROR 11246-2009-jonew-judis-39038-81a31f.md: CausalDAG.add_fact() got an unexpected keyword argument 'content'
  ERROR 11246-2014-jonew-judis-42338-7efe96.md: CausalDAG.add_fact() got an unexpected keyword argument 'content'
  ERROR 11247-2002-jonew-judis-37897-058966.md: CausalDAG.add_fact() got an unexpected keyword argument 'content'
  ERROR 11247-2003-jonew-judis-28955-c83fb1.md: CausalDAG.add_fact() got an unexpected keyword argument 'content'
  ERROR 11248-2006-jonew-judis-32302-f6a10e.md: CausalDAG.add_fact() got an unexpected keyword argument 'content'
  ERROR 11248-2007-jonew-judis-32424-1aea1b.md: CausalDAG.add_fact() got an unexpected keyword argument 'content'
  ERROR 1125-2015-jonew-judis-43661-906f38.md: CausalDAG.add_fact() got an unexpected keyword argument 'content'
  ERROR 11250-1999-jonew-judis-17700-7e0840.md: CausalDAG.add_fact() got an unexpected keyword argument 'content'
  ERROR 11250-2002-jonew-judis-34011-9aaddd.md: CausalDAG.add_fact() got an unexpected keyword argument 'content'
  ERROR 11251-1994-jonew-judis-10574-cedfa6.md: CausalDAG.add_fact() got an unexpected keyword argument 'content'
  ERROR 11251-1994-jonew-judis-15841-a4bafb.md: CausalDAG.add_fact() got an unexpected keyword argument 'content'
  ERROR 11252-1994-jonew-judis-10323-dd57d8.md: CausalDAG.add_fact() got an unexpected keyword argument 'content'
  ERROR 11252-1994-jonew-judis-10324-0652d2.md: CausalDAG.add_fact() got an unexpected keyword argument 'content'
  ERROR 11252-1994-jonew-judis-14606-f363e0.md: CausalDAG.add_fact() got an unexpected keyword argument 'content'
  ERROR 11252-2007-jonew-judis-31214-bdfaa9.md: CausalDAG.add_fact() got an unexpected keyword argument 'content'
  ERROR 11252-2010-jonew-judis-40444-3fbae9.md: CausalDAG.add_fact() got an unexpected keyword argument 'content'
  ERROR 11252-2011-jonew-judis-43572-54cc5b.md: CausalDAG.add_fact() got an unexpected keyword argument 'content'
  ERROR 11253-2004-jonew-judis-34790-fbd4b4.md: CausalDAG.add_fact() got an unexpected keyword argument 'content'
  ERROR 11253-2007-jonew-judis-38862-96a5ad.md: CausalDAG.add_fact() got an unexpected keyword argument 'content'
  ERROR 11254-2001-jonew-judis-20706-cde2a4.md: CausalDAG.add_fact() got an unexpected keyword argument 'content'
  ERROR 11254-2007-jonew-judis-31398-3af65f.md: CausalDAG.add_fact() got an unexpected keyword argument 'content'
  ERROR 11254-2018-supremecourt-2018-11254-11254-2018-judgement-06-dec-2-159ac2.md: CausalDAG.add_fact() got an unexpected keyword argument 'content'
  ERROR 1126-2012-jonew-judis-40095-9726ce.md: CausalDAG.add_fact() got an unexpected keyword argument 'content'
  ERROR 11261-2003-jonew-judis-27792-0dd7a6.md: CausalDAG.add_fact() got an unexpected keyword argument 'content'
  ERROR 11262-1994-jonew-judis-14187-942fc4.md: CausalDAG.add_fact() got an unexpected keyword argument 'content'
  ERROR 11263-2007-jonew-judis-33746-b349bc.md: CausalDAG.add_fact() got an unexpected keyword argument 'content'
  ERROR 11264-1995-jonew-judis-10542-17b791.md: CausalDAG.add_fact() got an unexpected keyword argument 'content'
  ERROR 11264-1999-jonew-judis-18426-5d355f.md: CausalDAG.add_fact() got an unexpected keyword argument 'content'
  ERROR 11264-2005-jonew-judis-38135-c80af4.md: CausalDAG.add_fact() got an unexpected keyword argument 'content'
  ERROR 11264-2006-jonew-judis-36837-b0282f.md: CausalDAG.add_fact() got an unexpected keyword argument 'content'
  ERROR 11265-2015-supremecourt-2015-11265-11265-2015-10-22-35405-judgem-90acc8.md: CausalDAG.add_fact() got an unexpected keyword argument 'content'
  ERROR 11266-1999-jonew-judis-33598-6b4183.md: CausalDAG.add_fact() got an unexpected keyword argument 'content'
  ERROR 11267-2014-jonew-judis-43219-d6d80b.md: CausalDAG.add_fact() got an unexpected keyword argument 'content'
  ERROR 11268-2007-jonew-judis-39377-730609.md: CausalDAG.add_fact() got an unexpected keyword argument 'content'
  ERROR 11269-2005-supremecourt-2005-11269-11269-2005-judgement-05-sep-2-4c273f.md: CausalDAG.add_fact() got an unexpected keyword argument 'content'
  ERROR 1127-2006-jonew-judis-43757-cf79fe.md: CausalDAG.add_fact() got an unexpected keyword argument 'content'
  ERROR 1127-2007-jonew-judis-42364-ea097d.md: CausalDAG.add_fact() got an unexpected keyword argument 'content'
  ERROR 1127-2016-jonew-courtnic-rop-2016-1127-rop-814597-513fa7.md: CausalDAG.add_fact() got an unexpected keyword argument 'content'
  ERROR 11270-1995-jonew-judis-15840-d989b8.md: CausalDAG.add_fact() got an unexpected keyword argument 'content'
  ERROR 11270-2001-jonew-judis-18563-bf8686.md: CausalDAG.add_fact() got an unexpected keyword argument 'content'
  ERROR 11270-2006-jonew-judis-40565-7aee76.md: CausalDAG.add_fact() got an unexpected keyword argument 'content'
  ERROR 11271-2008-jonew-judis-34365-1cd887.md: CausalDAG.add_fact() got an unexpected keyword argument 'content'
  ERROR 11273-1997-jonew-judis-17413-c8a709.md: CausalDAG.add_fact() got an unexpected keyword argument 'content'
  ERROR 11274-2002-jonew-judis-18591-02699d.md: CausalDAG.add_fact() got an unexpected keyword argument 'content'
  ERROR 11276-2016-supremecourt-2016-11276-11276-2016-11-1501-15651-judg-4d7a52.md: CausalDAG.add_fact() got an unexpected keyword argument 'content'
  ERROR 11277-2008-jonew-judis-37373-e27cd9.md: CausalDAG.add_fact() got an unexpected keyword argument 'content'
  ERROR 11277-2011-jonew-judis-41141-ab338d.md: CausalDAG.add_fact() got an unexpected keyword argument 'content'
  ERROR 11278-1998-jonew-judis-12980-39fae2.md: CausalDAG.add_fact() got an unexpected keyword argument 'content'
  ERROR 1128-2008-jonew-judis-30533-a48b44.md: CausalDAG.add_fact() got an unexpected keyword argument 'content'
  ERROR 11280-2002-jonew-judis-37919-13d60f.md: CausalDAG.add_fact() got an unexpected keyword argument 'content'
  ERROR 11280-2006-jonew-judis-31116-1120e9.md: CausalDAG.add_fact() got an unexpected keyword argument 'content'
  ERROR 11282-2011-jonew-judis-39406-85b0fb.md: CausalDAG.add_fact() got an unexpected keyword argument 'content'
  ERROR 11283-2007-jonew-judis-39705-1626c0.md: CausalDAG.add_fact() got an unexpected keyword argument 'content'
  ERROR 11285-2008-jonew-judis-43684-f27546.md: CausalDAG.add_fact() got an unexpected keyword argument 'content'
  ERROR 11285-2010-jonew-judis-38858-cca9da.md: CausalDAG.add_fact() got an unexpected keyword argument 'content'
  ERROR 11286-2005-jonew-judis-42875-e598d4.md: CausalDAG.add_fact() got an unexpected keyword argument 'content'
  ERROR 11286-2021-supremecourt-2021-11286-11286-2021-40-10-28018-judgem-cf896a.md: CausalDAG.add_fact() got an unexpected keyword argument 'content'
  ERROR 11287-2000-jonew-judis-29993-02857a.md: CausalDAG.add_fact() got an unexpected keyword argument 'content'
  ERROR 11288-1998-jonew-judis-20494-848f4f.md: CausalDAG.add_fact() got an unexpected keyword argument 'content'
  ERROR 11288-2000-jonew-judis-32300-f64936.md: CausalDAG.add_fact() got an unexpected keyword argument 'content'
  ERROR 11290-2005-supremecourt-2005-11290-11290-2005-judgement-25-sep-2-cb5869.md: CausalDAG.add_fact() got an unexpected keyword argument 'content'
  ERROR 11291-1997-jonew-judis-37684-fcaae2.md: CausalDAG.add_fact() got an unexpected keyword argument 'content'
  ERROR 11291-1997-jonew-judis-42400-66d2ec.md: CausalDAG.add_fact() got an unexpected keyword argument 'content'
  ERROR 11292-2004-jonew-judis-38148-25e0e5.md: CausalDAG.add_fact() got an unexpected keyword argument 'content'
  ERROR 11292-2018-supremecourt-2018-11292-11292-2018-2-1501-57774-judge-09595c.md: CausalDAG.add_fact() got an unexpected keyword argument 'content'
  ERROR 11293-2007-jonew-judis-43415-b454bb.md: CausalDAG.add_fact() got an unexpected keyword argument 'content'
  ERROR 11294-2007-jonew-judis-32463-374dc1.md: CausalDAG.add_fact() got an unexpected keyword argument 'content'
  ERROR 11295-1999-jonew-judis-20279-ad31b0.md: CausalDAG.add_fact() got an unexpected keyword argument 'content'
  ERROR 11295-2013-supremecourt-2013-11295-11295-2013-judgement-24-apr-2-5bbb0d.md: CausalDAG.add_fact() got an unexpected keyword argument 'content'
  ERROR 11296-2007-jonew-judis-41755-1de6cf.md: CausalDAG.add_fact() got an unexpected keyword argument 'content'
  ERROR 11297-2017-supremecourt-2017-11297-11297-2017-judgement-09-feb-2-02d2a4.md: CausalDAG.add_fact() got an unexpected keyword argument 'content'
  ERROR 11298-2019-supremecourt-2019-11298-11298-2019-37-1501-28989-judg-e1dc00.md: CausalDAG.add_fact() got an unexpected keyword argument 'content'
  ERROR 11299-1997-jonew-judis-17314-c12ecd.md: CausalDAG.add_fact() got an unexpected keyword argument 'content'
  ERROR 11299-2006-jonew-judis-30972-7a3c6c.md: CausalDAG.add_fact() got an unexpected keyword argument 'content'
  ERROR 113-1955-jonew-judis-707-7fba2e.md: CausalDAG.add_fact() got an unexpected keyword argument 'content'
  ERROR 113-1956-jonew-judis-677-b03542.md: CausalDAG.add_fact() got an unexpected keyword argument 'content'
  ERROR 113-1958-jonew-judis-434-00ccbd.md: CausalDAG.add_fact() got an unexpected keyword argument 'content'
  ERROR 113-1959-jonew-judis-4279-632a74.md: CausalDAG.add_fact() got an unexpected keyword argument 'content'
  ERROR 113-1960-jonew-judis-3862-d54908.md: CausalDAG.add_fact() got an unexpected keyword argument 'content'
  ERROR 113-1961-jonew-judis-3986-a14ac6.md: CausalDAG.add_fact() got an unexpected keyword argument 'content'
  ERROR 113-1962-jonew-judis-3341-ccced8.md: CausalDAG.add_fact() got an unexpected keyword argument 'content'
  ERROR 113-1963-jonew-judis-3402-41af35.md: CausalDAG.add_fact() got an unexpected keyword argument 'content'
  ERROR 113-1965-jonew-judis-2110-cd0d73.md: CausalDAG.add_fact() got an unexpected keyword argument 'content'
  ERROR 113-1967-jonew-judis-2296-c6099e.md: CausalDAG.add_fact() got an unexpected keyword argument 'content'
  ERROR 11300-1994-jonew-judis-16007-aebad3.md: CausalDAG.add_fact() got an unexpected keyword argument 'content'
  ERROR 11301-2007-jonew-judis-33243-756a24.md: CausalDAG.add_fact() got an unexpected keyword argument 'content'
  ERROR 11302-2005-jonew-judis-36876-97ce2f.md: CausalDAG.add_fact() got an unexpected keyword argument 'content'
  ERROR 11303-2006-jonew-judis-37963-fc51a0.md: CausalDAG.add_fact() got an unexpected keyword argument 'content'
  ERROR 11305-2003-jonew-judis-28002-143dab.md: CausalDAG.add_fact() got an unexpected keyword argument 'content'
  ERROR 11307-1994-jonew-judis-15526-d9f177.md: CausalDAG.add_fact() got an unexpected keyword argument 'content'
  ERROR 11307-2008-supremecourt-2008-11307-11307-2008-judgement-07-jan-2-fb9fa3.md: CausalDAG.add_fact() got an unexpected keyword argument 'content'
  ERROR 11307-2009-jonew-judis-36872-763738.md: CausalDAG.add_fact() got an unexpected keyword argument 'content'
  ERROR 11309-1994-jonew-judis-16443-5b61d5.md: CausalDAG.add_fact() got an unexpected keyword argument 'content'
  ERROR 11309-2005-jonew-judis-28892-081355.md: CausalDAG.add_fact() got an unexpected keyword argument 'content'
  ERROR 11311-2009-supremecourt-2009-11311-11311-2009-17-1501-42829-judg-ef02da.md: CausalDAG.add_fact() got an unexpected keyword argument 'content'
  ERROR 11311-2009-supremecourt-2009-11311-11311-2009-3-1501-40650-judge-31ced8.md: CausalDAG.add_fact() got an unexpected keyword argument 'content'
  ERROR 11311-2009-supremecourt-2009-11311-11311-2009-judgement-28-feb-2-cc6cb6.md: CausalDAG.add_fact() got an unexpected keyword argument 'content'
  ERROR 11312-2023-supremecourt-2023-11312-11312-2023-7-1501-45644-judge-369a3b.md: CausalDAG.add_fact() got an unexpected keyword argument 'content'
  ERROR 11314-2000-jonew-judis-34240-f47d6e.md: CausalDAG.add_fact() got an unexpected keyword argument 'content'
  ERROR 11315-2001-jonew-judis-20625-94e917.md: CausalDAG.add_fact() got an unexpected keyword argument 'content'
  ERROR 11316-2000-jonew-judis-18768-6e27e1.md: CausalDAG.add_fact() got an unexpected keyword argument 'content'
  ERROR 11316-2009-jonew-judis-36715-20cd5f.md: CausalDAG.add_fact() got an unexpected keyword argument 'content'
  ERROR 11316-2022-supremecourt-2022-11316-11316-2022-12-1502-48582-judg-5d1ba4.md: CausalDAG.add_fact() got an unexpected keyword argument 'content'
  ERROR 11317-1998-jonew-judis-12872-5f1580.md: CausalDAG.add_fact() got an unexpected keyword argument 'content'
  ERROR 11317-1998-jonew-judis-17049-81f422.md: CausalDAG.add_fact() got an unexpected keyword argument 'content'
  ERROR 11317-2003-jonew-judis-26442-b20485.md: CausalDAG.add_fact() got an unexpected keyword argument 'content'
  ERROR 11317-2019-supremecourt-2019-11317-11317-2019-5-1-16555-judgemen-124adb.md: CausalDAG.add_fact() got an unexpected keyword argument 'content'
  ERROR 11318-2001-jonew-judis-27335-87b20c.md: CausalDAG.add_fact() got an unexpected keyword argument 'content'
  ERROR 11318-2007-jonew-judis-33034-38f05d.md: CausalDAG.add_fact() got an unexpected keyword argument 'content'
  ERROR 11319-2008-supremecourt-2008-11319-11319-2008-judgement-12-oct-2-e3e020.md: CausalDAG.add_fact() got an unexpected keyword argument 'content'
  ERROR 11323-1999-jonew-judis-26190-564ae1.md: CausalDAG.add_fact() got an unexpected keyword argument 'content'
  ERROR 11323-1999-jonew-judis-26208-5fd473.md: CausalDAG.add_fact() got an unexpected keyword argument 'content'
  ERROR 11324-2009-jonew-judis-41130-975f13.md: CausalDAG.add_fact() got an unexpected keyword argument 'content'
  ERROR 11325-1994-jonew-judis-14964-ae8b89.md: CausalDAG.add_fact() got an unexpected keyword argument 'content'
  ERROR 11325-2000-jonew-judis-17278-6bdea1.md: CausalDAG.add_fact() got an unexpected keyword argument 'content'
  ERROR 11325-2003-jonew-judis-26213-b52bc8.md: CausalDAG.add_fact() got an unexpected keyword argument 'content'
  ERROR 11326-2020-supremecourt-2020-11326-11326-2020-35-1501-23479-judg-6ed533.md: CausalDAG.add_fact() got an unexpected keyword argument 'content'
  ERROR 11329-2015-jonew-judis-44483-d5d07e.md: CausalDAG.add_fact() got an unexpected keyword argument 'content'
  ERROR 1133-2017-jonew-judis-44511-7ebae5.md: CausalDAG.add_fact() got an unexpected keyword argument 'content'
  ERROR 11330-2016-supremecourt-2016-11330-11330-2016-judgement-08-aug-2-d17def.md: CausalDAG.add_fact() got an unexpected keyword argument 'content'
  ERROR 11332-2006-jonew-judis-36515-c51115.md: CausalDAG.add_fact() got an unexpected keyword argument 'content'
  ERROR 11334-2019-supremecourt-2019-11334-11334-2019-34-1501-32532-judg-679499.md: CausalDAG.add_fact() got an unexpected keyword argument 'content'
  ERROR 11335-2006-jonew-judis-30712-7eba5c.md: CausalDAG.add_fact() got an unexpected keyword argument 'content'
  ERROR 11335-2007-jonew-judis-29913-01c900.md: CausalDAG.add_fact() got an unexpected keyword argument 'content'
  ERROR 11339-2017-supremecourt-2017-11339-11339-2017-judgement-03-oct-2-94b0fb.md: CausalDAG.add_fact() got an unexpected keyword argument 'content'
  ERROR 1134-2010-jonew-judis-44543-782cfd.md: CausalDAG.add_fact() got an unexpected keyword argument 'content'
  ERROR 11340-2018-supremecourt-2018-11340-11340-2018-40-21-28028-judgem-6323c3.md: CausalDAG.add_fact() got an unexpected keyword argument 'content'
  ERROR 11343-1998-jonew-judis-12875-5a8d9d.md: CausalDAG.add_fact() got an unexpected keyword argument 'content'
  ERROR 11343-1998-jonew-judis-17054-c88665.md: CausalDAG.add_fact() got an unexpected keyword argument 'content'
  ERROR 11343-2006-jonew-judis-28190-80a523.md: CausalDAG.add_fact() got an unexpected keyword argument 'content'
  ERROR 11343-2013-jonew-courtnic-rop-2013-11343-rop-618893-1b2e6c.md: CausalDAG.add_fact() got an unexpected keyword argument 'content'
  ERROR 11344-1995-jonew-judis-10405-a073b7.md: CausalDAG.add_fact() got an unexpected keyword argument 'content'
  ERROR 11344-2004-jonew-judis-28225-05ff81.md: CausalDAG.add_fact() got an unexpected keyword argument 'content'
  ERROR 11344-2019-supremecourt-2019-11344-11344-2019-37-9-29008-judgeme-85ebd9.md: CausalDAG.add_fact() got an unexpected keyword argument 'content'
  ERROR 11349-2000-jonew-judis-27374-a6ad82.md: CausalDAG.add_fact() got an unexpected keyword argument 'content'
  ERROR 1135-2001-jonew-judis-30700-c36050.md: CausalDAG.add_fact() got an unexpected keyword argument 'content'
  ERROR 11350-1999-jonew-judis-26669-1c5eba.md: CausalDAG.add_fact() got an unexpected keyword argument 'content'
  ERROR 11350-2013-jonew-judis-43073-b23856.md: CausalDAG.add_fact() got an unexpected keyword argument 'content'
  ERROR 11351-2002-jonew-judis-31669-a977b5.md: CausalDAG.add_fact() got an unexpected keyword argument 'content'
  ERROR 11351-2015-supremecourt-2015-11351-11351-2015-6-1501-38956-judge-d53d8b.md: CausalDAG.add_fact() got an unexpected keyword argument 'content'
  ERROR 11356-1994-jonew-judis-16151-5c6a9d.md: CausalDAG.add_fact() got an unexpected keyword argument 'content'
  ERROR 11356-1995-jonew-judis-10275-5ad737.md: CausalDAG.add_fact() got an unexpected keyword argument 'content'
  ERROR 11356-1999-jonew-judis-17261-d0c10b.md: CausalDAG.add_fact() got an unexpected keyword argument 'content'
  ERROR 11357-1999-jonew-judis-16325-b14874.md: CausalDAG.add_fact() got an unexpected keyword argument 'content'
  ERROR 11357-2007-jonew-judis-36161-3da7a8.md: CausalDAG.add_fact() got an unexpected keyword argument 'content'
  ERROR 11358-1999-jonew-judis-20768-c3504d.md: CausalDAG.add_fact() got an unexpected keyword argument 'content'
  ERROR 11358-2022-supremecourt-2022-11358-11358-2022-4-1501-35968-judge-e6e9a1.md: CausalDAG.add_fact() got an unexpected keyword argument 'content'
  ERROR 11360-2009-jonew-judis-43392-9796ac.md: CausalDAG.add_fact() got an unexpected keyword argument 'content'
  ERROR 11361-2007-jonew-judis-35800-58682b.md: CausalDAG.add_fact() got an unexpected keyword argument 'content'
  ERROR 11362-1995-jonew-judis-13674-6b4e0b.md: CausalDAG.add_fact() got an unexpected keyword argument 'content'
  ERROR 11362-2007-supremecourt-2007-11362-11362-2007-judgement-04-oct-2-bf80ac.md: CausalDAG.add_fact() got an unexpected keyword argument 'content'
  ERROR 11363-2017-supremecourt-2017-11363-11363-2017-judgement-10-oct-2-20c453.md: CausalDAG.add_fact() got an unexpected keyword argument 'content'
  ERROR 11364-2007-jonew-judis-31375-64aec5.md: CausalDAG.add_fact() got an unexpected keyword argument 'content'
  ERROR 11365-1997-jonew-judis-25832-6c9253.md: CausalDAG.add_fact() got an unexpected keyword argument 'content'
  ERROR 11366-2003-jonew-judis-26813-d5e7de.md: CausalDAG.add_fact() got an unexpected keyword argument 'content'
  ERROR 11366-2005-jonew-judis-27345-d36860.md: CausalDAG.add_fact() got an unexpected keyword argument 'content'
  ERROR 11368-2008-jonew-judis-38146-5e5c4d.md: CausalDAG.add_fact() got an unexpected keyword argument 'content'
  ERROR 11368-2012-jonew-judis-43526-4478cd.md: CausalDAG.add_fact() got an unexpected keyword argument 'content'
  ERROR 11369-1994-jonew-judis-15880-7b909a.md: CausalDAG.add_fact() got an unexpected keyword argument 'content'
  ERROR 11369-2015-jonew-judis-44105-21ad09.md: CausalDAG.add_fact() got an unexpected keyword argument 'content'
  ERROR 1137-1996-jonew-judis-15584-837959.md: CausalDAG.add_fact() got an unexpected keyword argument 'content'
  ERROR 1137-1999-jonew-judis-28087-a07a4f.md: CausalDAG.add_fact() got an unexpected keyword argument 'content'
  ERROR 1137-2012-jonew-judis-41538-3140d9.md: CausalDAG.add_fact() got an unexpected keyword argument 'content'
  ERROR 11370-2003-jonew-judis-35142-c3be1c.md: CausalDAG.add_fact() got an unexpected keyword argument 'content'
  ERROR 11371-2003-jonew-judis-42557-601dd0.md: CausalDAG.add_fact() got an unexpected keyword argument 'content'
  ERROR 11373-2006-jonew-judis-35188-4a3cb2.md: CausalDAG.add_fact() got an unexpected keyword argument 'content'
  ERROR 11376-2006-jonew-judis-29096-467bd3.md: CausalDAG.add_fact() got an unexpected keyword argument 'content'
  ERROR 11379-2012-jonew-judis-41153-be8204.md: CausalDAG.add_fact() got an unexpected keyword argument 'content'
  ERROR 11380-1998-jonew-judis-17211-8683bf.md: CausalDAG.add_fact() got an unexpected keyword argument 'content'
  ERROR 11381-1998-jonew-judis-20327-70cafb.md: CausalDAG.add_fact() got an unexpected keyword argument 'content'
  ERROR 11382-2001-jonew-judis-34368-73b567.md: CausalDAG.add_fact() got an unexpected keyword argument 'content'
  ERROR 11382-2009-jonew-judis-35663-c1ca82.md: CausalDAG.add_fact() got an unexpected keyword argument 'content'
  ERROR 11384-2008-jonew-judis-34575-1c7e39.md: CausalDAG.add_fact() got an unexpected keyword argument 'content'
  ERROR 11387-2005-jonew-judis-37477-5ea433.md: CausalDAG.add_fact() got an unexpected keyword argument 'content'
  ERROR 11387-2024-supremecourt-2024-11387-11387-2024-4-1501-53657-judge-e28671.md: CausalDAG.add_fact() got an unexpected keyword argument 'content'
  ERROR 11389-2000-jonew-judis-30610-20425e.md: CausalDAG.add_fact() got an unexpected keyword argument 'content'
  ERROR 1139-1999-jonew-judis-16912-cc6cd4.md: CausalDAG.add_fact() got an unexpected keyword argument 'content'
  ERROR 1139-2003-jonew-judis-33661-9daa82.md: CausalDAG.add_fact() got an unexpected keyword argument 'content'
  ERROR 11391-2008-jonew-judis-36552-7ab46c.md: CausalDAG.add_fact() got an unexpected keyword argument 'content'
  ERROR 11391-2017-supremecourt-2017-11391-11391-2017-5-3-15008-judgemen-af0c16.md: CausalDAG.add_fact() got an unexpected keyword argument 'content'
  ERROR 11391-2021-supremecourt-2021-11391-11391-2021-31-1501-28387-judg-25c1fe.md: CausalDAG.add_fact() got an unexpected keyword argument 'content'
  ERROR 11392-2002-jonew-judis-27777-4f6ba1.md: CausalDAG.add_fact() got an unexpected keyword argument 'content'
  ERROR 11392-2008-jonew-judis-32649-92badd.md: CausalDAG.add_fact() got an unexpected keyword argument 'content'
  ERROR 11393-2014-jonew-judis-42769-f9b438.md: CausalDAG.add_fact() got an unexpected keyword argument 'content'
  ERROR 11395-2004-jonew-judis-30147-7781b0.md: CausalDAG.add_fact() got an unexpected keyword argument 'content'
  ERROR 11396-1995-jonew-judis-20652-85dfe2.md: CausalDAG.add_fact() got an unexpected keyword argument 'content'
  ERROR 11396-2012-supremecourt-2012-11396-11396-2012-36-1501-32542-judg-6e98a9.md: CausalDAG.add_fact() got an unexpected keyword argument 'content'
  ERROR 114-1955-jonew-judis-709-534528.md: CausalDAG.add_fact() got an unexpected keyword argument 'content'
  ERROR 114-1956-jonew-judis-679-4eaa21.md: CausalDAG.add_fact() got an unexpected keyword argument 'content'
  ERROR 114-1958-jonew-judis-437-6fb7e3.md: CausalDAG.add_fact() got an unexpected keyword argument 'content'
  ERROR 114-1959-jonew-judis-362-b6cb1f.md: CausalDAG.add_fact() got an unexpected keyword argument 'content'
  ERROR 114-1960-jonew-judis-3866-616562.md: CausalDAG.add_fact() got an unexpected keyword argument 'content'
  ERROR 114-1961-jonew-judis-3987-98a59a.md: CausalDAG.add_fact() got an unexpected keyword argument 'content'
  ERROR 114-1962-jonew-judis-3342-c0d63a.md: CausalDAG.add_fact() got an unexpected keyword argument 'content'
  ERROR 114-1963-jonew-judis-3403-d0a547.md: CausalDAG.add_fact() got an unexpected keyword argument 'content'
  ERROR 114-1965-jonew-judis-2111-6a6e05.md: CausalDAG.add_fact() got an unexpected keyword argument 'content'
  ERROR 114-1967-jonew-judis-2297-e649b7.md: CausalDAG.add_fact() got an unexpected keyword argument 'content'
  ERROR 114-1996-jonew-judis-15811-72fd4d.md: CausalDAG.add_fact() got an unexpected keyword argument 'content'
  ERROR 114-2002-jonew-judis-35514-b9eae6.md: CausalDAG.add_fact() got an unexpected keyword argument 'content'
  ERROR 114-2003-jonew-judis-25766-19b175.md: CausalDAG.add_fact() got an unexpected keyword argument 'content'
  ERROR 114-2009-supremecourt-2009-114-114-2009-3-1501-46202-judgement-1-240626.md: CausalDAG.add_fact() got an unexpected keyword argument 'content'
  ERROR 114-2021-supremecourt-2021-114-114-2021-38-1501-26229-judgement-526517.md: CausalDAG.add_fact() got an unexpected keyword argument 'content'
  ERROR 1140-2002-jonew-judis-30212-61e517.md: CausalDAG.add_fact() got an unexpected keyword argument 'content'
  ERROR 11401-1997-jonew-judis-25944-961ac9.md: CausalDAG.add_fact() got an unexpected keyword argument 'content'
  ERROR 11405-2004-jonew-judis-34658-2abc64.md: CausalDAG.add_fact() got an unexpected keyword argument 'content'
  ERROR 11405-2020-supremecourt-2020-11405-11405-2020-35-1501-22666-judg-54833b.md: CausalDAG.add_fact() got an unexpected keyword argument 'content'
  ERROR 11406-1994-jonew-judis-15971-e24039.md: CausalDAG.add_fact() got an unexpected keyword argument 'content'
  ERROR 11406-2003-jonew-judis-26001-bd4639.md: CausalDAG.add_fact() got an unexpected keyword argument 'content'
  ERROR 11407-1997-jonew-judis-13279-fcb8fe.md: CausalDAG.add_fact() got an unexpected keyword argument 'content'
  ERROR 11408-2007-jonew-judis-39477-642620.md: CausalDAG.add_fact() got an unexpected keyword argument 'content'
  ERROR 1141-2018-supremecourt-2018-1141-1141-2018-44-10-30486-judgement-4c7c14.md: CausalDAG.add_fact() got an unexpected keyword argument 'content'
  ERROR 11413-2006-jonew-judis-38220-f6fa23.md: CausalDAG.add_fact() got an unexpected keyword argument 'content'
  ERROR 11414-2004-jonew-judis-37137-84132f.md: CausalDAG.add_fact() got an unexpected keyword argument 'content'
  ERROR 11415-2000-jonew-judis-27904-4aae15.md: CausalDAG.add_fact() got an unexpected keyword argument 'content'
  ERROR 11419-2000-jonew-judis-17506-ef5e95.md: CausalDAG.add_fact() got an unexpected keyword argument 'content'
  ERROR 11419-2004-jonew-judis-27403-4dd07e.md: CausalDAG.add_fact() got an unexpected keyword argument 'content'
  ERROR 11419-2022-supremecourt-2022-11419-11419-2022-9-1501-46316-judge-af79b1.md: CausalDAG.add_fact() got an unexpected keyword argument 'content'
  ERROR 1142-2011-jonew-judis-40631-496a46.md: CausalDAG.add_fact() got an unexpected keyword argument 'content'
  ERROR 11420-1994-jonew-judis-15669-56fdda.md: CausalDAG.add_fact() got an unexpected keyword argument 'content'
  ERROR 11420-2008-jonew-judis-35675-6119b8.md: CausalDAG.add_fact() got an unexpected keyword argument 'content'
  ERROR 11421-1999-jonew-courtnic-rop-1999-11421-rop-127047-00fe00.md: CausalDAG.add_fact() got an unexpected keyword argument 'content'
  ERROR 11421-1999-jonew-judis-29213-fa8163.md: CausalDAG.add_fact() got an unexpected keyword argument 'content'
  ERROR 11421-1999-jonew-judis-41907-19a4bd.md: CausalDAG.add_fact() got an unexpected keyword argument 'content'
  ERROR 11423-1995-jonew-judis-14982-1282cf.md: CausalDAG.add_fact() got an unexpected keyword argument 'content'
  ERROR 11424-2019-supremecourt-2019-11424-11424-2019-5-1501-16350-judge-a7e284.md: CausalDAG.add_fact() got an unexpected keyword argument 'content'
  ERROR 11426-1997-jonew-judis-13316-715a92.md: CausalDAG.add_fact() got an unexpected keyword argument 'content'
  ERROR 11426-2000-jonew-judis-35519-679abf.md: CausalDAG.add_fact() got an unexpected keyword argument 'content'
  ERROR 11428-1999-jonew-judis-18385-589f12.md: CausalDAG.add_fact() got an unexpected keyword argument 'content'
  ERROR 11428-2007-jonew-judis-29606-9c8adf.md: CausalDAG.add_fact() got an unexpected keyword argument 'content'
  ERROR 11428-2008-jonew-judis-37410-dd7597.md: CausalDAG.add_fact() got an unexpected keyword argument 'content'
  ERROR 11429-2006-jonew-judis-29118-7a3b7f.md: CausalDAG.add_fact() got an unexpected keyword argument 'content'
  ERROR 11432-1995-jonew-judis-16190-24a51f.md: CausalDAG.add_fact() got an unexpected keyword argument 'content'
  ERROR 11432-2002-jonew-judis-26771-2afb74.md: CausalDAG.add_fact() got an unexpected keyword argument 'content'
  ERROR 11432-2007-jonew-judis-43394-8f8c21.md: CausalDAG.add_fact() got an unexpected keyword argument 'content'
  ERROR 11432-2009-jonew-judis-42153-c118fd.md: CausalDAG.add_fact() got an unexpected keyword argument 'content'
  ERROR 11433-1991-jonew-judis-14686-b8a2a5.md: CausalDAG.add_fact() got an unexpected keyword argument 'content'
  ERROR 11435-2011-jonew-judis-41238-f17ac2.md: CausalDAG.add_fact() got an unexpected keyword argument 'content'
  ERROR 11435-2013-jonew-judis-40658-c19921.md: CausalDAG.add_fact() got an unexpected keyword argument 'content'
  ERROR 11435-2023-supremecourt-2023-11435-11435-2023-2-1501-56835-judge-395990.md: CausalDAG.add_fact() got an unexpected keyword argument 'content'
  ERROR 11436-2015-supremecourt-2015-11436-11436-2015-judgement-25-jul-2-b4d51c.md: CausalDAG.add_fact() got an unexpected keyword argument 'content'
  ERROR 11437-2013-jonew-judis-41859-969b2d.md: CausalDAG.add_fact() got an unexpected keyword argument 'content'
  ERROR 11438-1994-jonew-judis-10787-11f7a6.md: CausalDAG.add_fact() got an unexpected keyword argument 'content'
  ERROR 11438-1994-jonew-judis-15596-52af6b.md: CausalDAG.add_fact() got an unexpected keyword argument 'content'
  ERROR 11439-2020-supremecourt-2020-11439-11439-2020-34-1501-24245-judg-78dcb2.md: CausalDAG.add_fact() got an unexpected keyword argument 'content'
  ERROR 11440-2001-jonew-judis-19388-1cf2d9.md: CausalDAG.add_fact() got an unexpected keyword argument 'content'
  ERROR 11440-2007-jonew-judis-30355-bde399.md: CausalDAG.add_fact() got an unexpected keyword argument 'content'
  ERROR 11440-2020-supremecourt-2020-11440-11440-2020-43-1502-31226-judg-fc9102.md: CausalDAG.add_fact() got an unexpected keyword argument 'content'
  ERROR 11441-2000-jonew-judis-29164-498b36.md: CausalDAG.add_fact() got an unexpected keyword argument 'content'
  ERROR 11441-2019-supremecourt-2019-11441-11441-2019-6-1501-21072-judge-905b24.md: CausalDAG.add_fact() got an unexpected keyword argument 'content'
  ERROR 11442-1997-jonew-judis-18773-8b639b.md: CausalDAG.add_fact() got an unexpected keyword argument 'content'
  ERROR 11442-2000-jonew-judis-34140-414457.md: CausalDAG.add_fact() got an unexpected keyword argument 'content'
  ERROR 11442-2008-jonew-judis-35665-65e1e8.md: CausalDAG.add_fact() got an unexpected keyword argument 'content'
  ERROR 11443-2005-jonew-judis-27489-514caa.md: CausalDAG.add_fact() got an unexpected keyword argument 'content'
  ERROR 11443-2018-supremecourt-2018-11443-11443-2018-11-6-15359-judgeme-aa5f1a.md: CausalDAG.add_fact() got an unexpected keyword argument 'content'
  ERROR 11445-2009-jonew-judis-41535-444070.md: CausalDAG.add_fact() got an unexpected keyword argument 'content'
  ERROR 11446-2007-jonew-judis-37081-a58710.md: CausalDAG.add_fact() got an unexpected keyword argument 'content'
  ERROR 11446-2009-jonew-judis-39108-f19dfc.md: CausalDAG.add_fact() got an unexpected keyword argument 'content'
  ERROR 11451-2011-supremecourt-2011-11451-11451-2011-judgement-29-aug-2-79f241.md: CausalDAG.add_fact() got an unexpected keyword argument 'content'
  ERROR 11453-2014-jonew-judis-42760-69afbc.md: CausalDAG.add_fact() got an unexpected keyword argument 'content'
  ERROR 11456-2012-supremecourt-2012-11456-11456-2012-9-1501-16894-judge-829b2b.md: CausalDAG.add_fact() got an unexpected keyword argument 'content'
  ERROR 11457-2012-supremecourt-2012-11457-11457-2012-judgement-12-feb-2-03cf5c.md: CausalDAG.add_fact() got an unexpected keyword argument 'content'
  ERROR 11457-2016-jonew-judis-44810-9f591b.md: CausalDAG.add_fact() got an unexpected keyword argument 'content'
  ERROR 11458-1997-jonew-judis-27134-a30fdb.md: CausalDAG.add_fact() got an unexpected keyword argument 'content'
  ERROR 11459-2021-supremecourt-2021-11459-11459-2021-14-1501-42670-judg-0c4f5a.md: CausalDAG.add_fact() got an unexpected keyword argument 'content'
  ERROR 1146-2014-jonew-judis-42969-d1940e.md: CausalDAG.add_fact() got an unexpected keyword argument 'content'
  ERROR 11460-2006-jonew-judis-33487-64dcad.md: CausalDAG.add_fact() got an unexpected keyword argument 'content'
  ERROR 11460-2013-jonew-judis-41498-2bf16c.md: CausalDAG.add_fact() got an unexpected keyword argument 'content'
  ERROR 11461-2010-jonew-judis-36600-a73ce8.md: CausalDAG.add_fact() got an unexpected keyword argument 'content'
  ERROR 11462-2002-jonew-judis-25611-f91855.md: CausalDAG.add_fact() got an unexpected keyword argument 'content'
  ERROR 11463-2017-supremecourt-2017-11463-11463-2017-judgement-05-dec-2-ff2f93.md: CausalDAG.add_fact() got an unexpected keyword argument 'content'
  ERROR 11467-2006-jonew-judis-30048-7000f7.md: CausalDAG.add_fact() got an unexpected keyword argument 'content'
  ERROR 11468-2001-jonew-judis-32956-f26ae6.md: CausalDAG.add_fact() got an unexpected keyword argument 'content'
  ERROR 11468-2004-jonew-judis-27123-567c65.md: CausalDAG.add_fact() got an unexpected keyword argument 'content'
  ERROR 11469-2004-jonew-judis-27235-224425.md: CausalDAG.add_fact() got an unexpected keyword argument 'content'
  ERROR 11469-2007-jonew-judis-29627-9b1f40.md: CausalDAG.add_fact() got an unexpected keyword argument 'content'
  ERROR 1147-1998-jonew-judis-18000-f9daa9.md: CausalDAG.add_fact() got an unexpected keyword argument 'content'
  ERROR 11471-2010-jonew-judis-41303-bab2cb.md: CausalDAG.add_fact() got an unexpected keyword argument 'content'
  ERROR 11472-2014-jonew-judis-41997-0cef3f.md: CausalDAG.add_fact() got an unexpected keyword argument 'content'
  ERROR 11473-1995-jonew-judis-27416-04b470.md: CausalDAG.add_fact() got an unexpected keyword argument 'content'
  ERROR 11474-1998-jonew-judis-16605-b19b94.md: CausalDAG.add_fact() got an unexpected keyword argument 'content'
  ERROR 11474-2008-jonew-judis-39952-b9ef5d.md: CausalDAG.add_fact() got an unexpected keyword argument 'content'
  ERROR 11474-2021-supremecourt-2021-11474-11474-2021-35-1502-27915-judg-200d70.md: CausalDAG.add_fact() got an unexpected keyword argument 'content'
  ERROR 11478-2005-jonew-judis-40181-7c4dc2.md: CausalDAG.add_fact() got an unexpected keyword argument 'content'
  ERROR 11478-2010-jonew-judis-43863-23a0a0.md: CausalDAG.add_fact() got an unexpected keyword argument 'content'
  ERROR 11479-2007-jonew-judis-32243-cd8415.md: CausalDAG.add_fact() got an unexpected keyword argument 'content'
  ERROR 11479-2015-supremecourt-2015-2015-judgement-19-jun-2017-160529.md: CausalDAG.add_fact() got an unexpected keyword argument 'content'
  ERROR 1148-1995-jonew-judis-17457-e2dc08.md: CausalDAG.add_fact() got an unexpected keyword argument 'content'
  ERROR 1148-1995-jonew-judis-17496-f9c423.md: CausalDAG.add_fact() got an unexpected keyword argument 'content'
  ERROR 1148-2009-jonew-judis-35052-c68eda.md: CausalDAG.add_fact() got an unexpected keyword argument 'content'
  ERROR 11481-2023-supremecourt-2023-11481-11481-2023-15-1501-57613-judg-a5f428.md: CausalDAG.add_fact() got an unexpected keyword argument 'content'
  ERROR 11482-2008-jonew-judis-39553-dc8ce6.md: CausalDAG.add_fact() got an unexpected keyword argument 'content'
  ERROR 11482-2017-supremecourt-2017-11482-11482-2017-15-1501-19259-judg-8a7b67.md: CausalDAG.add_fact() got an unexpected keyword argument 'content'
  ERROR 11484-1999-jonew-judis-17611-55e373.md: CausalDAG.add_fact() got an unexpected keyword argument 'content'
  ERROR 11484-2002-jonew-judis-35534-3bd02f.md: CausalDAG.add_fact() got an unexpected keyword argument 'content'
  ERROR 11484-2005-jonew-judis-32468-260a69.md: CausalDAG.add_fact() got an unexpected keyword argument 'content'
  ERROR 11485-2011-jonew-judis-44527-d20cc5.md: CausalDAG.add_fact() got an unexpected keyword argument 'content'
  ERROR 11486-2007-jonew-judis-32044-fcdfa0.md: CausalDAG.add_fact() got an unexpected keyword argument 'content'
  ERROR 11487-2003-jonew-judis-25860-1bf86f.md: CausalDAG.add_fact() got an unexpected keyword argument 'content'
  ERROR 11487-2003-jonew-judis-26638-172ddc.md: CausalDAG.add_fact() got an unexpected keyword argument 'content'
  ERROR 11487-2012-jonew-judis-40098-47c11d.md: CausalDAG.add_fact() got an unexpected keyword argument 'content'
  ERROR 11490-1999-jonew-judis-17848-6ba9d6.md: CausalDAG.add_fact() got an unexpected keyword argument 'content'
  ERROR 11490-2005-jonew-judis-27915-56e75d.md: CausalDAG.add_fact() got an unexpected keyword argument 'content'
  ERROR 11493-2008-jonew-judis-34736-572723.md: CausalDAG.add_fact() got an unexpected keyword argument 'content'
  ERROR 11493-2009-jonew-judis-41571-e6afc0.md: CausalDAG.add_fact() got an unexpected keyword argument 'content'
  ERROR 11497-1995-jonew-judis-13981-f30855.md: CausalDAG.add_fact() got an unexpected keyword argument 'content'
  ERROR 11497-2003-jonew-judis-25593-b0bf78.md: CausalDAG.add_fact() got an unexpected keyword argument 'content'
  ERROR 11497-2003-jonew-judis-25738-a1a451.md: CausalDAG.add_fact() got an unexpected keyword argument 'content'
  ERROR 11497-2009-jonew-judis-38313-b88bd5.md: CausalDAG.add_fact() got an unexpected keyword argument 'content'
  ERROR 115-1955-jonew-judis-715-d48f35.md: CausalDAG.add_fact() got an unexpected keyword argument 'content'
  ERROR 115-1956-jonew-judis-680-561fad.md: CausalDAG.add_fact() got an unexpected keyword argument 'content'
  ERROR 115-1958-jonew-judis-439-2f87a5.md: CausalDAG.add_fact() got an unexpected keyword argument 'content'
  ERROR 115-1959-jonew-judis-381-60c26f.md: CausalDAG.add_fact() got an unexpected keyword argument 'content'
  ERROR 115-1960-jonew-judis-3868-541fc0.md: CausalDAG.add_fact() got an unexpected keyword argument 'content'
  ERROR 115-1961-jonew-judis-3988-2e6d9e.md: CausalDAG.add_fact() got an unexpected keyword argument 'content'
  ERROR 115-1962-jonew-judis-3343-590c11.md: CausalDAG.add_fact() got an unexpected keyword argument 'content'
  ERROR 115-1963-jonew-judis-3406-b8e58b.md: CausalDAG.add_fact() got an unexpected keyword argument 'content'
  ERROR 115-1965-jonew-judis-2112-ea3368.md: CausalDAG.add_fact() got an unexpected keyword argument 'content'
  ERROR 115-1967-jonew-judis-2302-83f2f5.md: CausalDAG.add_fact() got an unexpected keyword argument 'content'
  ERROR 115-2006-jonew-judis-29938-f881bf.md: CausalDAG.add_fact() got an unexpected keyword argument 'content'
  ERROR 1150-2007-jonew-judis-36329-b2bdbc.md: CausalDAG.add_fact() got an unexpected keyword argument 'content'
  ERROR 11501-1995-jonew-judis-15782-0cd929.md: CausalDAG.add_fact() got an unexpected keyword argument 'content'
  ERROR 11501-2020-supremecourt-2020-11501-11501-2020-33-14-24086-order-c3a72c.md: CausalDAG.add_fact() got an unexpected keyword argument 'content'
  ERROR 11505-2007-jonew-judis-32154-7e2fdb.md: CausalDAG.add_fact() got an unexpected keyword argument 'content'
  ERROR 11506-2015-jonew-judis-44676-f2a057.md: CausalDAG.add_fact() got an unexpected keyword argument 'content'
  ERROR 1151-2002-jonew-judis-32772-f5b3da.md: CausalDAG.add_fact() got an unexpected keyword argument 'content'
  ERROR 11510-2021-supremecourt-2021-11510-11510-2021-35-1501-28812-judg-4fe7ca.md: CausalDAG.add_fact() got an unexpected keyword argument 'content'
  ERROR 11511-2010-jonew-judis-37063-4755a5.md: CausalDAG.add_fact() got an unexpected keyword argument 'content'
  ERROR 11511-2018-supremecourt-2018-11511-11511-2018-judgement-13-dec-2-094b96.md: CausalDAG.add_fact() got an unexpected keyword argument 'content'
  ERROR 11512-2009-supremecourt-2009-11512-11512-2009-3-1502-13358-judge-8cb207.md: CausalDAG.add_fact() got an unexpected keyword argument 'content'
  ERROR 11514-2001-jonew-judis-19165-aeeff9.md: CausalDAG.add_fact() got an unexpected keyword argument 'content'
  ERROR 11514-2007-jonew-judis-31391-00e048.md: CausalDAG.add_fact() got an unexpected keyword argument 'content'
  ERROR 11514-2021-supremecourt-2021-11514-11514-2021-36-1503-28108-judg-87b3aa.md: CausalDAG.add_fact() got an unexpected keyword argument 'content'
  ERROR 11519-2003-jonew-judis-32218-deed23.md: CausalDAG.add_fact() got an unexpected keyword argument 'content'
  ERROR 11519-2020-supremecourt-2020-11519-11519-2020-43-1502-30982-judg-b7f1ad.md: CausalDAG.add_fact() got an unexpected keyword argument 'content'
  ERROR 1152-2003-jonew-judis-19394-623645.md: CausalDAG.add_fact() got an unexpected keyword argument 'content'
  ERROR 1152-2003-jonew-judis-25687-e07f61.md: CausalDAG.add_fact() got an unexpected keyword argument 'content'
  ERROR 1152-2003-jonew-judis-30906-b077c3.md: CausalDAG.add_fact() got an unexpected keyword argument 'content'
  ERROR 1152-2004-jonew-judis-38973-f9c85c.md: CausalDAG.add_fact() got an unexpected keyword argument 'content'
  ERROR 1152-2012-jonew-judis-41241-e2cd3f.md: CausalDAG.add_fact() got an unexpected keyword argument 'content'
  ERROR 11520-2005-supremecourt-2005-11520-11520-2005-judgement-20-jul-2-c9e113.md: CausalDAG.add_fact() got an unexpected keyword argument 'content'
  ERROR 11521-1995-jonew-judis-14807-c94ea7.md: CausalDAG.add_fact() got an unexpected keyword argument 'content'
  ERROR 11522-2017-supremecourt-2017-11522-11522-2017-judgement-09-aug-2-2d1924.md: CausalDAG.add_fact() got an unexpected keyword argument 'content'
  ERROR 11523-1999-jonew-judis-27530-e2de82.md: CausalDAG.add_fact() got an unexpected keyword argument 'content'
  ERROR 11524-2014-supremecourt-2014-11524-11524-2014-16-1502-18087-judg-c81afb.md: CausalDAG.add_fact() got an unexpected keyword argument 'content'
  ERROR 11525-2018-supremecourt-2018-11525-11525-2018-judgement-20-apr-2-256f05.md: CausalDAG.add_fact() got an unexpected keyword argument 'content'
  ERROR 11526-1998-jonew-judis-27301-1dba7b.md: CausalDAG.add_fact() got an unexpected keyword argument 'content'
  ERROR 11526-1998-jonew-judis-27304-c78506.md: CausalDAG.add_fact() got an unexpected keyword argument 'content'
  ERROR 11526-1998-jonew-judis-30232-cd6503.md: CausalDAG.add_fact() got an unexpected keyword argument 'content'
  ERROR 1153-1996-jonew-judis-16050-ea24f3.md: CausalDAG.add_fact() got an unexpected keyword argument 'content'
  ERROR 1153-2014-jonew-judis-43307-8cfb29.md: CausalDAG.add_fact() got an unexpected keyword argument 'content'
  ERROR 11530-1998-jonew-judis-17427-4933b2.md: CausalDAG.add_fact() got an unexpected keyword argument 'content'
  ERROR 11530-2006-jonew-judis-39841-86c50f.md: CausalDAG.add_fact() got an unexpected keyword argument 'content'
  ERROR 11530-2007-supremecourt-2007-11530-11530-2007-judgement-19-jul-2-4bd0b3.md: CausalDAG.add_fact() got an unexpected keyword argument 'content'
  ERROR 11530-2012-jonew-judis-40874-445461.md: CausalDAG.add_fact() got an unexpected keyword argument 'content'
  ERROR 11530-2019-supremecourt-2019-11530-11530-2019-4-1501-14597-judge-f95a0c.md: CausalDAG.add_fact() got an unexpected keyword argument 'content'
  ERROR 11530-2024-supremecourt-2024-11530-11530-2024-12-15-54014-judgem-b538b0.md: CausalDAG.add_fact() got an unexpected keyword argument 'content'
  ERROR 11531-2005-jonew-judis-38514-e5417f.md: CausalDAG.add_fact() got an unexpected keyword argument 'content'
  ERROR 11532-2005-jonew-judis-32207-08c954.md: CausalDAG.add_fact() got an unexpected keyword argument 'content'
  ERROR 11532-2017-supremecourt-2017-11532-11532-2017-judgement-07-feb-2-1c76df.md: CausalDAG.add_fact() got an unexpected keyword argument 'content'
  ERROR 11533-2004-jonew-judis-26610-fc9951.md: CausalDAG.add_fact() got an unexpected keyword argument 'content'
  ERROR 11534-2023-supremecourt-2023-11534-11534-2023-12-1501-55106-judg-752f9d.md: CausalDAG.add_fact() got an unexpected keyword argument 'content'
  ERROR 11536-2010-jonew-judis-44517-4438dd.md: CausalDAG.add_fact() got an unexpected keyword argument 'content'
  ERROR 11537-1997-jonew-judis-13556-227eb9.md: CausalDAG.add_fact() got an unexpected keyword argument 'content'
  ERROR 1154-2017-supremecourt-2017-1154-1154-2017-37-22-28282-judgement-1010cf.md: CausalDAG.add_fact() got an unexpected keyword argument 'content'
  ERROR 11540-2002-jonew-judis-20740-a25b67.md: CausalDAG.add_fact() got an unexpected keyword argument 'content'
  ERROR 11542-2007-jonew-judis-35913-212400.md: CausalDAG.add_fact() got an unexpected keyword argument 'content'
  ERROR 11542-2018-supremecourt-2018-11542-11542-2018-judgement-05-sep-2-603cd5.md: CausalDAG.add_fact() got an unexpected keyword argument 'content'
  ERROR 11543-2006-jonew-judis-29862-2b9f98.md: CausalDAG.add_fact() got an unexpected keyword argument 'content'
  ERROR 11547-1999-jonew-judis-26794-4c44aa.md: CausalDAG.add_fact() got an unexpected keyword argument 'content'
  ERROR 11548-1999-jonew-judis-18064-c9c430.md: CausalDAG.add_fact() got an unexpected keyword argument 'content'
  ERROR 11549-2010-jonew-judis-43460-f39877.md: CausalDAG.add_fact() got an unexpected keyword argument 'content'
  ERROR 11552-1998-jonew-judis-19286-fefaa5.md: CausalDAG.add_fact() got an unexpected keyword argument 'content'
  ERROR 11552-2008-jonew-judis-33537-4f8d66.md: CausalDAG.add_fact() got an unexpected keyword argument 'content'
  ERROR 11553-2019-supremecourt-2019-11553-11553-2019-34-15-32022-order-fc7e68.md: CausalDAG.add_fact() got an unexpected keyword argument 'content'
  ERROR 11555-2006-jonew-judis-42468-3051ef.md: CausalDAG.add_fact() got an unexpected keyword argument 'content'
  ERROR 11555-2020-supremecourt-2020-11555-11555-2020-34-22-29760-order-d395cb.md: CausalDAG.add_fact() got an unexpected keyword argument 'content'
  ERROR 11556-2006-jonew-judis-32241-f9a888.md: CausalDAG.add_fact() got an unexpected keyword argument 'content'
  ERROR 11556-2008-supremecourt-2008-11556-11556-2008-judgement-31-jan-2-7e46b9.md: CausalDAG.add_fact() got an unexpected keyword argument 'content'
  ERROR 11557-2012-supremecourt-2012-11557-11557-2012-8-1503-42730-judge-15b15c.md: CausalDAG.add_fact() got an unexpected keyword argument 'content'
  ERROR 11559-1997-jonew-judis-25710-595d95.md: CausalDAG.add_fact() got an unexpected keyword argument 'content'
  ERROR 1156-2007-jonew-judis-31562-d6f6ef.md: CausalDAG.add_fact() got an unexpected keyword argument 'content'
  ERROR 1156-2009-jonew-judis-42728-34de1a.md: CausalDAG.add_fact() got an unexpected keyword argument 'content'
  ERROR 11560-1995-jonew-judis-14043-b51550.md: CausalDAG.add_fact() got an unexpected keyword argument 'content'
  ERROR 11560-2006-jonew-judis-30597-db45d4.md: CausalDAG.add_fact() got an unexpected keyword argument 'content'
  ERROR 11562-1997-jonew-judis-17161-57caa9.md: CausalDAG.add_fact() got an unexpected keyword argument 'content'
  ERROR 11564-1997-jonew-judis-13699-5a99e3.md: CausalDAG.add_fact() got an unexpected keyword argument 'content'
  ERROR 11564-2020-supremecourt-2020-11564-11564-2020-4-1501-44158-judge-91c503.md: CausalDAG.add_fact() got an unexpected keyword argument 'content'
  ERROR 11565-1997-jonew-judis-13394-9bcf06.md: CausalDAG.add_fact() got an unexpected keyword argument 'content'
  ERROR 11565-2005-jonew-judis-38544-9045d2.md: CausalDAG.add_fact() got an unexpected keyword argument 'content'
  ERROR 11565-2021-supremecourt-2021-11565-11565-2021-8-1501-44035-judge-5e005d.md: CausalDAG.add_fact() got an unexpected keyword argument 'content'
  ERROR 11566-2019-supremecourt-2019-11566-11566-2019-judgement-16-apr-2-6e5c19.md: CausalDAG.add_fact() got an unexpected keyword argument 'content'
  ERROR 11568-2009-jonew-judis-41888-fdb1fc.md: CausalDAG.add_fact() got an unexpected keyword argument 'content'
  ERROR 11569-2000-jonew-judis-25654-fc6d85.md: CausalDAG.add_fact() got an unexpected keyword argument 'content'
  ERROR 1157-1999-jonew-judis-20522-fefb3a.md: CausalDAG.add_fact() got an unexpected keyword argument 'content'
  ERROR 1157-2002-jonew-judis-26747-e6ba08.md: CausalDAG.add_fact() got an unexpected keyword argument 'content'
  ERROR 11570-2002-jonew-judis-19140-e1424c.md: CausalDAG.add_fact() got an unexpected keyword argument 'content'
  ERROR 11571-2005-jonew-judis-29093-62caf3.md: CausalDAG.add_fact() got an unexpected keyword argument 'content'
  ERROR 11571-2005-jonew-judis-38561-18e811.md: CausalDAG.add_fact() got an unexpected keyword argument 'content'
  ERROR 11572-2017-supremecourt-2017-11572-11572-2017-judgement-19-jul-2-cc8b38.md: CausalDAG.add_fact() got an unexpected keyword argument 'content'
  ERROR 11573-2007-supremecourt-2007-11573-11573-2007-judgement-11-dec-2-621b40.md: CausalDAG.add_fact() got an unexpected keyword argument 'content'
  ERROR 11573-2019-supremecourt-2019-11573-11573-2019-1-1503-21273-judge-4b4d15.md: CausalDAG.add_fact() got an unexpected keyword argument 'content'
  ERROR 11574-2017-supremecourt-2017-11574-11574-2017-judgement-16-may-2-b72bf0.md: CausalDAG.add_fact() got an unexpected keyword argument 'content'
  ERROR 11575-2019-supremecourt-2019-11575-11575-2019-8-1503-19779-judge-029730.md: CausalDAG.add_fact() got an unexpected keyword argument 'content'
  ERROR 11576-2009-jonew-judis-37225-fc72cf.md: CausalDAG.add_fact() got an unexpected keyword argument 'content'
  ERROR 11580-2016-jonew-judis-44431-5e78ed.md: CausalDAG.add_fact() got an unexpected keyword argument 'content'
  ERROR 11582-2017-supremecourt-2017-2017-judgement-05-dec-2017-950c53.md: CausalDAG.add_fact() got an unexpected keyword argument 'content'
  ERROR 11587-2008-supremecourt-2008-11587-11587-2008-judgement-07-jan-2-1cc89b.md: CausalDAG.add_fact() got an unexpected keyword argument 'content'
  ERROR 11588-2003-jonew-judis-32704-4df8cf.md: CausalDAG.add_fact() got an unexpected keyword argument 'content'
  ERROR 11589-2006-jonew-judis-28509-b20dbd.md: CausalDAG.add_fact() got an unexpected keyword argument 'content'
  ERROR 1159-1996-jonew-judis-16691-c2777e.md: CausalDAG.add_fact() got an unexpected keyword argument 'content'
  ERROR 1159-2001-jonew-judis-31514-162f5d.md: CausalDAG.add_fact() got an unexpected keyword argument 'content'
  ERROR 1159-2015-jonew-judis-44593-50ccbf.md: CausalDAG.add_fact() got an unexpected keyword argument 'content'
  ERROR 11590-2001-jonew-judis-18970-c65df3.md: CausalDAG.add_fact() got an unexpected keyword argument 'content'
  ERROR 11590-2001-jonew-judis-18979-3a14ae.md: CausalDAG.add_fact() got an unexpected keyword argument 'content'
  ERROR 11591-2000-jonew-judis-17327-fd31f8.md: CausalDAG.add_fact() got an unexpected keyword argument 'content'
  ERROR 11593-1997-jonew-judis-26146-a54612.md: CausalDAG.add_fact() got an unexpected keyword argument 'content'
  ERROR 11594-2020-supremecourt-2020-11594-11594-2020-38-1501-24007-judg-05902f.md: CausalDAG.add_fact() got an unexpected keyword argument 'content'
  ERROR 11594-2023-supremecourt-2023-11594-11594-2023-11-1501-56587-judg-3f99bb.md: CausalDAG.add_fact() got an unexpected keyword argument 'content'
  ERROR 11595-2014-supremecourt-2014-11595-11595-2014-7-111-45643-judgem-891ba2.md: CausalDAG.add_fact() got an unexpected keyword argument 'content'
  ERROR 11596-1994-jonew-judis-15554-a70e12.md: CausalDAG.add_fact() got an unexpected keyword argument 'content'
  ERROR 11598-2004-jonew-judis-33518-8346cb.md: CausalDAG.add_fact() got an unexpected keyword argument 'content'
  ERROR 11599-2007-jonew-judis-32497-042ac5.md: CausalDAG.add_fact() got an unexpected keyword argument 'content'
  ERROR 116-1955-jonew-judis-716-8df226.md: CausalDAG.add_fact() got an unexpected keyword argument 'content'
  ERROR 116-1956-jonew-judis-686-f8717c.md: CausalDAG.add_fact() got an unexpected keyword argument 'content'
  ERROR 116-1958-jonew-judis-440-25f6b4.md: CausalDAG.add_fact() got an unexpected keyword argument 'content'
  ERROR 116-1959-jonew-judis-385-f5b467.md: CausalDAG.add_fact() got an unexpected keyword argument 'content'
  ERROR 116-1960-jonew-judis-3871-c4b0ac.md: CausalDAG.add_fact() got an unexpected keyword argument 'content'
  ERROR 116-1961-jonew-judis-3991-128cc0.md: CausalDAG.add_fact() got an unexpected keyword argument 'content'
  ERROR 116-1962-jonew-judis-3344-692a2b.md: CausalDAG.add_fact() got an unexpected keyword argument 'content'
  ERROR 116-1963-jonew-judis-3408-98a4f9.md: CausalDAG.add_fact() got an unexpected keyword argument 'content'
  ERROR 116-1965-jonew-judis-2114-59acc7.md: CausalDAG.add_fact() got an unexpected keyword argument 'content'
  ERROR 116-1967-jonew-judis-2321-c3432b.md: CausalDAG.add_fact() got an unexpected keyword argument 'content'
  ERROR 116-1994-jonew-judis-15517-2953b4.md: CausalDAG.add_fact() got an unexpected keyword argument 'content'
  ERROR 1160-2012-jonew-judis-40243-79fa00.md: CausalDAG.add_fact() got an unexpected keyword argument 'content'
  ERROR 11601-2005-jonew-judis-30662-8ebebc.md: CausalDAG.add_fact() got an unexpected keyword argument 'content'
  ERROR 11602-2002-jonew-judis-33927-ba4ed1.md: CausalDAG.add_fact() got an unexpected keyword argument 'content'
  ERROR 11602-2003-jonew-judis-26375-49f273.md: CausalDAG.add_fact() got an unexpected keyword argument 'content'
  ERROR 11603-1998-jonew-judis-20302-2d6030.md: CausalDAG.add_fact() got an unexpected keyword argument 'content'
  ERROR 11605-1995-jonew-judis-10341-2679d7.md: CausalDAG.add_fact() got an unexpected keyword argument 'content'
  ERROR 11606-1999-jonew-judis-17122-9509ec.md: CausalDAG.add_fact() got an unexpected keyword argument 'content'
  ERROR 11606-2001-jonew-judis-32698-85a15c.md: CausalDAG.add_fact() got an unexpected keyword argument 'content'
  ERROR 11606-2003-jonew-judis-26371-dece21.md: CausalDAG.add_fact() got an unexpected keyword argument 'content'
  ERROR 11606-2012-jonew-judis-39503-4e1dd8.md: CausalDAG.add_fact() got an unexpected keyword argument 'content'
  ERROR 11607-2014-jonew-judis-43273-a6b55f.md: CausalDAG.add_fact() got an unexpected keyword argument 'content'
  ERROR 11609-2002-jonew-judis-38283-02fac0.md: CausalDAG.add_fact() got an unexpected keyword argument 'content'
  ERROR 1161-1998-jonew-judis-16727-dcc380.md: CausalDAG.add_fact() got an unexpected keyword argument 'content'
  ERROR 1161-2008-jonew-judis-39506-f0ebc3.md: CausalDAG.add_fact() got an unexpected keyword argument 'content'
  ERROR 11612-1998-jonew-judis-26014-b8c968.md: CausalDAG.add_fact() got an unexpected keyword argument 'content'
  ERROR 11613-2001-jonew-judis-18483-09beeb.md: CausalDAG.add_fact() got an unexpected keyword argument 'content'
  ERROR 11613-2014-jonew-judis-43989-99627d.md: CausalDAG.add_fact() got an unexpected keyword argument 'content'
  ERROR 11615-1998-jonew-judis-17654-ec84a0.md: CausalDAG.add_fact() got an unexpected keyword argument 'content'
  ERROR 11615-2001-jonew-judis-18540-05f170.md: CausalDAG.add_fact() got an unexpected keyword argument 'content'
  ERROR 11616-2003-jonew-judis-32860-dc3b0d.md: CausalDAG.add_fact() got an unexpected keyword argument 'content'
  ERROR 11616-2009-jonew-judis-34697-acc8f0.md: CausalDAG.add_fact() got an unexpected keyword argument 'content'
  ERROR 11619-2007-jonew-judis-30510-d8f153.md: CausalDAG.add_fact() got an unexpected keyword argument 'content'
  ERROR 11619-2021-supremecourt-2021-11619-11619-2021-14-1501-52266-judg-10c1d4.md: CausalDAG.add_fact() got an unexpected keyword argument 'content'
  Batch 6: 3000/20531 docs, 0 facts, 3000 skipped, ETA 9.2m
  ERROR 1162-2009-jonew-judis-35372-21c084.md: CausalDAG.add_fact() got an unexpected keyword argument 'content'
  ERROR 11620-2008-jonew-judis-41193-e900e9.md: CausalDAG.add_fact() got an unexpected keyword argument 'content'
  ERROR 11622-2004-jonew-judis-30195-8b4dc4.md: CausalDAG.add_fact() got an unexpected keyword argument 'content'
  ERROR 11622-2018-supremecourt-2018-11622-11622-2018-judgement-29-oct-2-ac6319.md: CausalDAG.add_fact() got an unexpected keyword argument 'content'
  ERROR 11626-1998-jonew-judis-17758-510fc2.md: CausalDAG.add_fact() got an unexpected keyword argument 'content'
  ERROR 11627-2004-jonew-judis-29336-a0f0f0.md: CausalDAG.add_fact() got an unexpected keyword argument 'content'
  ERROR 11630-2001-jonew-judis-34748-1582d5.md: CausalDAG.add_fact() got an unexpected keyword argument 'content'
  ERROR 11630-2003-jonew-judis-26633-036b14.md: CausalDAG.add_fact() got an unexpected keyword argument 'content'
  ERROR 11632-2014-jonew-judis-41516-20ce2a.md: CausalDAG.add_fact() got an unexpected keyword argument 'content'
  ERROR 11633-2016-supremecourt-2016-2016-judgement-22-aug-2017-140f07.md: CausalDAG.add_fact() got an unexpected keyword argument 'content'
  ERROR 11636-2002-jonew-judis-37170-99fcbd.md: CausalDAG.add_fact() got an unexpected keyword argument 'content'
  ERROR 11636-2007-jonew-judis-34415-ba82cc.md: CausalDAG.add_fact() got an unexpected keyword argument 'content'
  ERROR 11636-2012-jonew-judis-41073-d441f9.md: CausalDAG.add_fact() got an unexpected keyword argument 'content'
  ERROR 11638-2011-jonew-judis-42248-0cff38.md: CausalDAG.add_fact() got an unexpected keyword argument 'content'
  ERROR 11639-2012-supremecourt-2012-11639-11639-2012-11-1501-43259-judg-b7b580.md: CausalDAG.add_fact() got an unexpected keyword argument 'content'
  ERROR 1164-2022-supremecourt-2022-1164-1164-2022-14-1502-49102-judgeme-e13ea5.md: CausalDAG.add_fact() got an unexpected keyword argument 'content'
  ERROR 11642-2000-jonew-judis-17798-aa77f6.md: CausalDAG.add_fact() got an unexpected keyword argument 'content'
  ERROR 11642-2003-jonew-judis-26054-a6b3b2.md: CausalDAG.add_fact() got an unexpected keyword argument 'content'
  ERROR 11644-2000-jonew-judis-18303-1e2684.md: CausalDAG.add_fact() got an unexpected keyword argument 'content'
  ERROR 11645-2012-jonew-judis-43987-ecdf72.md: CausalDAG.add_fact() got an unexpected keyword argument 'content'
  ERROR 11645-2017-supremecourt-2017-11645-11645-2017-judgement-22-sep-2-0780dd.md: CausalDAG.add_fact() got an unexpected keyword argument 'content'
  ERROR 11648-1998-jonew-judis-26397-4c06e4.md: CausalDAG.add_fact() got an unexpected keyword argument 'content'
  ERROR 11648-2004-jonew-judis-35401-37c7b0.md: CausalDAG.add_fact() got an unexpected keyword argument 'content'
  ERROR 11648-2006-jonew-judis-33522-958b8c.md: CausalDAG.add_fact() got an unexpected keyword argument 'content'
  ERROR 11648-2022-supremecourt-2022-11648-11648-2022-5-1503-40168-judge-6315c5.md: CausalDAG.add_fact() got an unexpected keyword argument 'content'
  ERROR 11649-2008-jonew-judis-36906-440506.md: CausalDAG.add_fact() got an unexpected keyword argument 'content'
  ERROR 11649-2010-supremecourt-2010-11649-11649-2010-12-1501-49054-judg-c026ee.md: CausalDAG.add_fact() got an unexpected keyword argument 'content'
  ERROR 11649-2017-supremecourt-2017-11649-11649-2017-judgement-17-jul-2-d8d11b.md: CausalDAG.add_fact() got an unexpected keyword argument 'content'
  ERROR 1165-1997-jonew-judis-14305-f23ad6.md: CausalDAG.add_fact() got an unexpected keyword argument 'content'
  ERROR 11650-2002-jonew-judis-31436-173b64.md: CausalDAG.add_fact() got an unexpected keyword argument 'content'
  ERROR 11650-2007-jonew-judis-40866-b43fd9.md: CausalDAG.add_fact() got an unexpected keyword argument 'content'
  ERROR 11650-2009-jonew-judis-37641-23e954.md: CausalDAG.add_fact() got an unexpected keyword argument 'content'
  ERROR 11650-2016-supremecourt-2016-11650-11650-2016-judgement-10-jan-2-066f1c.md: CausalDAG.add_fact() got an unexpected keyword argument 'content'
  ERROR 11650-2021-supremecourt-2021-11650-11650-2021-2-14-34571-judgeme-964327.md: CausalDAG.add_fact() got an unexpected keyword argument 'content'
  ERROR 11652-2002-jonew-judis-36485-a8881f.md: CausalDAG.add_fact() got an unexpected keyword argument 'content'
  ERROR 11652-2006-jonew-judis-34375-4b5240.md: CausalDAG.add_fact() got an unexpected keyword argument 'content'
  ERROR 11652-2016-supremecourt-2016-11652-11652-2016-12-1501-35076-judg-de56cd.md: CausalDAG.add_fact() got an unexpected keyword argument 'content'
  ERROR 11653-1998-jonew-judis-25753-dfbf58.md: CausalDAG.add_fact() got an unexpected keyword argument 'content'
  ERROR 11653-2002-jonew-judis-36571-94b086.md: CausalDAG.add_fact() got an unexpected keyword argument 'content'
  ERROR 11654-1999-jonew-judis-19036-da4acb.md: CausalDAG.add_fact() got an unexpected keyword argument 'content'
  ERROR 11654-1999-jonew-judis-19062-aba476.md: CausalDAG.add_fact() got an unexpected keyword argument 'content'
  ERROR 11654-1999-jonew-judis-30298-7223f3.md: CausalDAG.add_fact() got an unexpected keyword argument 'content'
  ERROR 11654-2007-jonew-judis-31075-ea65a8.md: CausalDAG.add_fact() got an unexpected keyword argument 'content'
  ERROR 11655-2003-jonew-judis-36912-3440b8.md: CausalDAG.add_fact() got an unexpected keyword argument 'content'
  ERROR 11655-2007-jonew-judis-35174-078e24.md: CausalDAG.add_fact() got an unexpected keyword argument 'content'
  ERROR 11655-2008-supremecourt-2008-11655-11655-2008-judgement-22-apr-2-837b2e.md: CausalDAG.add_fact() got an unexpected keyword argument 'content'
  ERROR 11656-1999-jonew-judis-17756-122418.md: CausalDAG.add_fact() got an unexpected keyword argument 'content'
  ERROR 11657-2004-jonew-judis-37740-9d20f5.md: CausalDAG.add_fact() got an unexpected keyword argument 'content'
  ERROR 11658-1999-jonew-judis-27053-961668.md: CausalDAG.add_fact() got an unexpected keyword argument 'content'
  ERROR 1166-1997-jonew-judis-16524-f8e8b6.md: CausalDAG.add_fact() got an unexpected keyword argument 'content'
  ERROR 11660-2003-jonew-judis-36040-65b716.md: CausalDAG.add_fact() got an unexpected keyword argument 'content'
  ERROR 11660-2004-jonew-judis-32338-909398.md: CausalDAG.add_fact() got an unexpected keyword argument 'content'
  ERROR 11660-2004-jonew-judis-34145-8d8ba5.md: CausalDAG.add_fact() got an unexpected keyword argument 'content'
  ERROR 11660-2007-jonew-judis-33358-5f6dd5.md: CausalDAG.add_fact() got an unexpected keyword argument 'content'
  ERROR 11661-1995-jonew-judis-20812-5f4753.md: CausalDAG.add_fact() got an unexpected keyword argument 'content'
  ERROR 11664-2010-jonew-judis-43157-8a44b4.md: CausalDAG.add_fact() got an unexpected keyword argument 'content'
  ERROR 11665-2002-jonew-judis-28274-c139f8.md: CausalDAG.add_fact() got an unexpected keyword argument 'content'
  ERROR 11666-2001-jonew-judis-25768-60095c.md: CausalDAG.add_fact() got an unexpected keyword argument 'content'
  ERROR 11668-2000-jonew-judis-33138-03e0da.md: CausalDAG.add_fact() got an unexpected keyword argument 'content'
  ERROR 11669-2021-supremecourt-2021-11669-11669-2021-12-1501-41263-judg-6ba34e.md: CausalDAG.add_fact() got an unexpected keyword argument 'content'
  ERROR 1167-2003-jonew-judis-36623-802954.md: CausalDAG.add_fact() got an unexpected keyword argument 'content'
  ERROR 11670-2010-jonew-judis-37944-d2ea26.md: CausalDAG.add_fact() got an unexpected keyword argument 'content'
  ERROR 11671-2002-jonew-judis-19000-a48d4d.md: CausalDAG.add_fact() got an unexpected keyword argument 'content'
  ERROR 11672-2018-supremecourt-2018-11672-11672-2018-7-1501-42449-judge-359c08.md: CausalDAG.add_fact() got an unexpected keyword argument 'content'
  ERROR 11673-2004-jonew-judis-38573-cfb314.md: CausalDAG.add_fact() got an unexpected keyword argument 'content'
  ERROR 11677-2010-jonew-judis-36599-5a07ae.md: CausalDAG.add_fact() got an unexpected keyword argument 'content'
  ERROR 11677-2016-supremecourt-2016-11677-11677-2016-judgement-13-nov-2-ced1cf.md: CausalDAG.add_fact() got an unexpected keyword argument 'content'
  ERROR 11678-2000-jonew-judis-30938-17a740.md: CausalDAG.add_fact() got an unexpected keyword argument 'content'
  ERROR 1168-2013-jonew-judis-44779-66e35e.md: CausalDAG.add_fact() got an unexpected keyword argument 'content'
  ERROR 11681-1997-jonew-judis-25761-f30b52.md: CausalDAG.add_fact() got an unexpected keyword argument 'content'
  ERROR 11681-2002-jonew-judis-32047-02ae68.md: CausalDAG.add_fact() got an unexpected keyword argument 'content'
  ERROR 11681-2007-jonew-judis-32548-ec5991.md: CausalDAG.add_fact() got an unexpected keyword argument 'content'
  ERROR 11682-2003-jonew-judis-37544-676a93.md: CausalDAG.add_fact() got an unexpected keyword argument 'content'
  ERROR 11685-1997-jonew-judis-17088-cd7d56.md: CausalDAG.add_fact() got an unexpected keyword argument 'content'
  ERROR 11687-1998-jonew-judis-26745-36628d.md: CausalDAG.add_fact() got an unexpected keyword argument 'content'
  ERROR 11687-2016-jonew-judis-43599-12bdc8.md: CausalDAG.add_fact() got an unexpected keyword argument 'content'
  ERROR 11688-2002-jonew-judis-30673-977aaa.md: CausalDAG.add_fact() got an unexpected keyword argument 'content'
  ERROR 1169-1999-jonew-judis-17539-7d10c3.md: CausalDAG.add_fact() got an unexpected keyword argument 'content'
  ERROR 11690-2020-supremecourt-2020-11690-11690-2020-2-8-32153-judgemen-57cb9b.md: CausalDAG.add_fact() got an unexpected keyword argument 'content'
  ERROR 11692-1999-jonew-judis-17330-126c52.md: CausalDAG.add_fact() got an unexpected keyword argument 'content'
  ERROR 11692-2011-jonew-judis-42246-6304be.md: CausalDAG.add_fact() got an unexpected keyword argument 'content'
  ERROR 11694-2000-jonew-judis-17379-f2141c.md: CausalDAG.add_fact() got an unexpected keyword argument 'content'
  ERROR 11695-2022-supremecourt-2022-11695-11695-2022-14-1501-54878-judg-19ea27.md: CausalDAG.add_fact() got an unexpected keyword argument 'content'
  ERROR 11697-1999-jonew-judis-19155-2fc6ee.md: CausalDAG.add_fact() got an unexpected keyword argument 'content'
  ERROR 11699-2012-jonew-judis-39840-9b93ba.md: CausalDAG.add_fact() got an unexpected keyword argument 'content'
  ERROR 117-1955-jonew-judis-725-ddc29b.md: CausalDAG.add_fact() got an unexpected keyword argument 'content'
  ERROR 117-1956-jonew-judis-688-324f97.md: CausalDAG.add_fact() got an unexpected keyword argument 'content'
  ERROR 117-1958-jonew-judis-441-a665dc.md: CausalDAG.add_fact() got an unexpected keyword argument 'content'
  ERROR 117-1959-jonew-judis-398-4226b3.md: CausalDAG.add_fact() got an unexpected keyword argument 'content'
  ERROR 117-1960-jonew-judis-3872-dd2a16.md: CausalDAG.add_fact() got an unexpected keyword argument 'content'
  ERROR 117-1961-jonew-judis-3992-ee0fae.md: CausalDAG.add_fact() got an unexpected keyword argument 'content'
  ERROR 117-1962-jonew-judis-3346-d635b5.md: CausalDAG.add_fact() got an unexpected keyword argument 'content'
  ERROR 117-1963-jonew-judis-3409-410ebe.md: CausalDAG.add_fact() got an unexpected keyword argument 'content'
  ERROR 117-1965-jonew-judis-2116-3d73f7.md: CausalDAG.add_fact() got an unexpected keyword argument 'content'
  ERROR 117-1967-jonew-judis-2324-0d93e7.md: CausalDAG.add_fact() got an unexpected keyword argument 'content'
  ERROR 117-2005-supremecourt-2005-117-117-2005-judgement-05-sep-2017-e97196.md: CausalDAG.add_fact() got an unexpected keyword argument 'content'
  ERROR 1170-2005-jonew-judis-30045-721f5b.md: CausalDAG.add_fact() got an unexpected keyword argument 'content'
  ERROR 1170-2006-jonew-judis-33079-c0f87b.md: CausalDAG.add_fact() got an unexpected keyword argument 'content'
  ERROR 11703-2016-supremecourt-2016-11703-11703-2016-judgement-04-oct-2-41f554.md: CausalDAG.add_fact() got an unexpected keyword argument 'content'
  ERROR 11703-2023-supremecourt-2023-11703-11703-2023-5-1501-52729-judge-03be92.md: CausalDAG.add_fact() got an unexpected keyword argument 'content'
  ERROR 11706-1994-jonew-judis-10640-37aacc.md: CausalDAG.add_fact() got an unexpected keyword argument 'content'
  ERROR 11706-2020-supremecourt-2020-11706-11706-2020-34-1501-22499-orde-2171ce.md: CausalDAG.add_fact() got an unexpected keyword argument 'content'
  ERROR 11706-2020-supremecourt-2020-11706-11706-2020-36-1501-28166-judg-2b40d8.md: CausalDAG.add_fact() got an unexpected keyword argument 'content'
  ERROR 11707-2009-jonew-judis-35432-d77584.md: CausalDAG.add_fact() got an unexpected keyword argument 'content'
  ERROR 11710-2017-supremecourt-2017-11710-11710-2017-4-1504-15807-judge-e6b9c5.md: CausalDAG.add_fact() got an unexpected keyword argument 'content'
  ERROR 11711-2012-jonew-judis-39490-9ece53.md: CausalDAG.add_fact() got an unexpected keyword argument 'content'
  ERROR 11714-1994-jonew-judis-19289-e3fd1d.md: CausalDAG.add_fact() got an unexpected keyword argument 'content'
  ERROR 11714-2000-jonew-judis-20413-95c4d0.md: CausalDAG.add_fact() got an unexpected keyword argument 'content'
  ERROR 11715-2002-jonew-judis-35426-529666.md: CausalDAG.add_fact() got an unexpected keyword argument 'content'
  ERROR 11715-2010-jonew-judis-36962-923fb6.md: CausalDAG.add_fact() got an unexpected keyword argument 'content'
  ERROR 11717-2016-jonew-judis-44020-28a41e.md: CausalDAG.add_fact() got an unexpected keyword argument 'content'
  ERROR 11718-2001-jonew-judis-18454-7d35e1.md: CausalDAG.add_fact() got an unexpected keyword argument 'content'
  ERROR 11719-2006-jonew-judis-28043-7b0444.md: CausalDAG.add_fact() got an unexpected keyword argument 'content'
  ERROR 11719-2021-supremecourt-2021-11719-11719-2021-5-1502-34552-judge-364845.md: CausalDAG.add_fact() got an unexpected keyword argument 'content'
  ERROR 1172-2006-jonew-judis-32413-c4287f.md: CausalDAG.add_fact() got an unexpected keyword argument 'content'
  ERROR 11720-1998-jonew-judis-26162-29a31a.md: CausalDAG.add_fact() got an unexpected keyword argument 'content'
  ERROR 11723-2006-supremecourt-2006-11723-11723-2006-judgement-13-sep-2-c855ed.md: CausalDAG.add_fact() got an unexpected keyword argument 'content'
  ERROR 11725-2006-jonew-judis-29553-ee1fef.md: CausalDAG.add_fact() got an unexpected keyword argument 'content'
  ERROR 11725-2012-jonew-judis-39908-a7181b.md: CausalDAG.add_fact() got an unexpected keyword argument 'content'
  ERROR 11725-2016-jonew-judis-44021-cf2cb1.md: CausalDAG.add_fact() got an unexpected keyword argument 'content'
  ERROR 11727-2000-jonew-judis-17725-b8d58b.md: CausalDAG.add_fact() got an unexpected keyword argument 'content'
  ERROR 11727-2000-jonew-judis-17732-304924.md: CausalDAG.add_fact() got an unexpected keyword argument 'content'
  ERROR 11728-2021-supremecourt-2021-11728-11728-2021-5-1501-44361-judge-701195.md: CausalDAG.add_fact() got an unexpected keyword argument 'content'
  ERROR 11729-2004-jonew-courtnic-rop-2004-11729-rop-119753-097421.md: CausalDAG.add_fact() got an unexpected keyword argument 'content'
  ERROR 11729-2005-jonew-judis-28409-9bdbb0.md: CausalDAG.add_fact() got an unexpected keyword argument 'content'
  ERROR 11730-1994-jonew-judis-10174-28b73a.md: CausalDAG.add_fact() got an unexpected keyword argument 'content'
  ERROR 11731-1995-jonew-judis-16942-86fdb2.md: CausalDAG.add_fact() got an unexpected keyword argument 'content'
  ERROR 11731-1995-jonew-judis-17048-0855ee.md: CausalDAG.add_fact() got an unexpected keyword argument 'content'
  ERROR 11732-2003-jonew-judis-26373-e38196.md: CausalDAG.add_fact() got an unexpected keyword argument 'content'
  ERROR 11733-2006-jonew-judis-42547-8b46f8.md: CausalDAG.add_fact() got an unexpected keyword argument 'content'
  ERROR 11734-2014-supremecourt-2014-11734-11734-2014-15-1501-47713-judg-eef9ac.md: CausalDAG.add_fact() got an unexpected keyword argument 'content'
  ERROR 11736-1997-jonew-judis-26175-e82497.md: CausalDAG.add_fact() got an unexpected keyword argument 'content'
  ERROR 11737-2000-jonew-judis-31142-6d4fb3.md: CausalDAG.add_fact() got an unexpected keyword argument 'content'
  ERROR 11739-1998-jonew-judis-16339-563101.md: CausalDAG.add_fact() got an unexpected keyword argument 'content'
  ERROR 11739-2007-jonew-judis-30569-378c80.md: CausalDAG.add_fact() got an unexpected keyword argument 'content'
  ERROR 11742-1999-jonew-judis-19154-52826f.md: CausalDAG.add_fact() got an unexpected keyword argument 'content'
  ERROR 11742-2005-jonew-judis-33238-62b764.md: CausalDAG.add_fact() got an unexpected keyword argument 'content'
  ERROR 11742-2019-supremecourt-2019-11742-11742-2019-32-1501-21869-judg-d61eab.md: CausalDAG.add_fact() got an unexpected keyword argument 'content'
  ERROR 11745-2020-supremecourt-2020-11745-11745-2020-31-1501-25558-judg-c76d10.md: CausalDAG.add_fact() got an unexpected keyword argument 'content'
  ERROR 11747-2002-jonew-judis-35049-e614f3.md: CausalDAG.add_fact() got an unexpected keyword argument 'content'
  ERROR 11748-2009-jonew-judis-40215-2759e2.md: CausalDAG.add_fact() got an unexpected keyword argument 'content'
  ERROR 11748-2015-jonew-judis-43170-7a21b8.md: CausalDAG.add_fact() got an unexpected keyword argument 'content'
  ERROR 11749-2000-jonew-judis-17965-0120bb.md: CausalDAG.add_fact() got an unexpected keyword argument 'content'
  ERROR 1175-2006-jonew-judis-29922-5ce7ab.md: CausalDAG.add_fact() got an unexpected keyword argument 'content'
  ERROR 1175-2020-supremecourt-2020-1175-1175-2020-42-1502-33515-judgeme-6b549f.md: CausalDAG.add_fact() got an unexpected keyword argument 'content'
  ERROR 1175-2023-supremecourt-2023-1175-1175-2023-6-27-52094-judgement-bbe500.md: CausalDAG.add_fact() got an unexpected keyword argument 'content'
  ERROR 11750-2000-jonew-judis-18529-9381a6.md: CausalDAG.add_fact() got an unexpected keyword argument 'content'
  ERROR 11752-2022-supremecourt-2022-11752-11752-2022-3-1501-35876-judge-b71851.md: CausalDAG.add_fact() got an unexpected keyword argument 'content'
  ERROR 11753-2018-supremecourt-2018-11753-11753-2018-41-1502-29828-judg-450e78.md: CausalDAG.add_fact() got an unexpected keyword argument 'content'
  ERROR 11754-2005-jonew-judis-27239-4b6beb.md: CausalDAG.add_fact() got an unexpected keyword argument 'content'
  ERROR 11754-2005-jonew-judis-27435-0ef01c.md: CausalDAG.add_fact() got an unexpected keyword argument 'content'
  ERROR 11754-2005-jonew-judis-27436-5d26dc.md: CausalDAG.add_fact() got an unexpected keyword argument 'content'
  ERROR 11754-2005-jonew-judis-27437-f9e415.md: CausalDAG.add_fact() got an unexpected keyword argument 'content'
  ERROR 11754-2005-jonew-judis-30237-8db7f8.md: CausalDAG.add_fact() got an unexpected keyword argument 'content'
  ERROR 11755-1995-jonew-judis-15651-8556a5.md: CausalDAG.add_fact() got an unexpected keyword argument 'content'
  ERROR 11758-2004-jonew-judis-33042-cee34a.md: CausalDAG.add_fact() got an unexpected keyword argument 'content'
  ERROR 11759-2004-jonew-judis-28656-7b16b1.md: CausalDAG.add_fact() got an unexpected keyword argument 'content'
  ERROR 11764-2001-jonew-judis-26142-a6b33d.md: CausalDAG.add_fact() got an unexpected keyword argument 'content'
  ERROR 11764-2006-jonew-judis-28276-7a5584.md: CausalDAG.add_fact() got an unexpected keyword argument 'content'
  ERROR 11764-2006-jonew-judis-29948-40436c.md: CausalDAG.add_fact() got an unexpected keyword argument 'content'
  ERROR 11764-2007-jonew-judis-30104-841e3d.md: CausalDAG.add_fact() got an unexpected keyword argument 'content'
  ERROR 11765-2004-jonew-judis-29049-d6119b.md: CausalDAG.add_fact() got an unexpected keyword argument 'content'
  ERROR 11765-2006-jonew-judis-29899-3f8883.md: CausalDAG.add_fact() got an unexpected keyword argument 'content'
  ERROR 11765-2016-supremecourt-2016-11765-11765-2016-judgement-27-nov-2-6fb04a.md: CausalDAG.add_fact() got an unexpected keyword argument 'content'
  ERROR 11766-2007-jonew-judis-36319-656d88.md: CausalDAG.add_fact() got an unexpected keyword argument 'content'
  ERROR 11767-2003-jonew-judis-39086-baa17a.md: CausalDAG.add_fact() got an unexpected keyword argument 'content'
  ERROR 11767-2006-jonew-judis-39804-3e767c.md: CausalDAG.add_fact() got an unexpected keyword argument 'content'
  ERROR 11768-2007-jonew-judis-31022-d95e85.md: CausalDAG.add_fact() got an unexpected keyword argument 'content'
  ERROR 1177-2006-jonew-judis-30037-3c2640.md: CausalDAG.add_fact() got an unexpected keyword argument 'content'
  ERROR 11771-1991-jonew-judis-16474-945472.md: CausalDAG.add_fact() got an unexpected keyword argument 'content'
  ERROR 11771-1991-jonew-judis-9735-05227a.md: CausalDAG.add_fact() got an unexpected keyword argument 'content'
  ERROR 11771-2001-jonew-judis-20585-89b327.md: CausalDAG.add_fact() got an unexpected keyword argument 'content'
  ERROR 11771-2002-jonew-judis-19192-ee833c.md: CausalDAG.add_fact() got an unexpected keyword argument 'content'
  ERROR 11771-2009-jonew-judis-39421-9807ec.md: CausalDAG.add_fact() got an unexpected keyword argument 'content'
  ERROR 11772-2006-jonew-judis-31361-bc636b.md: CausalDAG.add_fact() got an unexpected keyword argument 'content'
  ERROR 11773-1997-jonew-judis-13540-68543c.md: CausalDAG.add_fact() got an unexpected keyword argument 'content'
  ERROR 11774-1998-jonew-judis-18057-ea2704.md: CausalDAG.add_fact() got an unexpected keyword argument 'content'
  ERROR 11774-2008-supremecourt-2008-11774-11774-2008-judgement-31-jan-2-315446.md: CausalDAG.add_fact() got an unexpected keyword argument 'content'
  ERROR 11775-1999-jonew-judis-16613-024c24.md: CausalDAG.add_fact() got an unexpected keyword argument 'content'
  ERROR 11777-2005-jonew-judis-38144-9d1b6b.md: CausalDAG.add_fact() got an unexpected keyword argument 'content'
  ERROR 11778-2004-jonew-judis-27463-d2b65c.md: CausalDAG.add_fact() got an unexpected keyword argument 'content'
  ERROR 11778-2022-supremecourt-2022-11778-11778-2022-16-50-44782-judgem-f8e83b.md: CausalDAG.add_fact() got an unexpected keyword argument 'content'
  ERROR 11779-2004-jonew-judis-44588-b52873.md: CausalDAG.add_fact() got an unexpected keyword argument 'content'
  ERROR 1178-jonew-judis-13858-aa9394.md: CausalDAG.add_fact() got an unexpected keyword argument 'content'
  ERROR 11782-2006-jonew-judis-34378-fa9881.md: CausalDAG.add_fact() got an unexpected keyword argument 'content'
  ERROR 11783-2003-jonew-judis-19159-3f9a8c.md: CausalDAG.add_fact() got an unexpected keyword argument 'content'
  ERROR 11783-2004-jonew-judis-26477-26e43a.md: CausalDAG.add_fact() got an unexpected keyword argument 'content'
  ERROR 11783-2013-jonew-judis-40384-2c295e.md: CausalDAG.add_fact() got an unexpected keyword argument 'content'
  ERROR 11785-2003-jonew-judis-26540-86d810.md: CausalDAG.add_fact() got an unexpected keyword argument 'content'
  ERROR 11786-2003-jonew-judis-30363-ef602d.md: CausalDAG.add_fact() got an unexpected keyword argument 'content'
  ERROR 11786-2013-jonew-judis-40395-142c00.md: CausalDAG.add_fact() got an unexpected keyword argument 'content'
  ERROR 11788-1997-jonew-judis-19352-9e677a.md: CausalDAG.add_fact() got an unexpected keyword argument 'content'
  ERROR 11789-2019-supremecourt-2019-11789-11789-2019-6-1501-57806-judge-76234b.md: CausalDAG.add_fact() got an unexpected keyword argument 'content'
  ERROR 1179-2002-jonew-judis-30921-4ff62d.md: CausalDAG.add_fact() got an unexpected keyword argument 'content'
  ERROR 11791-2000-jonew-judis-27331-8ad3ad.md: CausalDAG.add_fact() got an unexpected keyword argument 'content'
  ERROR 11792-2005-jonew-judis-31597-2c286c.md: CausalDAG.add_fact() got an unexpected keyword argument 'content'
  ERROR 11793-2000-jonew-judis-33054-524565.md: CausalDAG.add_fact() got an unexpected keyword argument 'content'
  ERROR 11794-2001-jonew-judis-30169-5e332e.md: CausalDAG.add_fact() got an unexpected keyword argument 'content'
  ERROR 11795-2002-jonew-judis-37651-842c5f.md: CausalDAG.add_fact() got an unexpected keyword argument 'content'
  ERROR 11795-2004-jonew-judis-29347-672436.md: CausalDAG.add_fact() got an unexpected keyword argument 'content'
  ERROR 11795-2006-supremecourt-2006-11795-11795-2006-judgement-19-jun-2-cec53a.md: CausalDAG.add_fact() got an unexpected keyword argument 'content'
  ERROR 11795-2009-jonew-judis-41926-234125.md: CausalDAG.add_fact() got an unexpected keyword argument 'content'
  ERROR 11796-1995-jonew-judis-20719-495845.md: CausalDAG.add_fact() got an unexpected keyword argument 'content'
  ERROR 11796-2012-jonew-judis-41342-49e3fd.md: CausalDAG.add_fact() got an unexpected keyword argument 'content'
  ERROR 11797-2007-jonew-judis-31593-20c2ae.md: CausalDAG.add_fact() got an unexpected keyword argument 'content'
  ERROR 11799-2006-supremecourt-2006-2006-judgement-15-sep-2017-7b7fb6.md: CausalDAG.add_fact() got an unexpected keyword argument 'content'
  ERROR 118-1955-jonew-judis-730-8291f9.md: CausalDAG.add_fact() got an unexpected keyword argument 'content'
  ERROR 118-1956-jonew-judis-690-a6a6e0.md: CausalDAG.add_fact() got an unexpected keyword argument 'content'
  ERROR 118-1958-jonew-judis-442-0bfafb.md: CausalDAG.add_fact() got an unexpected keyword argument 'content'
  ERROR 118-1959-jonew-judis-401-e90635.md: CausalDAG.add_fact() got an unexpected keyword argument 'content'
  ERROR 118-1960-jonew-judis-3873-39ef7d.md: CausalDAG.add_fact() got an unexpected keyword argument 'content'
  ERROR 118-1961-jonew-judis-3993-63788b.md: CausalDAG.add_fact() got an unexpected keyword argument 'content'
  ERROR 118-1962-jonew-judis-3347-d2baeb.md: CausalDAG.add_fact() got an unexpected keyword argument 'content'
  ERROR 118-1963-jonew-judis-3411-755d4a.md: CausalDAG.add_fact() got an unexpected keyword argument 'content'
  ERROR 118-1965-jonew-judis-2117-65536f.md: CausalDAG.add_fact() got an unexpected keyword argument 'content'
  ERROR 118-1967-jonew-judis-2325-802c22.md: CausalDAG.add_fact() got an unexpected keyword argument 'content'
  ERROR 118-2005-jonew-judis-30181-b4205b.md: CausalDAG.add_fact() got an unexpected keyword argument 'content'
  ERROR 1180-1999-jonew-judis-36435-63a273.md: CausalDAG.add_fact() got an unexpected keyword argument 'content'
  ERROR 1180-2000-jonew-judis-26418-f82ea2.md: CausalDAG.add_fact() got an unexpected keyword argument 'content'
  ERROR 11800-2011-supremecourt-2011-11800-11800-2011-judgement-07-feb-2-76a25d.md: CausalDAG.add_fact() got an unexpected keyword argument 'content'
  ERROR 11802-2010-jonew-judis-38147-e85963.md: CausalDAG.add_fact() got an unexpected keyword argument 'content'
  ERROR 11804-2007-jonew-judis-36788-e5067c.md: CausalDAG.add_fact() got an unexpected keyword argument 'content'
  ERROR 11805-2024-supremecourt-2024-11805-11805-2024-1-501-51545-judgem-f13687.md: CausalDAG.add_fact() got an unexpected keyword argument 'content'
  ERROR 11808-2006-supremecourt-2006-2006-judgement-15-sep-2017-ea50b9.md: CausalDAG.add_fact() got an unexpected keyword argument 'content'
  ERROR 11809-2006-supremecourt-2006-2006-judgement-15-sep-2017-e6e155.md: CausalDAG.add_fact() got an unexpected keyword argument 'content'
  ERROR 1181-2009-jonew-judis-40109-4c5c0e.md: CausalDAG.add_fact() got an unexpected keyword argument 'content'
  ERROR 1181-2021-supremecourt-2021-1181-1181-2021-42-25-26361-judgement-44d741.md: CausalDAG.add_fact() got an unexpected keyword argument 'content'
  ERROR 11810-1995-jonew-judis-15657-9d0edb.md: CausalDAG.add_fact() got an unexpected keyword argument 'content'
  ERROR 11810-1995-jonew-judis-15869-49d9bf.md: CausalDAG.add_fact() got an unexpected keyword argument 'content'
  ERROR 11810-2006-supremecourt-2006-2006-judgement-15-sep-2017-a093eb.md: CausalDAG.add_fact() got an unexpected keyword argument 'content'
  ERROR 11810-2019-supremecourt-2019-11810-11810-2019-7-1502-15506-judge-51b3d3.md: CausalDAG.add_fact() got an unexpected keyword argument 'content'
  ERROR 11811-2017-supremecourt-2017-11811-11811-2017-5-1501-35261-judge-297125.md: CausalDAG.add_fact() got an unexpected keyword argument 'content'
  ERROR 11812-2007-jonew-judis-32367-8965df.md: CausalDAG.add_fact() got an unexpected keyword argument 'content'
  ERROR 11812-2011-jonew-judis-44268-0b3d9e.md: CausalDAG.add_fact() got an unexpected keyword argument 'content'
  ERROR 11813-1997-jonew-judis-13231-3263aa.md: CausalDAG.add_fact() got an unexpected keyword argument 'content'
  ERROR 11813-1998-jonew-judis-17973-b47554.md: CausalDAG.add_fact() got an unexpected keyword argument 'content'
  ERROR 11813-1998-jonew-judis-30309-610011.md: CausalDAG.add_fact() got an unexpected keyword argument 'content'
  ERROR 11814-1998-jonew-judis-26491-f42bac.md: CausalDAG.add_fact() got an unexpected keyword argument 'content'
  ERROR 11816-1993-jonew-judis-16938-df3762.md: CausalDAG.add_fact() got an unexpected keyword argument 'content'
  ERROR 11816-1997-jonew-judis-13114-ed9511.md: CausalDAG.add_fact() got an unexpected keyword argument 'content'
  ERROR 11816-2005-jonew-judis-28232-5e2ff6.md: CausalDAG.add_fact() got an unexpected keyword argument 'content'
  ERROR 11819-1998-jonew-judis-17236-d2327f.md: CausalDAG.add_fact() got an unexpected keyword argument 'content'
  ERROR 11820-2011-supremecourt-2011-11820-11820-2011-2-1501-49380-judge-87ebe9.md: CausalDAG.add_fact() got an unexpected keyword argument 'content'
  ERROR 11821-2015-supremecourt-2015-2015-judgement-19-jun-2017-621a25.md: CausalDAG.add_fact() got an unexpected keyword argument 'content'
  ERROR 11823-2003-jonew-courtnic-rop-2003-11823-rop-255193-224bae.md: CausalDAG.add_fact() got an unexpected keyword argument 'content'
  ERROR 11823-2010-jonew-judis-42053-a10a07.md: CausalDAG.add_fact() got an unexpected keyword argument 'content'
  ERROR 11824-2016-jonew-judis-44267-01eedd.md: CausalDAG.add_fact() got an unexpected keyword argument 'content'
  ERROR 11825-1997-jonew-judis-19318-8f81ac.md: CausalDAG.add_fact() got an unexpected keyword argument 'content'
  ERROR 11825-1997-jonew-judis-30714-bffbad.md: CausalDAG.add_fact() got an unexpected keyword argument 'content'
  ERROR 11825-2003-jonew-judis-34047-c024e8.md: CausalDAG.add_fact() got an unexpected keyword argument 'content'
  ERROR 11825-2012-jonew-judis-41043-4f2b0a.md: CausalDAG.add_fact() got an unexpected keyword argument 'content'
  ERROR 11826-1994-jonew-judis-10394-554801.md: CausalDAG.add_fact() got an unexpected keyword argument 'content'
  ERROR 11826-1997-jonew-judis-16602-88f0df.md: CausalDAG.add_fact() got an unexpected keyword argument 'content'
  ERROR 11826-2003-jonew-judis-27456-39c98d.md: CausalDAG.add_fact() got an unexpected keyword argument 'content'
  ERROR 11827-2009-jonew-judis-44339-de550e.md: CausalDAG.add_fact() got an unexpected keyword argument 'content'
  ERROR 11827-2009-supremecourt-2009-11827-11827-2009-judgement-25-nov-2-e32a71.md: CausalDAG.add_fact() got an unexpected keyword argument 'content'
  ERROR 11828-2006-jonew-judis-28951-d78dc0.md: CausalDAG.add_fact() got an unexpected keyword argument 'content'
  ERROR 11831-2012-jonew-judis-43389-0776c8.md: CausalDAG.add_fact() got an unexpected keyword argument 'content'
  ERROR 11832-2020-supremecourt-2020-11832-11832-2020-36-1502-26964-judg-6bcd11.md: CausalDAG.add_fact() got an unexpected keyword argument 'content'
  ERROR 11833-2010-jonew-judis-38339-c7f892.md: CausalDAG.add_fact() got an unexpected keyword argument 'content'
  ERROR 11835-1999-jonew-judis-20511-193278.md: CausalDAG.add_fact() got an unexpected keyword argument 'content'
  ERROR 11835-2006-jonew-judis-31539-4cf06d.md: CausalDAG.add_fact() got an unexpected keyword argument 'content'
  ERROR 11835-2014-supremecourt-2014-11835-11835-2014-1-1501-36670-judge-1637e3.md: CausalDAG.add_fact() got an unexpected keyword argument 'content'
  ERROR 11838-2017-supremecourt-2017-11838-11838-2017-order-09-oct-2017-389c79.md: CausalDAG.add_fact() got an unexpected keyword argument 'content'
  ERROR 11838-2020-supremecourt-2020-11838-11838-2020-33-1502-23944-judg-83d2e8.md: CausalDAG.add_fact() got an unexpected keyword argument 'content'
  ERROR 1184-2005-jonew-judis-28208-052631.md: CausalDAG.add_fact() got an unexpected keyword argument 'content'
  ERROR 11840-2008-supremecourt-2008-11840-11840-2008-judgement-24-sep-2-44ef9d.md: CausalDAG.add_fact() got an unexpected keyword argument 'content'
  ERROR 11840-2011-jonew-judis-38245-3cf1a0.md: CausalDAG.add_fact() got an unexpected keyword argument 'content'
  ERROR 11842-2002-jonew-judis-20645-044be0.md: CausalDAG.add_fact() got an unexpected keyword argument 'content'
  ERROR 11842-2015-jonew-judis-43585-dcc84f.md: CausalDAG.add_fact() got an unexpected keyword argument 'content'
  ERROR 11843-2003-jonew-judis-19379-2f0d04.md: CausalDAG.add_fact() got an unexpected keyword argument 'content'
  ERROR 11843-2003-jonew-judis-19384-5136dd.md: CausalDAG.add_fact() got an unexpected keyword argument 'content'
  ERROR 11843-2003-jonew-judis-25677-412e32.md: CausalDAG.add_fact() got an unexpected keyword argument 'content'
  ERROR 11844-1995-jonew-judis-15968-8c298f.md: CausalDAG.add_fact() got an unexpected keyword argument 'content'
  ERROR 11845-1994-jonew-judis-14384-c791da.md: CausalDAG.add_fact() got an unexpected keyword argument 'content'
  ERROR 11846-2002-jonew-judis-20747-e24bf3.md: CausalDAG.add_fact() got an unexpected keyword argument 'content'
  ERROR 11852-1994-jonew-judis-15318-44fd0b.md: CausalDAG.add_fact() got an unexpected keyword argument 'content'
  ERROR 11852-2003-jonew-judis-39537-1a3161.md: CausalDAG.add_fact() got an unexpected keyword argument 'content'
  ERROR 11853-2002-jonew-judis-20756-34b2f4.md: CausalDAG.add_fact() got an unexpected keyword argument 'content'
  ERROR 11856-1997-jonew-judis-26579-eb1c44.md: CausalDAG.add_fact() got an unexpected keyword argument 'content'
  ERROR 11856-2007-jonew-judis-37281-dbf45f.md: CausalDAG.add_fact() got an unexpected keyword argument 'content'
  ERROR 11857-2007-jonew-judis-32586-529ca6.md: CausalDAG.add_fact() got an unexpected keyword argument 'content'
  ERROR 11857-2017-supremecourt-2017-2017-judgement-19-jun-2017-255469.md: CausalDAG.add_fact() got an unexpected keyword argument 'content'
  ERROR 11859-2009-jonew-judis-42234-5262e9.md: CausalDAG.add_fact() got an unexpected keyword argument 'content'
  ERROR 1186-2023-supremecourt-2023-1186-1186-2023-9-1505-48785-judgemen-f6cdc7.md: CausalDAG.add_fact() got an unexpected keyword argument 'content'
  ERROR 11861-2004-jonew-judis-38528-cb4bb2.md: CausalDAG.add_fact() got an unexpected keyword argument 'content'
  ERROR 11861-2005-jonew-judis-33273-9ca1a0.md: CausalDAG.add_fact() got an unexpected keyword argument 'content'
  ERROR 11862-1997-jonew-judis-25831-c9bcda.md: CausalDAG.add_fact() got an unexpected keyword argument 'content'
  ERROR 11862-2002-jonew-judis-33553-4981ce.md: CausalDAG.add_fact() got an unexpected keyword argument 'content'
  ERROR 11863-2001-jonew-judis-30437-caef1a.md: CausalDAG.add_fact() got an unexpected keyword argument 'content'
  ERROR 11865-2006-jonew-judis-29599-747d46.md: CausalDAG.add_fact() got an unexpected keyword argument 'content'
  ERROR 11866-2015-supremecourt-2015-2015-judgement-19-jun-2017-ba4077.md: CausalDAG.add_fact() got an unexpected keyword argument 'content'
  ERROR 11867-1999-jonew-judis-16458-3489de.md: CausalDAG.add_fact() got an unexpected keyword argument 'content'
  ERROR 11867-2016-supremecourt-2016-11867-11867-2016-judgement-26-feb-2-00f03e.md: CausalDAG.add_fact() got an unexpected keyword argument 'content'
  ERROR 11870-1999-jonew-judis-19332-0ab89c.md: CausalDAG.add_fact() got an unexpected keyword argument 'content'
  ERROR 11871-1998-jonew-judis-26793-5ff1c5.md: CausalDAG.add_fact() got an unexpected keyword argument 'content'
  ERROR 11871-2002-jonew-judis-25978-501092.md: CausalDAG.add_fact() got an unexpected keyword argument 'content'
  ERROR 11872-2004-jonew-judis-30161-5abf5b.md: CausalDAG.add_fact() got an unexpected keyword argument 'content'
  ERROR 11875-1998-jonew-judis-26555-ec2c61.md: CausalDAG.add_fact() got an unexpected keyword argument 'content'
  ERROR 11875-2017-supremecourt-2017-11875-11875-2017-judgement-13-nov-2-8060bc.md: CausalDAG.add_fact() got an unexpected keyword argument 'content'
  ERROR 11876-2019-supremecourt-2019-11876-11876-2019-2-101-30675-judgem-be723a.md: CausalDAG.add_fact() got an unexpected keyword argument 'content'
  ERROR 11878-2003-jonew-judis-29394-1f8e83.md: CausalDAG.add_fact() got an unexpected keyword argument 'content'
  ERROR 11878-2006-jonew-judis-33378-c9b82b.md: CausalDAG.add_fact() got an unexpected keyword argument 'content'
  ERROR 1188-2020-supremecourt-2020-1188-1188-2020-7-1501-44711-judgemen-0104f8.md: CausalDAG.add_fact() got an unexpected keyword argument 'content'
  ERROR 11882-2002-jonew-judis-34829-3ed219.md: CausalDAG.add_fact() got an unexpected keyword argument 'content'
  ERROR 11883-2014-supremecourt-2014-11883-11883-2014-5-1501-14974-judge-c290ed.md: CausalDAG.add_fact() got an unexpected keyword argument 'content'
  ERROR 11886-2003-jonew-judis-34880-dea51a.md: CausalDAG.add_fact() got an unexpected keyword argument 'content'
  ERROR 11887-2001-jonew-judis-31090-b6093b.md: CausalDAG.add_fact() got an unexpected keyword argument 'content'
  ERROR 11887-2006-jonew-judis-32988-a37883.md: CausalDAG.add_fact() got an unexpected keyword argument 'content'
  ERROR 11888-2001-jonew-judis-20444-d4744e.md: CausalDAG.add_fact() got an unexpected keyword argument 'content'
  ERROR 11889-2006-jonew-judis-27872-6c8a5e.md: CausalDAG.add_fact() got an unexpected keyword argument 'content'
  ERROR 11889-2010-jonew-judis-38239-cc0932.md: CausalDAG.add_fact() got an unexpected keyword argument 'content'
  ERROR 11890-2000-jonew-judis-29366-d63f21.md: CausalDAG.add_fact() got an unexpected keyword argument 'content'
  ERROR 11891-2002-jonew-judis-31332-8edad5.md: CausalDAG.add_fact() got an unexpected keyword argument 'content'
  ERROR 11892-2003-jonew-judis-29593-29c7c6.md: CausalDAG.add_fact() got an unexpected keyword argument 'content'
  ERROR 11893-2005-jonew-judis-33037-99fb30.md: CausalDAG.add_fact() got an unexpected keyword argument 'content'
  ERROR 11894-1999-jonew-judis-17390-bbbb42.md: CausalDAG.add_fact() got an unexpected keyword argument 'content'
  ERROR 11898-2017-supremecourt-2017-11898-11898-2017-order-21-aug-2018-245972.md: CausalDAG.add_fact() got an unexpected keyword argument 'content'
  ERROR 11898-2017-supremecourt-2017-11898-11898-2017-order-22-feb-2018-a67e82.md: CausalDAG.add_fact() got an unexpected keyword argument 'content'
  ERROR 119-1955-jonew-judis-734-45a236.md: CausalDAG.add_fact() got an unexpected keyword argument 'content'
  ERROR 119-1956-jonew-judis-692-5f5e01.md: CausalDAG.add_fact() got an unexpected keyword argument 'content'
  ERROR 119-1958-jonew-judis-443-cd23c7.md: CausalDAG.add_fact() got an unexpected keyword argument 'content'
  ERROR 119-1959-jonew-judis-402-a86af3.md: CausalDAG.add_fact() got an unexpected keyword argument 'content'
  ERROR 119-1960-jonew-judis-3881-22db4d.md: CausalDAG.add_fact() got an unexpected keyword argument 'content'
  ERROR 119-1961-jonew-judis-3994-e00620.md: CausalDAG.add_fact() got an unexpected keyword argument 'content'
  ERROR 119-1962-jonew-judis-3349-3b0639.md: CausalDAG.add_fact() got an unexpected keyword argument 'content'
  ERROR 119-1963-jonew-judis-3412-ac8f31.md: CausalDAG.add_fact() got an unexpected keyword argument 'content'
  ERROR 119-1965-jonew-judis-2119-fe4bfe.md: CausalDAG.add_fact() got an unexpected keyword argument 'content'
  ERROR 119-1967-jonew-judis-2329-19339f.md: CausalDAG.add_fact() got an unexpected keyword argument 'content'
  ERROR 119-1996-jonew-judis-17313-ff2408.md: CausalDAG.add_fact() got an unexpected keyword argument 'content'
  ERROR 1190-1995-jonew-judis-16221-f36eab.md: CausalDAG.add_fact() got an unexpected keyword argument 'content'
  ERROR 1190-2005-jonew-judis-27143-7d206b.md: CausalDAG.add_fact() got an unexpected keyword argument 'content'
  ERROR 1190-2005-jonew-judis-27426-cef5ed.md: CausalDAG.add_fact() got an unexpected keyword argument 'content'
  ERROR 11900-1995-jonew-judis-16094-6d7018.md: CausalDAG.add_fact() got an unexpected keyword argument 'content'
  ERROR 11900-2010-jonew-judis-38867-c83c58.md: CausalDAG.add_fact() got an unexpected keyword argument 'content'
  ERROR 11900-2017-supremecourt-2017-2017-judgement-05-dec-2017-83139f.md: CausalDAG.add_fact() got an unexpected keyword argument 'content'
  ERROR 11901-1997-jonew-judis-13209-3f0815.md: CausalDAG.add_fact() got an unexpected keyword argument 'content'
  ERROR 11901-1997-jonew-judis-13214-400492.md: CausalDAG.add_fact() got an unexpected keyword argument 'content'
  ERROR 11902-1994-jonew-judis-18710-780c39.md: CausalDAG.add_fact() got an unexpected keyword argument 'content'
  ERROR 11902-2001-supremecourt-2001-11902-11902-2001-judgement-18-feb-2-d71562.md: CausalDAG.add_fact() got an unexpected keyword argument 'content'
  ERROR 11902-2007-jonew-judis-35494-56c162.md: CausalDAG.add_fact() got an unexpected keyword argument 'content'
  ERROR 11904-2001-jonew-judis-36122-ee24c2.md: CausalDAG.add_fact() got an unexpected keyword argument 'content'
  ERROR 11904-2009-jonew-judis-42049-115b20.md: CausalDAG.add_fact() got an unexpected keyword argument 'content'
  ERROR 11904-2010-jonew-judis-43088-bacd20.md: CausalDAG.add_fact() got an unexpected keyword argument 'content'
  ERROR 11905-1995-jonew-judis-10255-18c99d.md: CausalDAG.add_fact() got an unexpected keyword argument 'content'
  ERROR 11905-2010-jonew-judis-37216-2e1202.md: CausalDAG.add_fact() got an unexpected keyword argument 'content'
  ERROR 11906-2018-supremecourt-2018-11906-11906-2018-judgement-09-jul-2-f6b862.md: CausalDAG.add_fact() got an unexpected keyword argument 'content'
  ERROR 11907-2005-jonew-judis-29478-65dd1c.md: CausalDAG.add_fact() got an unexpected keyword argument 'content'
  ERROR 1191-2002-jonew-judis-41500-6dee2c.md: CausalDAG.add_fact() got an unexpected keyword argument 'content'
  ERROR 11911-2002-jonew-judis-19078-74ae2b.md: CausalDAG.add_fact() got an unexpected keyword argument 'content'
  ERROR 11911-2003-jonew-judis-33189-ea2d4e.md: CausalDAG.add_fact() got an unexpected keyword argument 'content'
  ERROR 11913-2015-supremecourt-2015-11913-11913-2015-38-1504-27432-judg-a780ef.md: CausalDAG.add_fact() got an unexpected keyword argument 'content'
  ERROR 11914-1994-jonew-judis-18245-bf5f96.md: CausalDAG.add_fact() got an unexpected keyword argument 'content'
  ERROR 11914-2003-jonew-judis-32406-69270a.md: CausalDAG.add_fact() got an unexpected keyword argument 'content'
  ERROR 11916-1998-jonew-judis-17710-f63d76.md: CausalDAG.add_fact() got an unexpected keyword argument 'content'
  ERROR 11919-2008-jonew-judis-35256-69088f.md: CausalDAG.add_fact() got an unexpected keyword argument 'content'
  ERROR 1192-2022-supremecourt-2022-1192-1192-2022-2-1-36098-judgement-2-0cce86.md: CausalDAG.add_fact() got an unexpected keyword argument 'content'
  ERROR 11920-2003-jonew-judis-40079-17568e.md: CausalDAG.add_fact() got an unexpected keyword argument 'content'
  ERROR 11920-2006-jonew-judis-31199-40e7ea.md: CausalDAG.add_fact() got an unexpected keyword argument 'content'
  ERROR 11922-2004-jonew-judis-27446-5100eb.md: CausalDAG.add_fact() got an unexpected keyword argument 'content'
  ERROR 11924-2022-supremecourt-2022-11924-11924-2022-1-1501-38499-judge-b1a2d1.md: CausalDAG.add_fact() got an unexpected keyword argument 'content'
  ERROR 11926-2006-jonew-judis-28815-b2e31c.md: CausalDAG.add_fact() got an unexpected keyword argument 'content'
  ERROR 11927-2009-jonew-judis-38154-0b1951.md: CausalDAG.add_fact() got an unexpected keyword argument 'content'
  ERROR 11927-2009-jonew-judis-38685-055c69.md: CausalDAG.add_fact() got an unexpected keyword argument 'content'
  ERROR 11929-2005-jonew-judis-30562-bb73b6.md: CausalDAG.add_fact() got an unexpected keyword argument 'content'
  ERROR 1193-1997-jonew-judis-14436-fbf4f7.md: CausalDAG.add_fact() got an unexpected keyword argument 'content'
  ERROR 11930-2003-jonew-judis-26305-f7a46b.md: CausalDAG.add_fact() got an unexpected keyword argument 'content'
  ERROR 11932-2022-supremecourt-2022-11932-11932-2022-1-1502-51616-judge-eccb21.md: CausalDAG.add_fact() got an unexpected keyword argument 'content'
  ERROR 11937-2005-jonew-judis-29631-a5e9fa.md: CausalDAG.add_fact() got an unexpected keyword argument 'content'
  ERROR 11938-1998-jonew-judis-12882-222750.md: CausalDAG.add_fact() got an unexpected keyword argument 'content'
  ERROR 11938-1998-jonew-judis-17059-7584f0.md: CausalDAG.add_fact() got an unexpected keyword argument 'content'
  ERROR 11938-2016-jonew-judis-44017-e16ef1.md: CausalDAG.add_fact() got an unexpected keyword argument 'content'
  ERROR 11939-2016-jonew-judis-44016-1ab30e.md: CausalDAG.add_fact() got an unexpected keyword argument 'content'
  ERROR 1194-1999-jonew-judis-26398-ff1b8f.md: CausalDAG.add_fact() got an unexpected keyword argument 'content'
  ERROR 11941-2006-jonew-judis-29064-1b532d.md: CausalDAG.add_fact() got an unexpected keyword argument 'content'
  ERROR 11941-2008-jonew-judis-37040-5aa530.md: CausalDAG.add_fact() got an unexpected keyword argument 'content'
  ERROR 11942-2000-jonew-judis-17977-bdcaed.md: CausalDAG.add_fact() got an unexpected keyword argument 'content'
  ERROR 11944-2002-jonew-judis-29841-3d57b0.md: CausalDAG.add_fact() got an unexpected keyword argument 'content'
  ERROR 11945-2001-jonew-judis-18061-b9f479.md: CausalDAG.add_fact() got an unexpected keyword argument 'content'
  ERROR 11945-2001-jonew-judis-18593-9758c5.md: CausalDAG.add_fact() got an unexpected keyword argument 'content'
  ERROR 11945-2009-jonew-judis-42450-732240.md: CausalDAG.add_fact() got an unexpected keyword argument 'content'
  ERROR 11948-2002-jonew-judis-26778-27fd34.md: CausalDAG.add_fact() got an unexpected keyword argument 'content'
  ERROR 11949-1998-jonew-judis-20361-f177ca.md: CausalDAG.add_fact() got an unexpected keyword argument 'content'
  ERROR 11949-2001-jonew-judis-36341-bf6f65.md: CausalDAG.add_fact() got an unexpected keyword argument 'content'
  ERROR 11950-2000-jonew-judis-18260-355ccb.md: CausalDAG.add_fact() got an unexpected keyword argument 'content'
  ERROR 11951-2005-jonew-judis-40230-80124d.md: CausalDAG.add_fact() got an unexpected keyword argument 'content'
  ERROR 11952-2000-jonew-judis-17521-2c92ff.md: CausalDAG.add_fact() got an unexpected keyword argument 'content'
  ERROR 11952-2007-jonew-judis-31997-8dec76.md: CausalDAG.add_fact() got an unexpected keyword argument 'content'
  ERROR 11952-2018-supremecourt-2018-11952-11952-2018-judgement-21-aug-2-243b3d.md: CausalDAG.add_fact() got an unexpected keyword argument 'content'
  ERROR 11953-2008-supremecourt-2008-11953-11953-2008-7-102-15055-judgem-c0fb63.md: CausalDAG.add_fact() got an unexpected keyword argument 'content'
  ERROR 11955-2007-supremecourt-2007-11955-11955-2007-13-1501-15083-judg-13d3ef.md: CausalDAG.add_fact() got an unexpected keyword argument 'content'
  ERROR 11956-2000-jonew-judis-17739-2faee3.md: CausalDAG.add_fact() got an unexpected keyword argument 'content'
  ERROR 11957-2000-jonew-judis-15010-791cee.md: CausalDAG.add_fact() got an unexpected keyword argument 'content'
  ERROR 11957-2000-jonew-judis-18153-52db77.md: CausalDAG.add_fact() got an unexpected keyword argument 'content'
  ERROR 11957-2005-jonew-judis-30220-14ebe3.md: CausalDAG.add_fact() got an unexpected keyword argument 'content'
  ERROR 11958-2018-supremecourt-2018-11958-11958-2018-judgement-14-aug-2-755bba.md: CausalDAG.add_fact() got an unexpected keyword argument 'content'
  ERROR 1196-2004-jonew-judis-30460-37d1a7.md: CausalDAG.add_fact() got an unexpected keyword argument 'content'
  ERROR 1196-2008-jonew-judis-39432-678e0b.md: CausalDAG.add_fact() got an unexpected keyword argument 'content'
  ERROR 1196-2009-jonew-judis-37605-6d7111.md: CausalDAG.add_fact() got an unexpected keyword argument 'content'
  ERROR 11961-2006-jonew-judis-34655-609132.md: CausalDAG.add_fact() got an unexpected keyword argument 'content'
  ERROR 11968-2012-jonew-judis-41218-54e384.md: CausalDAG.add_fact() got an unexpected keyword argument 'content'
  ERROR 1197-2009-jonew-judis-37978-b7cdf9.md: CausalDAG.add_fact() got an unexpected keyword argument 'content'
  ERROR 11970-2006-jonew-judis-28763-cd810b.md: CausalDAG.add_fact() got an unexpected keyword argument 'content'
  ERROR 11971-2000-jonew-judis-29480-c0103c.md: CausalDAG.add_fact() got an unexpected keyword argument 'content'
  ERROR 11971-2003-jonew-judis-27994-417e75.md: CausalDAG.add_fact() got an unexpected keyword argument 'content'
  ERROR 11971-2003-jonew-judis-28384-280619.md: CausalDAG.add_fact() got an unexpected keyword argument 'content'
  ERROR 11972-2000-jonew-judis-18051-86fd4c.md: CausalDAG.add_fact() got an unexpected keyword argument 'content'
  ERROR 11973-1995-jonew-judis-15874-35dd04.md: CausalDAG.add_fact() got an unexpected keyword argument 'content'
  ERROR 11973-2022-supremecourt-2022-11973-11973-2022-2-1501-44519-judge-dd8054.md: CausalDAG.add_fact() got an unexpected keyword argument 'content'
  ERROR 11974-2019-supremecourt-2019-11974-11974-2019-31-1501-27493-judg-96aa06.md: CausalDAG.add_fact() got an unexpected keyword argument 'content'
  ERROR 11975-2003-jonew-judis-39100-5ec546.md: CausalDAG.add_fact() got an unexpected keyword argument 'content'
  ERROR 11975-2024-supremecourt-2024-11975-11975-2024-3-1503-52841-judge-56c2a5.md: CausalDAG.add_fact() got an unexpected keyword argument 'content'
  ERROR 11978-2007-jonew-judis-31403-6cdfa8.md: CausalDAG.add_fact() got an unexpected keyword argument 'content'
  ERROR 11979-2018-supremecourt-2018-11979-11979-2018-13-3-31572-order-2-f222e3.md: CausalDAG.add_fact() got an unexpected keyword argument 'content'
  ERROR 1198-2010-jonew-judis-36283-c5e5f5.md: CausalDAG.add_fact() got an unexpected keyword argument 'content'
  ERROR 11980-2020-supremecourt-2020-11980-11980-2020-32-2-30535-judgeme-cc0eef.md: CausalDAG.add_fact() got an unexpected keyword argument 'content'
  ERROR 11982-2022-supremecourt-2022-11982-11982-2022-3-1503-55041-judge-4662a4.md: CausalDAG.add_fact() got an unexpected keyword argument 'content'
  ERROR 11983-1995-jonew-judis-17671-d1af17.md: CausalDAG.add_fact() got an unexpected keyword argument 'content'
  ERROR 11985-2002-jonew-judis-26770-1e1d5a.md: CausalDAG.add_fact() got an unexpected keyword argument 'content'
  ERROR 11987-1998-jonew-judis-26111-cb812e.md: CausalDAG.add_fact() got an unexpected keyword argument 'content'
  ERROR 11987-2002-jonew-judis-35692-2e56de.md: CausalDAG.add_fact() got an unexpected keyword argument 'content'
  ERROR 11992-2021-supremecourt-2021-11992-11992-2021-34-1501-30324-judg-363dbd.md: CausalDAG.add_fact() got an unexpected keyword argument 'content'
  ERROR 11993-2007-jonew-courtnic-rop-2007-11993-rop-866082-c06a39.md: CausalDAG.add_fact() got an unexpected keyword argument 'content'
  ERROR 11993-2007-supremecourt-2007-11993-11993-2007-judgement-16-feb-2-4d093f.md: CausalDAG.add_fact() got an unexpected keyword argument 'content'
  ERROR 11994-2006-jonew-judis-35190-6c0e01.md: CausalDAG.add_fact() got an unexpected keyword argument 'content'
  ERROR 11998-2011-jonew-judis-39973-e93cce.md: CausalDAG.add_fact() got an unexpected keyword argument 'content'
  ERROR 11998-2021-supremecourt-2021-11998-11998-2021-17-1502-44283-judg-5a429f.md: CausalDAG.add_fact() got an unexpected keyword argument 'content'
  ERROR 11999-2002-jonew-judis-29133-b53b98.md: CausalDAG.add_fact() got an unexpected keyword argument 'content'
  ERROR 12-1949-jonew-judis-1246-4624c3.md: CausalDAG.add_fact() got an unexpected keyword argument 'content'
  ERROR 12-1950-jonew-judis-1207-cce5d1.md: CausalDAG.add_fact() got an unexpected keyword argument 'content'
  ERROR 12-1951-jonew-judis-959-af5644.md: CausalDAG.add_fact() got an unexpected keyword argument 'content'
  ERROR 12-1952-jonew-judis-892-fba01d.md: CausalDAG.add_fact() got an unexpected keyword argument 'content'
  ERROR 12-1955-jonew-judis-99-479b2a.md: CausalDAG.add_fact() got an unexpected keyword argument 'content'
  ERROR 12-1956-jonew-judis-49-7a4d70.md: CausalDAG.add_fact() got an unexpected keyword argument 'content'
  ERROR 12-1958-jonew-judis-6-5d8284.md: CausalDAG.add_fact() got an unexpected keyword argument 'content'
  ERROR 12-1959-jonew-judis-11-e36592.md: CausalDAG.add_fact() got an unexpected keyword argument 'content'
  ERROR 12-1960-jonew-judis-9-365f68.md: CausalDAG.add_fact() got an unexpected keyword argument 'content'
  ERROR 12-1961-jonew-judis-3702-6bb4c4.md: CausalDAG.add_fact() got an unexpected keyword argument 'content'
  ERROR 12-1962-jonew-judis-3712-4242d5.md: CausalDAG.add_fact() got an unexpected keyword argument 'content'
  ERROR 12-1963-jonew-judis-3172-2b451e.md: CausalDAG.add_fact() got an unexpected keyword argument 'content'
  ERROR 12-1965-jonew-judis-2687-5be9d3.md: CausalDAG.add_fact() got an unexpected keyword argument 'content'
  ERROR 12-1967-jonew-judis-6709-af3d58.md: CausalDAG.add_fact() got an unexpected keyword argument 'content'
  ERROR 12-2019-supremecourt-2019-12-12-2019-9-1503-21076-judgement-02-m-f7ff37.md: CausalDAG.add_fact() got an unexpected keyword argument 'content'
  ERROR 120-1955-jonew-judis-736-db7a7a.md: CausalDAG.add_fact() got an unexpected keyword argument 'content'
  ERROR 120-1956-jonew-judis-694-ba21d1.md: CausalDAG.add_fact() got an unexpected keyword argument 'content'
  ERROR 120-1958-jonew-judis-452-de503b.md: CausalDAG.add_fact() got an unexpected keyword argument 'content'
  ERROR 120-1959-jonew-judis-403-e8b3fc.md: CausalDAG.add_fact() got an unexpected keyword argument 'content'
  ERROR 120-1960-jonew-judis-3882-07a6f4.md: CausalDAG.add_fact() got an unexpected keyword argument 'content'
  ERROR 120-1961-jonew-judis-3998-07ff66.md: CausalDAG.add_fact() got an unexpected keyword argument 'content'
  ERROR 120-1962-jonew-judis-3351-790c58.md: CausalDAG.add_fact() got an unexpected keyword argument 'content'
  ERROR 120-1963-jonew-judis-3414-cf36df.md: CausalDAG.add_fact() got an unexpected keyword argument 'content'
  ERROR 120-1965-jonew-judis-2120-9a1797.md: CausalDAG.add_fact() got an unexpected keyword argument 'content'
  ERROR 120-1967-jonew-judis-2335-30790e.md: CausalDAG.add_fact() got an unexpected keyword argument 'content'
  ERROR 120-2007-jonew-judis-36232-a12517.md: CausalDAG.add_fact() got an unexpected keyword argument 'content'
  ERROR 1200-2007-jonew-judis-30422-de4f3f.md: CausalDAG.add_fact() got an unexpected keyword argument 'content'
  ERROR 12000-2002-jonew-judis-31082-caabd4.md: CausalDAG.add_fact() got an unexpected keyword argument 'content'
  ERROR 12002-2017-supremecourt-2017-12002-12002-2017-judgement-07-nov-2-be6e6f.md: CausalDAG.add_fact() got an unexpected keyword argument 'content'
  ERROR 12005-2002-jonew-judis-26252-fbcf20.md: CausalDAG.add_fact() got an unexpected keyword argument 'content'
  ERROR 12006-2002-jonew-judis-31254-a9a715.md: CausalDAG.add_fact() got an unexpected keyword argument 'content'
  ERROR 12008-2018-supremecourt-2018-12008-12008-2018-judgement-18-may-2-74c2d7.md: CausalDAG.add_fact() got an unexpected keyword argument 'content'
  ERROR 1201-2003-jonew-judis-28112-d80c7d.md: CausalDAG.add_fact() got an unexpected keyword argument 'content'
  ERROR 12010-1999-jonew-judis-19172-473384.md: CausalDAG.add_fact() got an unexpected keyword argument 'content'
  ERROR 12012-2004-jonew-judis-41215-8e4f17.md: CausalDAG.add_fact() got an unexpected keyword argument 'content'
  ERROR 12012-2007-jonew-judis-43239-6dec50.md: CausalDAG.add_fact() got an unexpected keyword argument 'content'
  ERROR 12013-2000-jonew-judis-17564-f644bc.md: CausalDAG.add_fact() got an unexpected keyword argument 'content'
  ERROR 12018-2006-jonew-judis-30514-9c96cd.md: CausalDAG.add_fact() got an unexpected keyword argument 'content'
  ERROR 12020-2001-jonew-judis-25855-e733b2.md: CausalDAG.add_fact() got an unexpected keyword argument 'content'
  ERROR 12021-2006-jonew-judis-27779-782d32.md: CausalDAG.add_fact() got an unexpected keyword argument 'content'
  ERROR 12022-1995-jonew-judis-15957-649a06.md: CausalDAG.add_fact() got an unexpected keyword argument 'content'
  ERROR 12022-1997-jonew-judis-16539-d20ec0.md: CausalDAG.add_fact() got an unexpected keyword argument 'content'
  ERROR 12024-2021-supremecourt-2021-12024-12024-2021-11-1514-36266-judg-7fc195.md: CausalDAG.add_fact() got an unexpected keyword argument 'content'
  ERROR 12025-2004-jonew-judis-35446-c5214c.md: CausalDAG.add_fact() got an unexpected keyword argument 'content'
  ERROR 12025-2008-supremecourt-2008-12025-12025-2008-4-1501-44526-judge-983562.md: CausalDAG.add_fact() got an unexpected keyword argument 'content'
  ERROR 12025-2010-jonew-judis-39485-09fb6e.md: CausalDAG.add_fact() got an unexpected keyword argument 'content'
  ERROR 12026-1995-jonew-judis-15787-632679.md: CausalDAG.add_fact() got an unexpected keyword argument 'content'
  ERROR 12026-2007-jonew-judis-36875-f8a7d0.md: CausalDAG.add_fact() got an unexpected keyword argument 'content'
  ERROR 12027-1998-jonew-judis-16263-bcb6cd.md: CausalDAG.add_fact() got an unexpected keyword argument 'content'
  ERROR 12027-2004-jonew-judis-28411-56cd26.md: CausalDAG.add_fact() got an unexpected keyword argument 'content'
  ERROR 12028-2015-jonew-judis-44874-8c28b6.md: CausalDAG.add_fact() got an unexpected keyword argument 'content'
  ERROR 1203-2009-jonew-judis-34594-cad40b.md: CausalDAG.add_fact() got an unexpected keyword argument 'content'
  ERROR 1203-2016-supremecourt-2016-1203-1203-2016-37-1501-26892-judgeme-790215.md: CausalDAG.add_fact() got an unexpected keyword argument 'content'
  ERROR 1203-2019-supremecourt-2019-1203-1203-2019-4-1505-44146-judgemen-a65fad.md: CausalDAG.add_fact() got an unexpected keyword argument 'content'
  ERROR 12030-2012-jonew-judis-39291-bccf1d.md: CausalDAG.add_fact() got an unexpected keyword argument 'content'
  ERROR 12031-2003-jonew-judis-27112-33e5c0.md: CausalDAG.add_fact() got an unexpected keyword argument 'content'
  Batch 7: 3500/20531 docs, 0 facts, 3500 skipped, ETA 8.8m
  ERROR 12032-2002-jonew-judis-29338-cbc24d.md: CausalDAG.add_fact() got an unexpected keyword argument 'content'
  ERROR 12032-2006-jonew-judis-41288-c3c960.md: CausalDAG.add_fact() got an unexpected keyword argument 'content'
  ERROR 12033-2006-jonew-judis-28716-e0e51f.md: CausalDAG.add_fact() got an unexpected keyword argument 'content'
  ERROR 12033-2006-jonew-judis-28718-ef40ad.md: CausalDAG.add_fact() got an unexpected keyword argument 'content'
  ERROR 12035-1999-jonew-judis-17838-6aaecf.md: CausalDAG.add_fact() got an unexpected keyword argument 'content'
  ERROR 12037-2006-jonew-judis-35617-5ba54a.md: CausalDAG.add_fact() got an unexpected keyword argument 'content'
  ERROR 12038-2000-jonew-judis-18530-dae413.md: CausalDAG.add_fact() got an unexpected keyword argument 'content'
  ERROR 12038-2007-jonew-judis-31078-984446.md: CausalDAG.add_fact() got an unexpected keyword argument 'content'
  ERROR 1204-2001-jonew-judis-35606-670030.md: CausalDAG.add_fact() got an unexpected keyword argument 'content'
  ERROR 1204-2003-jonew-judis-27106-e05a43.md: CausalDAG.add_fact() got an unexpected keyword argument 'content'
  ERROR 1204-2006-jonew-judis-31025-28ac9f.md: CausalDAG.add_fact() got an unexpected keyword argument 'content'
  ERROR 12040-1998-jonew-judis-13010-ac5daf.md: CausalDAG.add_fact() got an unexpected keyword argument 'content'
  ERROR 12040-2006-jonew-judis-36615-aad65d.md: CausalDAG.add_fact() got an unexpected keyword argument 'content'
  ERROR 12040-2007-jonew-judis-34565-ded596.md: CausalDAG.add_fact() got an unexpected keyword argument 'content'
  ERROR 12043-2003-jonew-judis-28335-1bce98.md: CausalDAG.add_fact() got an unexpected keyword argument 'content'
  ERROR 12043-2005-jonew-judis-29508-78350e.md: CausalDAG.add_fact() got an unexpected keyword argument 'content'
  ERROR 12043-2012-jonew-judis-42100-d52157.md: CausalDAG.add_fact() got an unexpected keyword argument 'content'
  ERROR 12045-2000-jonew-judis-18346-41c0b2.md: CausalDAG.add_fact() got an unexpected keyword argument 'content'
  ERROR 12046-2003-jonew-judis-38757-8ec359.md: CausalDAG.add_fact() got an unexpected keyword argument 'content'
  ERROR 12048-2005-jonew-judis-28395-427dbd.md: CausalDAG.add_fact() got an unexpected keyword argument 'content'
  ERROR 12052-1998-jonew-judis-16298-8edbae.md: CausalDAG.add_fact() got an unexpected keyword argument 'content'
  ERROR 12054-2006-jonew-judis-29916-29773b.md: CausalDAG.add_fact() got an unexpected keyword argument 'content'
  ERROR 12056-2002-jonew-judis-28958-5ffec5.md: CausalDAG.add_fact() got an unexpected keyword argument 'content'
  ERROR 12061-2003-jonew-judis-27703-b7271c.md: CausalDAG.add_fact() got an unexpected keyword argument 'content'
  ERROR 12064-2002-jonew-judis-38590-e4385c.md: CausalDAG.add_fact() got an unexpected keyword argument 'content'
  ERROR 12064-2023-supremecourt-2023-12064-12064-2023-1-1501-56228-judge-a42f9d.md: CausalDAG.add_fact() got an unexpected keyword argument 'content'
  ERROR 12066-2001-jonew-judis-25906-2adb19.md: CausalDAG.add_fact() got an unexpected keyword argument 'content'
  ERROR 12066-2001-jonew-judis-25909-c43da6.md: CausalDAG.add_fact() got an unexpected keyword argument 'content'
  ERROR 12066-2001-jonew-judis-26715-d87bf7.md: CausalDAG.add_fact() got an unexpected keyword argument 'content'
  ERROR 12066-2002-jonew-judis-18879-9061ee.md: CausalDAG.add_fact() got an unexpected keyword argument 'content'
  ERROR 12066-2005-jonew-judis-39125-b74465.md: CausalDAG.add_fact() got an unexpected keyword argument 'content'
  ERROR 12067-2010-supremecourt-2010-12067-12067-2010-11-1501-47432-judg-688de0.md: CausalDAG.add_fact() got an unexpected keyword argument 'content'
  ERROR 12068-1999-jonew-judis-17475-4514f0.md: CausalDAG.add_fact() got an unexpected keyword argument 'content'
  ERROR 1207-2006-jonew-judis-38300-a5cdc4.md: CausalDAG.add_fact() got an unexpected keyword argument 'content'
  ERROR 1207-2016-supremecourt-2016-1207-1207-2016-judgement-05-feb-2019-e6fcb0.md: CausalDAG.add_fact() got an unexpected keyword argument 'content'
  ERROR 12070-2020-supremecourt-2020-12070-12070-2020-12-1501-35078-judg-46ab05.md: CausalDAG.add_fact() got an unexpected keyword argument 'content'
  ERROR 12071-2010-jonew-judis-37418-6b1c8f.md: CausalDAG.add_fact() got an unexpected keyword argument 'content'
  ERROR 12074-1998-jonew-judis-26193-374bf9.md: CausalDAG.add_fact() got an unexpected keyword argument 'content'
  ERROR 12077-2021-supremecourt-2021-12077-12077-2021-5-1502-35439-judge-8ee8eb.md: CausalDAG.add_fact() got an unexpected keyword argument 'content'
  ERROR 12078-2005-supremecourt-2005-12078-12078-2005-judgement-03-aug-2-673127.md: CausalDAG.add_fact() got an unexpected keyword argument 'content'
  ERROR 12078-2017-supremecourt-2017-12078-12078-2017-judgement-16-nov-2-f5fbc8.md: CausalDAG.add_fact() got an unexpected keyword argument 'content'
  ERROR 1208-1997-jonew-judis-25702-a21c65.md: CausalDAG.add_fact() got an unexpected keyword argument 'content'
  ERROR 12080-2000-jonew-judis-26344-912801.md: CausalDAG.add_fact() got an unexpected keyword argument 'content'
  ERROR 12080-2008-jonew-judis-33269-e51d91.md: CausalDAG.add_fact() got an unexpected keyword argument 'content'
  ERROR 12081-1994-jonew-judis-19340-6c9ace.md: CausalDAG.add_fact() got an unexpected keyword argument 'content'
  ERROR 12084-2005-jonew-judis-28317-a45057.md: CausalDAG.add_fact() got an unexpected keyword argument 'content'
  ERROR 12085-2003-jonew-judis-26121-768867.md: CausalDAG.add_fact() got an unexpected keyword argument 'content'
  ERROR 12085-2017-supremecourt-2017-12085-12085-2017-12-1501-47683-judg-47feeb.md: CausalDAG.add_fact() got an unexpected keyword argument 'content'
  ERROR 12086-2007-jonew-judis-35299-658b37.md: CausalDAG.add_fact() got an unexpected keyword argument 'content'
  ERROR 12087-2009-jonew-judis-35302-370112.md: CausalDAG.add_fact() got an unexpected keyword argument 'content'
  ERROR 1209-1998-jonew-judis-16528-3a9657.md: CausalDAG.add_fact() got an unexpected keyword argument 'content'
  ERROR 1209-2007-jonew-judis-30976-3a2060.md: CausalDAG.add_fact() got an unexpected keyword argument 'content'
  ERROR 1209-2012-jonew-judis-39782-29001a.md: CausalDAG.add_fact() got an unexpected keyword argument 'content'
  ERROR 1209-2012-jonew-judis-40391-e0334e.md: CausalDAG.add_fact() got an unexpected keyword argument 'content'
  ERROR 1209-2016-supremecourt-2016-1209-1209-2016-3-102-50618-judgement-0576dc.md: CausalDAG.add_fact() got an unexpected keyword argument 'content'
  ERROR 12090-2021-supremecourt-2021-12090-12090-2021-7-1501-49941-judge-43a5ce.md: CausalDAG.add_fact() got an unexpected keyword argument 'content'
  ERROR 12091-2015-jonew-judis-42865-4b5841.md: CausalDAG.add_fact() got an unexpected keyword argument 'content'
  ERROR 12093-2012-jonew-judis-43726-f89603.md: CausalDAG.add_fact() got an unexpected keyword argument 'content'
  ERROR 12096-2002-jonew-judis-26458-5b7265.md: CausalDAG.add_fact() got an unexpected keyword argument 'content'
  ERROR 12096-2008-jonew-judis-39893-a7b6f5.md: CausalDAG.add_fact() got an unexpected keyword argument 'content'
  ERROR 12097-2020-supremecourt-2020-12097-12097-2020-37-1502-28343-judg-b65499.md: CausalDAG.add_fact() got an unexpected keyword argument 'content'
  ERROR 12098-2002-jonew-judis-26461-db66bd.md: CausalDAG.add_fact() got an unexpected keyword argument 'content'
  ERROR 121-1955-jonew-judis-737-7431eb.md: CausalDAG.add_fact() got an unexpected keyword argument 'content'
  ERROR 121-1956-jonew-judis-703-0255ab.md: CausalDAG.add_fact() got an unexpected keyword argument 'content'
  ERROR 121-1958-jonew-judis-453-3882c6.md: CausalDAG.add_fact() got an unexpected keyword argument 'content'
  ERROR 121-1959-jonew-judis-404-fc2f57.md: CausalDAG.add_fact() got an unexpected keyword argument 'content'
  ERROR 121-1960-jonew-judis-3897-41a28e.md: CausalDAG.add_fact() got an unexpected keyword argument 'content'
  ERROR 121-1961-jonew-judis-4009-f20ed1.md: CausalDAG.add_fact() got an unexpected keyword argument 'content'
  ERROR 121-1962-jonew-judis-3354-f635f8.md: CausalDAG.add_fact() got an unexpected keyword argument 'content'
  ERROR 121-1963-jonew-judis-3417-20c16a.md: CausalDAG.add_fact() got an unexpected keyword argument 'content'
  ERROR 121-1965-jonew-judis-2121-16f6e6.md: CausalDAG.add_fact() got an unexpected keyword argument 'content'
  ERROR 121-1967-jonew-judis-2345-22607a.md: CausalDAG.add_fact() got an unexpected keyword argument 'content'
  ERROR 121-1995-jonew-judis-20705-9d293c.md: CausalDAG.add_fact() got an unexpected keyword argument 'content'
  ERROR 1210-2019-supremecourt-2019-1210-1210-2019-11-27-48848-judgement-5a327c.md: CausalDAG.add_fact() got an unexpected keyword argument 'content'
  ERROR 12100-1994-jonew-judis-12992-20e55b.md: CausalDAG.add_fact() got an unexpected keyword argument 'content'
  ERROR 12100-2002-jonew-judis-26460-aee64a.md: CausalDAG.add_fact() got an unexpected keyword argument 'content'
  ERROR 12101-2009-jonew-judis-39489-e9d24c.md: CausalDAG.add_fact() got an unexpected keyword argument 'content'
  ERROR 12102-2002-jonew-judis-26474-e387bd.md: CausalDAG.add_fact() got an unexpected keyword argument 'content'
  ERROR 12102-2005-jonew-judis-37488-fde000.md: CausalDAG.add_fact() got an unexpected keyword argument 'content'
  ERROR 12102-2010-jonew-judis-40426-d5daa4.md: CausalDAG.add_fact() got an unexpected keyword argument 'content'
  ERROR 12103-2002-jonew-judis-26465-fe0ce6.md: CausalDAG.add_fact() got an unexpected keyword argument 'content'
  ERROR 12104-2000-jonew-judis-18062-be7348.md: CausalDAG.add_fact() got an unexpected keyword argument 'content'
  ERROR 12104-2000-jonew-judis-18074-0e7f04.md: CausalDAG.add_fact() got an unexpected keyword argument 'content'
  ERROR 12104-2003-jonew-judis-26434-9bd41d.md: CausalDAG.add_fact() got an unexpected keyword argument 'content'
  ERROR 12104-2014-supremecourt-2014-12104-12104-2014-1-1501-38465-judge-17d5e4.md: CausalDAG.add_fact() got an unexpected keyword argument 'content'
  ERROR 12105-1994-jonew-judis-11090-d70f3b.md: CausalDAG.add_fact() got an unexpected keyword argument 'content'
  ERROR 12105-1995-jonew-judis-16236-163b20.md: CausalDAG.add_fact() got an unexpected keyword argument 'content'
  ERROR 12106-2022-supremecourt-2022-12106-12106-2022-7-1506-38707-judge-aad4d1.md: CausalDAG.add_fact() got an unexpected keyword argument 'content'
  ERROR 12109-1999-jonew-judis-17615-4c19af.md: CausalDAG.add_fact() got an unexpected keyword argument 'content'
  ERROR 1211-2012-jonew-judis-43740-678c8a.md: CausalDAG.add_fact() got an unexpected keyword argument 'content'
  ERROR 12111-2015-supremecourt-2015-12111-12111-2015-judgement-28-nov-2-cd31e2.md: CausalDAG.add_fact() got an unexpected keyword argument 'content'
  ERROR 12111-2020-supremecourt-2020-12111-12111-2020-34-1502-24918-judg-92a096.md: CausalDAG.add_fact() got an unexpected keyword argument 'content'
  ERROR 12112-2006-jonew-judis-36595-6a0c96.md: CausalDAG.add_fact() got an unexpected keyword argument 'content'
  ERROR 12113-1994-jonew-judis-15729-53d26a.md: CausalDAG.add_fact() got an unexpected keyword argument 'content'
  ERROR 12114-1994-jonew-judis-13859-3ad6eb.md: CausalDAG.add_fact() got an unexpected keyword argument 'content'
  ERROR 12114-2007-jonew-judis-32895-9f7a26.md: CausalDAG.add_fact() got an unexpected keyword argument 'content'
  ERROR 12114-2010-jonew-judis-38010-84de43.md: CausalDAG.add_fact() got an unexpected keyword argument 'content'
  ERROR 12115-2011-jonew-judis-38435-8b6660.md: CausalDAG.add_fact() got an unexpected keyword argument 'content'
  ERROR 12115-2022-supremecourt-2022-12115-12115-2022-8-1502-38066-judge-a8ad53.md: CausalDAG.add_fact() got an unexpected keyword argument 'content'
  ERROR 12116-2014-jonew-judis-42447-c40d03.md: CausalDAG.add_fact() got an unexpected keyword argument 'content'
  ERROR 12117-2008-supremecourt-2008-12117-12117-2008-judgement-13-dec-2-20a225.md: CausalDAG.add_fact() got an unexpected keyword argument 'content'
  ERROR 12118-2002-jonew-judis-38693-4b88e3.md: CausalDAG.add_fact() got an unexpected keyword argument 'content'
  ERROR 12119-2002-jonew-judis-35257-3449b7.md: CausalDAG.add_fact() got an unexpected keyword argument 'content'
  ERROR 12119-2006-jonew-judis-34796-5a62ef.md: CausalDAG.add_fact() got an unexpected keyword argument 'content'
  ERROR 1212-1998-jonew-judis-18140-565465.md: CausalDAG.add_fact() got an unexpected keyword argument 'content'
  ERROR 1212-2012-jonew-judis-39382-c18973.md: CausalDAG.add_fact() got an unexpected keyword argument 'content'
  ERROR 12121-2003-jonew-judis-29179-89959d.md: CausalDAG.add_fact() got an unexpected keyword argument 'content'
  ERROR 12122-2000-jonew-judis-31188-5ec7bb.md: CausalDAG.add_fact() got an unexpected keyword argument 'content'
  ERROR 12122-2008-jonew-judis-34580-197fb4.md: CausalDAG.add_fact() got an unexpected keyword argument 'content'
  ERROR 12123-2000-jonew-judis-17555-4861e2.md: CausalDAG.add_fact() got an unexpected keyword argument 'content'
  ERROR 12123-2002-jonew-judis-34765-231423.md: CausalDAG.add_fact() got an unexpected keyword argument 'content'
  ERROR 12124-2003-jonew-judis-27261-937ea8.md: CausalDAG.add_fact() got an unexpected keyword argument 'content'
  ERROR 12125-2000-jonew-judis-25726-07817f.md: CausalDAG.add_fact() got an unexpected keyword argument 'content'
  ERROR 12125-2011-jonew-judis-38625-a84591.md: CausalDAG.add_fact() got an unexpected keyword argument 'content'
  ERROR 12127-2003-jonew-judis-37009-155261.md: CausalDAG.add_fact() got an unexpected keyword argument 'content'
  ERROR 12127-2011-jonew-judis-41861-484419.md: CausalDAG.add_fact() got an unexpected keyword argument 'content'
  ERROR 12128-2019-supremecourt-2019-12128-12128-2019-4-1502-43425-judge-12228c.md: CausalDAG.add_fact() got an unexpected keyword argument 'content'
  ERROR 12131-2000-jonew-judis-31487-bdbe52.md: CausalDAG.add_fact() got an unexpected keyword argument 'content'
  ERROR 12135-2013-supremecourt-2013-12135-12135-2013-5-1501-15077-judge-085dad.md: CausalDAG.add_fact() got an unexpected keyword argument 'content'
  ERROR 12136-2008-jonew-judis-39527-f4f13f.md: CausalDAG.add_fact() got an unexpected keyword argument 'content'
  ERROR 12137-2000-jonew-judis-18015-369ed5.md: CausalDAG.add_fact() got an unexpected keyword argument 'content'
  ERROR 12140-1994-jonew-judis-13986-1b6823.md: CausalDAG.add_fact() got an unexpected keyword argument 'content'
  ERROR 12140-2000-jonew-judis-29332-018c57.md: CausalDAG.add_fact() got an unexpected keyword argument 'content'
  ERROR 12141-2006-jonew-judis-39984-994dbf.md: CausalDAG.add_fact() got an unexpected keyword argument 'content'
  ERROR 12141-2021-supremecourt-2021-12141-12141-2021-6-1502-36919-judge-0ce81c.md: CausalDAG.add_fact() got an unexpected keyword argument 'content'
  ERROR 12142-2006-jonew-judis-43665-66d922.md: CausalDAG.add_fact() got an unexpected keyword argument 'content'
  ERROR 12144-2006-jonew-judis-31517-12af74.md: CausalDAG.add_fact() got an unexpected keyword argument 'content'
  ERROR 12150-2012-supremecourt-2012-2012-judgement-19-jun-2017-e000c8.md: CausalDAG.add_fact() got an unexpected keyword argument 'content'
  ERROR 12153-2006-jonew-judis-38044-39bb8f.md: CausalDAG.add_fact() got an unexpected keyword argument 'content'
  ERROR 12153-2009-supremecourt-2009-12153-12153-2009-42-1501-29965-judg-f69ba0.md: CausalDAG.add_fact() got an unexpected keyword argument 'content'
  ERROR 12154-1997-jonew-judis-16736-8901a3.md: CausalDAG.add_fact() got an unexpected keyword argument 'content'
  ERROR 12154-1998-jonew-judis-16684-017bba.md: CausalDAG.add_fact() got an unexpected keyword argument 'content'
  ERROR 12154-2013-jonew-judis-42381-e28e44.md: CausalDAG.add_fact() got an unexpected keyword argument 'content'
  ERROR 12155-2003-jonew-judis-39767-595968.md: CausalDAG.add_fact() got an unexpected keyword argument 'content'
  ERROR 12155-2013-jonew-judis-41106-54529e.md: CausalDAG.add_fact() got an unexpected keyword argument 'content'
  ERROR 12158-2003-jonew-judis-27962-298261.md: CausalDAG.add_fact() got an unexpected keyword argument 'content'
  ERROR 12158-2007-jonew-judis-41908-cae441.md: CausalDAG.add_fact() got an unexpected keyword argument 'content'
  ERROR 12158-2015-supremecourt-2015-12158-12158-2015-13-20-16305-order-6be737.md: CausalDAG.add_fact() got an unexpected keyword argument 'content'
  ERROR 1216-2016-supremecourt-2016-1216-1216-2016-3-1501-44624-judgemen-427dd0.md: CausalDAG.add_fact() got an unexpected keyword argument 'content'
  ERROR 1216-2016-supremecourt-2016-1216-1216-2016-judgement-02-feb-2018-f07518.md: CausalDAG.add_fact() got an unexpected keyword argument 'content'
  ERROR 12161-2005-jonew-judis-32799-81edd0.md: CausalDAG.add_fact() got an unexpected keyword argument 'content'
  ERROR 12162-2019-supremecourt-2019-12162-12162-2019-8-1503-49160-judge-7f973f.md: CausalDAG.add_fact() got an unexpected keyword argument 'content'
  ERROR 12165-1997-jonew-judis-12954-33e85a.md: CausalDAG.add_fact() got an unexpected keyword argument 'content'
  ERROR 12165-1998-jonew-judis-16313-df8ac1.md: CausalDAG.add_fact() got an unexpected keyword argument 'content'
  ERROR 12165-2021-supremecourt-2021-12165-12165-2021-33-1502-28957-judg-763a52.md: CausalDAG.add_fact() got an unexpected keyword argument 'content'
  ERROR 12171-2007-jonew-judis-31492-51d989.md: CausalDAG.add_fact() got an unexpected keyword argument 'content'
  ERROR 12173-1995-jonew-judis-17493-4d5495.md: CausalDAG.add_fact() got an unexpected keyword argument 'content'
  ERROR 12173-2006-jonew-judis-29463-38470e.md: CausalDAG.add_fact() got an unexpected keyword argument 'content'
  ERROR 12175-2001-jonew-judis-26188-550b54.md: CausalDAG.add_fact() got an unexpected keyword argument 'content'
  ERROR 12177-2021-supremecourt-2021-12177-12177-2021-5-1502-30153-judge-ecc23c.md: CausalDAG.add_fact() got an unexpected keyword argument 'content'
  ERROR 12178-1995-jonew-judis-10189-f63b29.md: CausalDAG.add_fact() got an unexpected keyword argument 'content'
  ERROR 12178-2001-jonew-judis-29158-c6f5d8.md: CausalDAG.add_fact() got an unexpected keyword argument 'content'
  ERROR 1218-jonew-judis-15903-1bf178.md: CausalDAG.add_fact() got an unexpected keyword argument 'content'
  ERROR 12182-2008-jonew-judis-42206-a58388.md: CausalDAG.add_fact() got an unexpected keyword argument 'content'
  ERROR 12182-2020-supremecourt-2020-12182-12182-2020-8-1501-40528-judge-15a517.md: CausalDAG.add_fact() got an unexpected keyword argument 'content'
  ERROR 12183-1999-jonew-judis-20275-dbd51f.md: CausalDAG.add_fact() got an unexpected keyword argument 'content'
  ERROR 12183-2006-jonew-judis-34361-e353d1.md: CausalDAG.add_fact() got an unexpected keyword argument 'content'
  ERROR 12185-2010-jonew-judis-44536-a8ae25.md: CausalDAG.add_fact() got an unexpected keyword argument 'content'
  ERROR 12186-2004-jonew-judis-42623-86e65d.md: CausalDAG.add_fact() got an unexpected keyword argument 'content'
  ERROR 12187-1998-jonew-judis-26117-485f8c.md: CausalDAG.add_fact() got an unexpected keyword argument 'content'
  ERROR 12188-2007-jonew-judis-30959-1f7620.md: CausalDAG.add_fact() got an unexpected keyword argument 'content'
  ERROR 12188-2010-jonew-judis-38112-703623.md: CausalDAG.add_fact() got an unexpected keyword argument 'content'
  ERROR 12188-2018-supremecourt-2018-12188-12188-2018-judgement-05-mar-2-d150a4.md: CausalDAG.add_fact() got an unexpected keyword argument 'content'
  ERROR 1219-2020-supremecourt-2020-1219-1219-2020-2-40-38577-judgement-caf132.md: CausalDAG.add_fact() got an unexpected keyword argument 'content'
  ERROR 12192-2007-jonew-judis-36521-8a3788.md: CausalDAG.add_fact() got an unexpected keyword argument 'content'
  ERROR 12193-2003-jonew-judis-29469-267b05.md: CausalDAG.add_fact() got an unexpected keyword argument 'content'
  ERROR 12193-2006-supremecourt-2006-12193-12193-2006-9-1506-58088-judge-d4e0f7.md: CausalDAG.add_fact() got an unexpected keyword argument 'content'
  ERROR 12193-2016-supremecourt-2016-12193-12193-2016-judgement-14-sep-2-fa6bff.md: CausalDAG.add_fact() got an unexpected keyword argument 'content'
  ERROR 12197-2003-jonew-judis-38058-fb4a8a.md: CausalDAG.add_fact() got an unexpected keyword argument 'content'
  ERROR 12198-2007-jonew-judis-31534-bd9a47.md: CausalDAG.add_fact() got an unexpected keyword argument 'content'
  ERROR 12199-2020-supremecourt-2020-12199-12199-2020-13-1503-53326-judg-3b0895.md: CausalDAG.add_fact() got an unexpected keyword argument 'content'
  ERROR 122-1955-jonew-judis-739-d84788.md: CausalDAG.add_fact() got an unexpected keyword argument 'content'
  ERROR 122-1956-jonew-judis-697-76f122.md: CausalDAG.add_fact() got an unexpected keyword argument 'content'
  ERROR 122-1958-jonew-judis-454-48ae51.md: CausalDAG.add_fact() got an unexpected keyword argument 'content'
  ERROR 122-1959-jonew-judis-411-15489d.md: CausalDAG.add_fact() got an unexpected keyword argument 'content'
  ERROR 122-1960-jonew-judis-3901-98ada7.md: CausalDAG.add_fact() got an unexpected keyword argument 'content'
  ERROR 122-1961-jonew-judis-4010-e0c72e.md: CausalDAG.add_fact() got an unexpected keyword argument 'content'
  ERROR 122-1962-jonew-judis-3355-e053e1.md: CausalDAG.add_fact() got an unexpected keyword argument 'content'
  ERROR 122-1963-jonew-judis-3419-6f5d39.md: CausalDAG.add_fact() got an unexpected keyword argument 'content'
  ERROR 122-1965-jonew-judis-2122-c62c19.md: CausalDAG.add_fact() got an unexpected keyword argument 'content'
  ERROR 122-1967-jonew-judis-2352-3b5e8f.md: CausalDAG.add_fact() got an unexpected keyword argument 'content'
  ERROR 122-1995-jonew-judis-15728-7a3552.md: CausalDAG.add_fact() got an unexpected keyword argument 'content'
  ERROR 12200-2020-supremecourt-2020-12200-12200-2020-31-301-27757-judge-285178.md: CausalDAG.add_fact() got an unexpected keyword argument 'content'
  ERROR 12203-2005-jonew-judis-29609-390f8b.md: CausalDAG.add_fact() got an unexpected keyword argument 'content'
  ERROR 12203-2007-supremecourt-2007-12203-12203-2007-judgement-25-jan-2-a8211a.md: CausalDAG.add_fact() got an unexpected keyword argument 'content'
  ERROR 12204-1999-jonew-judis-29377-ce84ad.md: CausalDAG.add_fact() got an unexpected keyword argument 'content'
  ERROR 12205-2017-supremecourt-2017-2017-judgement-05-dec-2017-fc8f37.md: CausalDAG.add_fact() got an unexpected keyword argument 'content'
  ERROR 12209-2010-jonew-judis-42167-4c9794.md: CausalDAG.add_fact() got an unexpected keyword argument 'content'
  ERROR 12210-1993-jonew-judis-14129-9a2244.md: CausalDAG.add_fact() got an unexpected keyword argument 'content'
  ERROR 12212-2003-jonew-judis-26254-593975.md: CausalDAG.add_fact() got an unexpected keyword argument 'content'
  ERROR 12213-1995-jonew-judis-14589-0848b3.md: CausalDAG.add_fact() got an unexpected keyword argument 'content'
  ERROR 12215-1995-jonew-judis-15498-10f3b0.md: CausalDAG.add_fact() got an unexpected keyword argument 'content'
  ERROR 12215-2008-jonew-judis-37613-6d9933.md: CausalDAG.add_fact() got an unexpected keyword argument 'content'
  ERROR 12217-2004-jonew-judis-26449-77a96a.md: CausalDAG.add_fact() got an unexpected keyword argument 'content'
  ERROR 12217-2011-supremecourt-2011-12217-12217-2011-34-1501-28052-judg-c7c8e7.md: CausalDAG.add_fact() got an unexpected keyword argument 'content'
  ERROR 12218-2006-jonew-judis-28894-639f65.md: CausalDAG.add_fact() got an unexpected keyword argument 'content'
  ERROR 12220-2000-jonew-judis-18271-3d02db.md: CausalDAG.add_fact() got an unexpected keyword argument 'content'
  ERROR 12220-2000-jonew-judis-18872-20e9a6.md: CausalDAG.add_fact() got an unexpected keyword argument 'content'
  ERROR 12222-2000-jonew-judis-18272-2bcbda.md: CausalDAG.add_fact() got an unexpected keyword argument 'content'
  ERROR 12223-2004-jonew-judis-26450-cff0e9.md: CausalDAG.add_fact() got an unexpected keyword argument 'content'
  ERROR 12224-2021-supremecourt-2021-12224-12224-2021-3-1501-36716-judge-c3dc4c.md: CausalDAG.add_fact() got an unexpected keyword argument 'content'
  ERROR 12225-1994-jonew-judis-14790-106060.md: CausalDAG.add_fact() got an unexpected keyword argument 'content'
  ERROR 12226-2021-supremecourt-2021-12226-12226-2021-35-1504-29713-judg-3cce93.md: CausalDAG.add_fact() got an unexpected keyword argument 'content'
  ERROR 12228-2021-supremecourt-2021-12228-12228-2021-40-1501-28636-judg-e4b0ea.md: CausalDAG.add_fact() got an unexpected keyword argument 'content'
  ERROR 1223-2014-jonew-judis-42484-213016.md: CausalDAG.add_fact() got an unexpected keyword argument 'content'
  ERROR 12231-2001-jonew-judis-18360-3c77a2.md: CausalDAG.add_fact() got an unexpected keyword argument 'content'
  ERROR 12232-2008-supremecourt-2008-12232-12232-2008-judgement-24-jan-2-b4845f.md: CausalDAG.add_fact() got an unexpected keyword argument 'content'
  ERROR 12234-1998-jonew-judis-26519-82b9ce.md: CausalDAG.add_fact() got an unexpected keyword argument 'content'
  ERROR 12234-2002-jonew-judis-34166-22626b.md: CausalDAG.add_fact() got an unexpected keyword argument 'content'
  ERROR 12234-2016-jonew-judis-43898-2b4f07.md: CausalDAG.add_fact() got an unexpected keyword argument 'content'
  ERROR 12236-1998-jonew-judis-26164-538a41.md: CausalDAG.add_fact() got an unexpected keyword argument 'content'
  ERROR 12238-2006-jonew-judis-31287-38977d.md: CausalDAG.add_fact() got an unexpected keyword argument 'content'
  ERROR 12239-2022-supremecourt-2022-12239-12239-2022-2-1501-57147-judge-d6cf38.md: CausalDAG.add_fact() got an unexpected keyword argument 'content'
  ERROR 1224-2015-jonew-judis-43533-c7e93e.md: CausalDAG.add_fact() got an unexpected keyword argument 'content'
  ERROR 12240-2006-jonew-judis-32694-c8db18.md: CausalDAG.add_fact() got an unexpected keyword argument 'content'
  ERROR 12240-2017-supremecourt-2017-12240-12240-2017-7-103-45644-judgem-c6bfc5.md: CausalDAG.add_fact() got an unexpected keyword argument 'content'
  ERROR 12241-2006-jonew-judis-36890-1a59ae.md: CausalDAG.add_fact() got an unexpected keyword argument 'content'
  ERROR 12242-1998-jonew-judis-26900-06043a.md: CausalDAG.add_fact() got an unexpected keyword argument 'content'
  ERROR 12242-2013-supremecourt-2013-12242-12242-2013-7-1501-31926-judge-0be144.md: CausalDAG.add_fact() got an unexpected keyword argument 'content'
  ERROR 12242-2015-supremecourt-2015-12242-12242-2015-11-1501-16098-judg-190a5a.md: CausalDAG.add_fact() got an unexpected keyword argument 'content'
  ERROR 12243-1994-jonew-judis-10672-be5f8d.md: CausalDAG.add_fact() got an unexpected keyword argument 'content'
  ERROR 12243-2018-supremecourt-2018-12243-12243-2018-4-1501-17234-judge-8779f2.md: CausalDAG.add_fact() got an unexpected keyword argument 'content'
  ERROR 12245-2003-jonew-judis-38168-841026.md: CausalDAG.add_fact() got an unexpected keyword argument 'content'
  ERROR 12246-2003-jonew-judis-40649-8b3cf8.md: CausalDAG.add_fact() got an unexpected keyword argument 'content'
  ERROR 12246-2008-supremecourt-2008-12246-12246-2008-6-1501-43593-judge-7df706.md: CausalDAG.add_fact() got an unexpected keyword argument 'content'
  ERROR 12246-2021-supremecourt-2021-12246-12246-2021-36-1501-30124-judg-baed2d.md: CausalDAG.add_fact() got an unexpected keyword argument 'content'
  ERROR 12247-2010-jonew-judis-36828-25ee6e.md: CausalDAG.add_fact() got an unexpected keyword argument 'content'
  ERROR 12247-2019-supremecourt-2019-12247-12247-2019-8-1501-16096-judge-1040a6.md: CausalDAG.add_fact() got an unexpected keyword argument 'content'
  ERROR 12248-1998-jonew-judis-26249-9a461a.md: CausalDAG.add_fact() got an unexpected keyword argument 'content'
  ERROR 1225-2010-jonew-judis-40492-8d3e99.md: CausalDAG.add_fact() got an unexpected keyword argument 'content'
  ERROR 12250-2001-jonew-judis-18568-17c9c7.md: CausalDAG.add_fact() got an unexpected keyword argument 'content'
  ERROR 12250-2006-jonew-judis-36742-2e4571.md: CausalDAG.add_fact() got an unexpected keyword argument 'content'
  ERROR 12251-2012-supremecourt-2012-12251-12251-2012-36-1501-28108-judg-34db36.md: CausalDAG.add_fact() got an unexpected keyword argument 'content'
  ERROR 12252-1997-jonew-judis-13281-0f33f0.md: CausalDAG.add_fact() got an unexpected keyword argument 'content'
  ERROR 12252-1997-jonew-judis-30319-f41747.md: CausalDAG.add_fact() got an unexpected keyword argument 'content'
  ERROR 12252-1998-jonew-judis-18070-1b5065.md: CausalDAG.add_fact() got an unexpected keyword argument 'content'
  ERROR 12252-1998-jonew-judis-30293-3092ae.md: CausalDAG.add_fact() got an unexpected keyword argument 'content'
  ERROR 12252-2010-jonew-judis-37748-87f1e2.md: CausalDAG.add_fact() got an unexpected keyword argument 'content'
  ERROR 12253-2019-supremecourt-2019-12253-12253-2019-31-1501-32744-judg-8d2cbb.md: CausalDAG.add_fact() got an unexpected keyword argument 'content'
  ERROR 12254-2006-jonew-judis-34115-b6e9a2.md: CausalDAG.add_fact() got an unexpected keyword argument 'content'
  ERROR 12254-2009-jonew-judis-35570-45f6a1.md: CausalDAG.add_fact() got an unexpected keyword argument 'content'
  ERROR 12254-2012-jonew-judis-39750-18bffe.md: CausalDAG.add_fact() got an unexpected keyword argument 'content'
  ERROR 12255-1997-jonew-judis-27059-ecfd07.md: CausalDAG.add_fact() got an unexpected keyword argument 'content'
  ERROR 12257-2005-jonew-judis-29752-a7407a.md: CausalDAG.add_fact() got an unexpected keyword argument 'content'
  ERROR 1226-2001-jonew-judis-19045-8abef8.md: CausalDAG.add_fact() got an unexpected keyword argument 'content'
  ERROR 1226-2001-jonew-judis-19106-3b29fd.md: CausalDAG.add_fact() got an unexpected keyword argument 'content'
  ERROR 1226-2015-jonew-judis-44545-37e843.md: CausalDAG.add_fact() got an unexpected keyword argument 'content'
  ERROR 1226-2020-supremecourt-2020-1226-1226-2020-33-1501-24054-judgeme-9beda3.md: CausalDAG.add_fact() got an unexpected keyword argument 'content'
  ERROR 12260-1995-jonew-judis-15977-ff9244.md: CausalDAG.add_fact() got an unexpected keyword argument 'content'
  ERROR 12260-2024-supremecourt-2024-12260-12260-2024-16-1501-57595-judg-feecf9.md: CausalDAG.add_fact() got an unexpected keyword argument 'content'
  ERROR 12262-2013-supremecourt-2013-12262-12262-2013-12-1501-32116-judg-0fe7d2.md: CausalDAG.add_fact() got an unexpected keyword argument 'content'
  ERROR 12264-2009-jonew-judis-43203-e3cd13.md: CausalDAG.add_fact() got an unexpected keyword argument 'content'
  ERROR 12265-2022-supremecourt-2022-12265-12265-2022-4-41-35438-judgeme-fc46f3.md: CausalDAG.add_fact() got an unexpected keyword argument 'content'
  ERROR 12266-2004-jonew-judis-27182-68b6b2.md: CausalDAG.add_fact() got an unexpected keyword argument 'content'
  ERROR 12269-2003-supremecourt-2003-12269-12269-2003-judgement-14-dec-2-4aeee5.md: CausalDAG.add_fact() got an unexpected keyword argument 'content'
  ERROR 12269-2003-supremecourt-2003-12269-12269-2003-judgement-22-sep-2-b2c9c6.md: CausalDAG.add_fact() got an unexpected keyword argument 'content'
  ERROR 1227-2006-jonew-judis-35144-25f3d6.md: CausalDAG.add_fact() got an unexpected keyword argument 'content'
  ERROR 12272-2007-jonew-judis-30141-e46920.md: CausalDAG.add_fact() got an unexpected keyword argument 'content'
  ERROR 12273-2020-supremecourt-2020-12273-12273-2020-34-1502-24598-judg-286e60.md: CausalDAG.add_fact() got an unexpected keyword argument 'content'
  ERROR 12274-2007-jonew-judis-30059-66840c.md: CausalDAG.add_fact() got an unexpected keyword argument 'content'
  ERROR 12277-1999-jonew-judis-16563-04ce23.md: CausalDAG.add_fact() got an unexpected keyword argument 'content'
  ERROR 12277-2001-jonew-judis-29725-ae7bab.md: CausalDAG.add_fact() got an unexpected keyword argument 'content'
  ERROR 12279-2007-jonew-judis-32365-3c97e4.md: CausalDAG.add_fact() got an unexpected keyword argument 'content'
  ERROR 12281-1994-jonew-judis-10213-ea9b12.md: CausalDAG.add_fact() got an unexpected keyword argument 'content'
  ERROR 12282-2010-supremecourt-2010-12282-12282-2010-1-1501-57487-judge-82c0fe.md: CausalDAG.add_fact() got an unexpected keyword argument 'content'
  ERROR 12283-2000-jonew-judis-31572-0adf77.md: CausalDAG.add_fact() got an unexpected keyword argument 'content'
  ERROR 12283-2005-jonew-judis-36454-207c60.md: CausalDAG.add_fact() got an unexpected keyword argument 'content'
  ERROR 12283-2019-supremecourt-2019-12283-12283-2019-16-1502-43346-judg-f04365.md: CausalDAG.add_fact() got an unexpected keyword argument 'content'
  ERROR 12284-2016-supremecourt-2016-12284-12284-2016-6-14-15566-judgeme-90c952.md: CausalDAG.add_fact() got an unexpected keyword argument 'content'
  ERROR 12289-2006-jonew-judis-31322-6fdac8.md: CausalDAG.add_fact() got an unexpected keyword argument 'content'
  ERROR 12289-2010-supremecourt-2010-12289-12289-2010-3-1501-54683-judge-98b3e3.md: CausalDAG.add_fact() got an unexpected keyword argument 'content'
  ERROR 1229-2006-jonew-judis-36079-8bb22d.md: CausalDAG.add_fact() got an unexpected keyword argument 'content'
  ERROR 12290-1998-jonew-judis-26414-b031c4.md: CausalDAG.add_fact() got an unexpected keyword argument 'content'
  ERROR 12290-2006-jonew-judis-30031-d7d65c.md: CausalDAG.add_fact() got an unexpected keyword argument 'content'
  ERROR 12292-2005-jonew-judis-29666-810945.md: CausalDAG.add_fact() got an unexpected keyword argument 'content'
  ERROR 12294-2001-jonew-judis-30567-868377.md: CausalDAG.add_fact() got an unexpected keyword argument 'content'
  ERROR 12294-2002-jonew-judis-20757-5d0804.md: CausalDAG.add_fact() got an unexpected keyword argument 'content'
  ERROR 12294-2004-jonew-judis-27958-504cc5.md: CausalDAG.add_fact() got an unexpected keyword argument 'content'
  ERROR 12296-2006-jonew-judis-29602-ae05df.md: CausalDAG.add_fact() got an unexpected keyword argument 'content'
  ERROR 12297-2000-jonew-judis-18755-b6516a.md: CausalDAG.add_fact() got an unexpected keyword argument 'content'
  ERROR 12298-1995-jonew-judis-16371-95d1b6.md: CausalDAG.add_fact() got an unexpected keyword argument 'content'
  ERROR 123-1955-jonew-judis-742-9ac5c5.md: CausalDAG.add_fact() got an unexpected keyword argument 'content'
  ERROR 123-1956-jonew-judis-698-676918.md: CausalDAG.add_fact() got an unexpected keyword argument 'content'
  ERROR 123-1958-jonew-judis-462-e5c478.md: CausalDAG.add_fact() got an unexpected keyword argument 'content'
  ERROR 123-1959-jonew-judis-670-30d9e7.md: CausalDAG.add_fact() got an unexpected keyword argument 'content'
  ERROR 123-1960-jonew-judis-3902-11dab2.md: CausalDAG.add_fact() got an unexpected keyword argument 'content'
  ERROR 123-1961-jonew-judis-4012-ce9737.md: CausalDAG.add_fact() got an unexpected keyword argument 'content'
  ERROR 123-1962-jonew-judis-3359-acce9e.md: CausalDAG.add_fact() got an unexpected keyword argument 'content'
  ERROR 123-1963-jonew-judis-3421-0fd1c5.md: CausalDAG.add_fact() got an unexpected keyword argument 'content'
  ERROR 123-1965-jonew-judis-2123-8b0868.md: CausalDAG.add_fact() got an unexpected keyword argument 'content'
  ERROR 123-1967-jonew-judis-2373-ea3791.md: CausalDAG.add_fact() got an unexpected keyword argument 'content'
  ERROR 123-2005-jonew-judis-31360-5ee38b.md: CausalDAG.add_fact() got an unexpected keyword argument 'content'
  ERROR 123-2012-jonew-judis-39759-996409.md: CausalDAG.add_fact() got an unexpected keyword argument 'content'
  ERROR 1230-2017-jonew-courtnic-rop-2017-1230-rop-886219-f18d2d.md: CausalDAG.add_fact() got an unexpected keyword argument 'content'
  ERROR 12301-2015-supremecourt-2015-12301-12301-2015-12-1502-35291-judg-8cdb15.md: CausalDAG.add_fact() got an unexpected keyword argument 'content'
  ERROR 12302-2014-jonew-judis-42258-d31f4d.md: CausalDAG.add_fact() got an unexpected keyword argument 'content'
  ERROR 12302-2016-supremecourt-2016-12302-12302-2016-1-1501-20033-judge-ba012f.md: CausalDAG.add_fact() got an unexpected keyword argument 'content'
  ERROR 12305-2009-jonew-judis-40354-a9f8ac.md: CausalDAG.add_fact() got an unexpected keyword argument 'content'
  ERROR 12305-2011-jonew-judis-39025-ff8e05.md: CausalDAG.add_fact() got an unexpected keyword argument 'content'
  ERROR 12307-2002-jonew-judis-20655-f84b6d.md: CausalDAG.add_fact() got an unexpected keyword argument 'content'
  ERROR 12308-2021-supremecourt-2021-12308-12308-2021-34-13-32909-judgem-231758.md: CausalDAG.add_fact() got an unexpected keyword argument 'content'
  ERROR 12309-2006-jonew-judis-35527-0ad4eb.md: CausalDAG.add_fact() got an unexpected keyword argument 'content'
  ERROR 1231-2007-jonew-judis-38581-7815d9.md: CausalDAG.add_fact() got an unexpected keyword argument 'content'
  ERROR 1231-2012-jonew-judis-41090-168125.md: CausalDAG.add_fact() got an unexpected keyword argument 'content'
  ERROR 12313-2001-jonew-judis-39005-d8f4a9.md: CausalDAG.add_fact() got an unexpected keyword argument 'content'
  ERROR 12313-2007-jonew-judis-31055-36553f.md: CausalDAG.add_fact() got an unexpected keyword argument 'content'
  ERROR 12314-1994-jonew-judis-14801-c1c12f.md: CausalDAG.add_fact() got an unexpected keyword argument 'content'
  ERROR 1232-2021-supremecourt-2021-1232-1232-2021-44-1501-31403-judgeme-993a3d.md: CausalDAG.add_fact() got an unexpected keyword argument 'content'
  ERROR 12321-2005-jonew-judis-31195-414626.md: CausalDAG.add_fact() got an unexpected keyword argument 'content'
  ERROR 12322-1995-jonew-judis-14427-5a7dba.md: CausalDAG.add_fact() got an unexpected keyword argument 'content'
  ERROR 12322-2016-jonew-judis-43590-17528f.md: CausalDAG.add_fact() got an unexpected keyword argument 'content'
  ERROR 12324-1994-jonew-judis-10815-f9f51a.md: CausalDAG.add_fact() got an unexpected keyword argument 'content'
  ERROR 12324-2007-jonew-judis-35882-0d19ee.md: CausalDAG.add_fact() got an unexpected keyword argument 'content'
  ERROR 12325-2022-supremecourt-2022-12325-12325-2022-6-1507-39466-judge-052af9.md: CausalDAG.add_fact() got an unexpected keyword argument 'content'
  ERROR 12327-1998-jonew-judis-18287-ec0b0c.md: CausalDAG.add_fact() got an unexpected keyword argument 'content'
  ERROR 12329-2008-jonew-judis-33565-611e9d.md: CausalDAG.add_fact() got an unexpected keyword argument 'content'
  ERROR 1233-2018-supremecourt-2018-1233-1233-2018-order-30-nov-2018-574c2e.md: CausalDAG.add_fact() got an unexpected keyword argument 'content'
  ERROR 1233-2020-supremecourt-2020-1233-1233-2020-34-1502-31393-judgeme-476558.md: CausalDAG.add_fact() got an unexpected keyword argument 'content'
  ERROR 12332-2010-supremecourt-2010-12332-12332-2010-4-1501-44784-judge-162f99.md: CausalDAG.add_fact() got an unexpected keyword argument 'content'
  ERROR 12334-2005-jonew-judis-38084-ce4f73.md: CausalDAG.add_fact() got an unexpected keyword argument 'content'
  ERROR 12336-2004-jonew-judis-27309-ba22f0.md: CausalDAG.add_fact() got an unexpected keyword argument 'content'
  ERROR 12336-2008-jonew-judis-35020-b392e3.md: CausalDAG.add_fact() got an unexpected keyword argument 'content'
  ERROR 1234-2009-jonew-judis-35771-2fd171.md: CausalDAG.add_fact() got an unexpected keyword argument 'content'
  ERROR 12341-2011-jonew-judis-40105-7f836b.md: CausalDAG.add_fact() got an unexpected keyword argument 'content'
  ERROR 12343-2008-jonew-judis-41162-cfdf14.md: CausalDAG.add_fact() got an unexpected keyword argument 'content'
  ERROR 12343-2024-supremecourt-2024-12343-12343-2024-1-19-51717-judgeme-b66994.md: CausalDAG.add_fact() got an unexpected keyword argument 'content'
  ERROR 12345-2001-jonew-judis-30077-d2809e.md: CausalDAG.add_fact() got an unexpected keyword argument 'content'
  ERROR 12345-2022-supremecourt-2022-12345-12345-2022-7-42-39075-judgeme-23b5cf.md: CausalDAG.add_fact() got an unexpected keyword argument 'content'
  ERROR 12346-1998-jonew-judis-18417-1f3d5a.md: CausalDAG.add_fact() got an unexpected keyword argument 'content'
  ERROR 12346-2005-jonew-judis-30129-29ef12.md: CausalDAG.add_fact() got an unexpected keyword argument 'content'
  ERROR 12347-1997-jonew-judis-16861-6443ad.md: CausalDAG.add_fact() got an unexpected keyword argument 'content'
  ERROR 12347-2020-supremecourt-2020-12347-12347-2020-3-1501-57473-judge-4e774d.md: CausalDAG.add_fact() got an unexpected keyword argument 'content'
  ERROR 1235-1998-jonew-judis-20755-378ccd.md: CausalDAG.add_fact() got an unexpected keyword argument 'content'
  ERROR 12351-2010-jonew-judis-37864-d28022.md: CausalDAG.add_fact() got an unexpected keyword argument 'content'
  ERROR 12352-2015-supremecourt-2015-12352-12352-2015-judgement-09-may-2-8661f2.md: CausalDAG.add_fact() got an unexpected keyword argument 'content'
  ERROR 12353-2003-jonew-judis-27883-f72f87.md: CausalDAG.add_fact() got an unexpected keyword argument 'content'
  ERROR 12354-2007-jonew-judis-30953-22efe9.md: CausalDAG.add_fact() got an unexpected keyword argument 'content'
  ERROR 12354-2010-jonew-judis-41396-cdae96.md: CausalDAG.add_fact() got an unexpected keyword argument 'content'
  ERROR 12356-2001-jonew-judis-33103-3da540.md: CausalDAG.add_fact() got an unexpected keyword argument 'content'
  ERROR 12356-2018-supremecourt-2018-12356-12356-2018-judgement-16-nov-2-389b8c.md: CausalDAG.add_fact() got an unexpected keyword argument 'content'
  ERROR 12358-2008-jonew-judis-37990-92f861.md: CausalDAG.add_fact() got an unexpected keyword argument 'content'
  ERROR 12359-2001-jonew-judis-26341-92ee9d.md: CausalDAG.add_fact() got an unexpected keyword argument 'content'
  ERROR 12359-2009-jonew-judis-39861-9a0ba6.md: CausalDAG.add_fact() got an unexpected keyword argument 'content'
  ERROR 12362-2005-supremecourt-2005-12362-12362-2005-judgement-03-jul-2-972623.md: CausalDAG.add_fact() got an unexpected keyword argument 'content'
  ERROR 12363-1996-jonew-judis-26805-c07ec6.md: CausalDAG.add_fact() got an unexpected keyword argument 'content'
  ERROR 12363-2006-jonew-judis-35982-ccff84.md: CausalDAG.add_fact() got an unexpected keyword argument 'content'
  ERROR 12365-2007-jonew-judis-33855-62a619.md: CausalDAG.add_fact() got an unexpected keyword argument 'content'
  ERROR 12365-2010-jonew-judis-37701-f892c0.md: CausalDAG.add_fact() got an unexpected keyword argument 'content'
  ERROR 12367-2001-jonew-judis-32633-5cfaa8.md: CausalDAG.add_fact() got an unexpected keyword argument 'content'
  ERROR 12367-2018-supremecourt-2018-12367-12367-2018-10-1501-16122-judg-d31123.md: CausalDAG.add_fact() got an unexpected keyword argument 'content'
  ERROR 12369-1997-jonew-judis-17205-da2bb6.md: CausalDAG.add_fact() got an unexpected keyword argument 'content'
  ERROR 12370-1995-jonew-judis-10317-c634d6.md: CausalDAG.add_fact() got an unexpected keyword argument 'content'
  ERROR 12370-2019-supremecourt-2019-12370-12370-2019-6-1501-53158-judge-6a4e4b.md: CausalDAG.add_fact() got an unexpected keyword argument 'content'
  ERROR 12371-2006-supremecourt-2006-12371-12371-2006-judgement-12-jul-2-e67570.md: CausalDAG.add_fact() got an unexpected keyword argument 'content'
  ERROR 12372-1999-jonew-judis-28365-0a312d.md: CausalDAG.add_fact() got an unexpected keyword argument 'content'
  ERROR 12373-2004-jonew-judis-27983-39f6be.md: CausalDAG.add_fact() got an unexpected keyword argument 'content'
  ERROR 12375-2008-supremecourt-2008-12375-12375-2008-11-110-14933-judge-6f9319.md: CausalDAG.add_fact() got an unexpected keyword argument 'content'
  ERROR 12376-1997-jonew-judis-14192-031054.md: CausalDAG.add_fact() got an unexpected keyword argument 'content'
  ERROR 12376-1997-jonew-judis-30328-0f7132.md: CausalDAG.add_fact() got an unexpected keyword argument 'content'
  ERROR 12376-2002-jonew-judis-41093-fa4a95.md: CausalDAG.add_fact() got an unexpected keyword argument 'content'
  ERROR 12376-2009-jonew-judis-34540-50001d.md: CausalDAG.add_fact() got an unexpected keyword argument 'content'
  ERROR 12377-2005-jonew-judis-44610-dd9570.md: CausalDAG.add_fact() got an unexpected keyword argument 'content'
  ERROR 12377-2005-supremecourt-2005-12377-12377-2005-judgement-28-feb-2-f43305.md: CausalDAG.add_fact() got an unexpected keyword argument 'content'
  ERROR 12379-2017-supremecourt-2017-12379-12379-2017-judgement-04-aug-2-98e50c.md: CausalDAG.add_fact() got an unexpected keyword argument 'content'
  ERROR 1238-2016-jonew-judis-43848-f5b747.md: CausalDAG.add_fact() got an unexpected keyword argument 'content'
  ERROR 12381-1999-jonew-judis-28671-b898de.md: CausalDAG.add_fact() got an unexpected keyword argument 'content'
  ERROR 12381-2018-supremecourt-2018-12381-12381-2018-judgement-11-feb-2-e446d7.md: CausalDAG.add_fact() got an unexpected keyword argument 'content'
  ERROR 12383-2004-jonew-judis-34708-3d1941.md: CausalDAG.add_fact() got an unexpected keyword argument 'content'
  ERROR 12385-1994-jonew-judis-10607-80b196.md: CausalDAG.add_fact() got an unexpected keyword argument 'content'
  ERROR 12385-2000-jonew-judis-18832-eaad7c.md: CausalDAG.add_fact() got an unexpected keyword argument 'content'
  ERROR 12385-2019-supremecourt-2019-12385-12385-2019-7-1501-49289-judge-f1f98f.md: CausalDAG.add_fact() got an unexpected keyword argument 'content'
  ERROR 12387-1997-jonew-judis-16741-72c13e.md: CausalDAG.add_fact() got an unexpected keyword argument 'content'
  ERROR 12391-1994-jonew-judis-13459-c2c708.md: CausalDAG.add_fact() got an unexpected keyword argument 'content'
  ERROR 12391-1998-jonew-judis-17868-ae4325.md: CausalDAG.add_fact() got an unexpected keyword argument 'content'
  ERROR 12392-2020-supremecourt-2020-12392-12392-2020-35-1501-23456-judg-182403.md: CausalDAG.add_fact() got an unexpected keyword argument 'content'
  ERROR 12393-2005-jonew-judis-28522-6f4ef1.md: CausalDAG.add_fact() got an unexpected keyword argument 'content'
  ERROR 12394-2017-supremecourt-2017-12394-12394-2017-33-1501-25288-judg-f5895f.md: CausalDAG.add_fact() got an unexpected keyword argument 'content'
  ERROR 12395-1999-jonew-judis-29386-7b559c.md: CausalDAG.add_fact() got an unexpected keyword argument 'content'
  ERROR 12396-2009-jonew-judis-38729-2b3bd0.md: CausalDAG.add_fact() got an unexpected keyword argument 'content'
  ERROR 12397-1994-jonew-judis-10450-e41e38.md: CausalDAG.add_fact() got an unexpected keyword argument 'content'
  ERROR 12397-2004-jonew-judis-34399-64c529.md: CausalDAG.add_fact() got an unexpected keyword argument 'content'
  ERROR 12397-2004-jonew-judis-34502-bee78a.md: CausalDAG.add_fact() got an unexpected keyword argument 'content'
  ERROR 12397-2016-supremecourt-2016-12397-12397-2016-17-1503-44043-judg-94e209.md: CausalDAG.add_fact() got an unexpected keyword argument 'content'
  ERROR 12398-2007-jonew-judis-30001-c21262.md: CausalDAG.add_fact() got an unexpected keyword argument 'content'
  ERROR 12399-2012-supremecourt-2012-12399-12399-2012-judgement-24-apr-2-f110d7.md: CausalDAG.add_fact() got an unexpected keyword argument 'content'
  ERROR 124-1955-jonew-judis-743-de3d89.md: CausalDAG.add_fact() got an unexpected keyword argument 'content'
  ERROR 124-1956-jonew-judis-699-4e98e3.md: CausalDAG.add_fact() got an unexpected keyword argument 'content'
  ERROR 124-1958-jonew-judis-463-ca9aa1.md: CausalDAG.add_fact() got an unexpected keyword argument 'content'
  ERROR 124-1959-jonew-judis-300-8bf8f3.md: CausalDAG.add_fact() got an unexpected keyword argument 'content'
  ERROR 124-1960-jonew-judis-3903-97f999.md: CausalDAG.add_fact() got an unexpected keyword argument 'content'
  ERROR 124-1961-jonew-judis-4013-8be365.md: CausalDAG.add_fact() got an unexpected keyword argument 'content'
  ERROR 124-1962-jonew-judis-3362-2394fd.md: CausalDAG.add_fact() got an unexpected keyword argument 'content'
  ERROR 124-1963-jonew-judis-3424-5685a2.md: CausalDAG.add_fact() got an unexpected keyword argument 'content'
  ERROR 124-1965-jonew-judis-2124-a2a0e7.md: CausalDAG.add_fact() got an unexpected keyword argument 'content'
  ERROR 124-1967-jonew-judis-2387-7c0362.md: CausalDAG.add_fact() got an unexpected keyword argument 'content'
  ERROR 124-2007-jonew-judis-30776-5b3f52.md: CausalDAG.add_fact() got an unexpected keyword argument 'content'
  ERROR 124-2009-jonew-judis-37783-b86a91.md: CausalDAG.add_fact() got an unexpected keyword argument 'content'
  ERROR 12400-2006-jonew-judis-36367-35be26.md: CausalDAG.add_fact() got an unexpected keyword argument 'content'
  ERROR 12401-2021-supremecourt-2021-12401-12401-2021-4-1506-44146-judge-15967e.md: CausalDAG.add_fact() got an unexpected keyword argument 'content'
  ERROR 12403-2000-jonew-judis-17631-d53dcd.md: CausalDAG.add_fact() got an unexpected keyword argument 'content'
  ERROR 12405-2001-jonew-judis-36255-4f0c34.md: CausalDAG.add_fact() got an unexpected keyword argument 'content'
  ERROR 12405-2018-supremecourt-2018-12405-12405-2018-judgement-06-jul-2-48cacd.md: CausalDAG.add_fact() got an unexpected keyword argument 'content'
  ERROR 12406-2007-jonew-judis-39916-428bfa.md: CausalDAG.add_fact() got an unexpected keyword argument 'content'
  ERROR 12408-2003-jonew-judis-38064-a2309e.md: CausalDAG.add_fact() got an unexpected keyword argument 'content'
  ERROR 12408-2007-jonew-judis-33215-39a9af.md: CausalDAG.add_fact() got an unexpected keyword argument 'content'
  ERROR 12408-2020-supremecourt-2020-12408-12408-2020-36-1501-27321-judg-1e6dd4.md: CausalDAG.add_fact() got an unexpected keyword argument 'content'
  ERROR 12409-2001-jonew-judis-29072-cd1a55.md: CausalDAG.add_fact() got an unexpected keyword argument 'content'
  ERROR 12409-2010-jonew-judis-37569-b29c0e.md: CausalDAG.add_fact() got an unexpected keyword argument 'content'
  ERROR 12413-2009-supremecourt-2009-12413-12413-2009-13-117-16542-judge-403035.md: CausalDAG.add_fact() got an unexpected keyword argument 'content'
  ERROR 12414-2017-supremecourt-2017-12414-12414-2017-judgement-24-oct-2-2d445d.md: CausalDAG.add_fact() got an unexpected keyword argument 'content'
  ERROR 12415-1998-jonew-judis-16779-8551e1.md: CausalDAG.add_fact() got an unexpected keyword argument 'content'
  ERROR 12415-2001-jonew-judis-18544-d62547.md: CausalDAG.add_fact() got an unexpected keyword argument 'content'
  ERROR 12415-2005-jonew-judis-28098-22cfd5.md: CausalDAG.add_fact() got an unexpected keyword argument 'content'
  ERROR 12415-2020-supremecourt-2020-12415-12415-2020-33-1502-22741-judg-151949.md: CausalDAG.add_fact() got an unexpected keyword argument 'content'
  ERROR 12417-2000-jonew-judis-17805-abd67e.md: CausalDAG.add_fact() got an unexpected keyword argument 'content'
  ERROR 12418-2004-jonew-judis-28460-53ea4d.md: CausalDAG.add_fact() got an unexpected keyword argument 'content'
  ERROR 12419-2019-supremecourt-2019-12419-12419-2019-13-1501-41405-judg-a92301.md: CausalDAG.add_fact() got an unexpected keyword argument 'content'
  ERROR 1242-2007-jonew-judis-32455-4a71e1.md: CausalDAG.add_fact() got an unexpected keyword argument 'content'
  ERROR 12421-2005-jonew-judis-42816-396b65.md: CausalDAG.add_fact() got an unexpected keyword argument 'content'
  ERROR 12422-1994-jonew-judis-12955-430f4c.md: CausalDAG.add_fact() got an unexpected keyword argument 'content'
  ERROR 12424-2006-jonew-judis-28595-600979.md: CausalDAG.add_fact() got an unexpected keyword argument 'content'
  ERROR 12429-2004-jonew-judis-28445-49d95a.md: CausalDAG.add_fact() got an unexpected keyword argument 'content'
  ERROR 1243-1998-jonew-judis-27470-08cd1a.md: CausalDAG.add_fact() got an unexpected keyword argument 'content'
  ERROR 12431-2003-jonew-judis-33078-16d7b8.md: CausalDAG.add_fact() got an unexpected keyword argument 'content'
  ERROR 12434-2018-supremecourt-2018-12434-12434-2018-6-1501-18564-judge-b4c949.md: CausalDAG.add_fact() got an unexpected keyword argument 'content'
  ERROR 12437-2006-jonew-judis-32125-2e4e79.md: CausalDAG.add_fact() got an unexpected keyword argument 'content'
  ERROR 12439-2005-jonew-judis-34532-d18bf3.md: CausalDAG.add_fact() got an unexpected keyword argument 'content'
  ERROR 1244-2008-jonew-judis-41763-753bf7.md: CausalDAG.add_fact() got an unexpected keyword argument 'content'
  ERROR 12440-1994-jonew-judis-19050-d3c094.md: CausalDAG.add_fact() got an unexpected keyword argument 'content'
  ERROR 12441-2005-jonew-judis-28729-05b8aa.md: CausalDAG.add_fact() got an unexpected keyword argument 'content'
  ERROR 12442-2005-jonew-judis-39650-60a5eb.md: CausalDAG.add_fact() got an unexpected keyword argument 'content'
  ERROR 12445-2015-jonew-judis-43210-a68a9d.md: CausalDAG.add_fact() got an unexpected keyword argument 'content'
  ERROR 12445-2016-jonew-judis-44019-d4dfd1.md: CausalDAG.add_fact() got an unexpected keyword argument 'content'
  ERROR 12448-2003-jonew-judis-26346-49e3e5.md: CausalDAG.add_fact() got an unexpected keyword argument 'content'
  ERROR 12448-2005-jonew-judis-32527-39555f.md: CausalDAG.add_fact() got an unexpected keyword argument 'content'
  ERROR 1245-2002-jonew-judis-29126-7acff5.md: CausalDAG.add_fact() got an unexpected keyword argument 'content'
  ERROR 12450-2021-supremecourt-2021-12450-12450-2021-3-28-37306-judgeme-c63a1c.md: CausalDAG.add_fact() got an unexpected keyword argument 'content'
  ERROR 12451-2014-jonew-judis-43021-debbee.md: CausalDAG.add_fact() got an unexpected keyword argument 'content'
  ERROR 12452-2005-jonew-judis-29014-d7e036.md: CausalDAG.add_fact() got an unexpected keyword argument 'content'
  ERROR 12453-2002-jonew-judis-37573-e3ae64.md: CausalDAG.add_fact() got an unexpected keyword argument 'content'
  ERROR 12454-2017-supremecourt-2017-12454-12454-2017-judgement-07-may-2-2a39ed.md: CausalDAG.add_fact() got an unexpected keyword argument 'content'
  ERROR 12455-1997-jonew-judis-13367-d2a4c1.md: CausalDAG.add_fact() got an unexpected keyword argument 'content'
  ERROR 12456-2004-jonew-judis-37985-ee2e9f.md: CausalDAG.add_fact() got an unexpected keyword argument 'content'
  ERROR 12458-2013-jonew-judis-40407-c88e78.md: CausalDAG.add_fact() got an unexpected keyword argument 'content'
  ERROR 12461-2021-supremecourt-2021-12461-12461-2021-2-1502-42838-judge-9d934a.md: CausalDAG.add_fact() got an unexpected keyword argument 'content'
  ERROR 12462-1994-jonew-judis-27334-f2f56d.md: CausalDAG.add_fact() got an unexpected keyword argument 'content'
  ERROR 12462-2000-jonew-judis-20715-f741f3.md: CausalDAG.add_fact() got an unexpected keyword argument 'content'
  ERROR 12462-2004-jonew-judis-35599-090e62.md: CausalDAG.add_fact() got an unexpected keyword argument 'content'
  ERROR 12465-1994-jonew-judis-10968-647bf1.md: CausalDAG.add_fact() got an unexpected keyword argument 'content'
  ERROR 12465-2000-jonew-judis-20497-4a68a1.md: CausalDAG.add_fact() got an unexpected keyword argument 'content'
  ERROR 12465-2017-supremecourt-2017-12465-12465-2017-judgement-10-aug-2-4b5d63.md: CausalDAG.add_fact() got an unexpected keyword argument 'content'
  ERROR 12467-1998-jonew-judis-16608-a98c26.md: CausalDAG.add_fact() got an unexpected keyword argument 'content'
  ERROR 12468-2017-supremecourt-2017-12468-12468-2017-judgement-09-aug-2-b3b8eb.md: CausalDAG.add_fact() got an unexpected keyword argument 'content'
  ERROR 12469-2003-jonew-judis-27499-8410f3.md: CausalDAG.add_fact() got an unexpected keyword argument 'content'
  ERROR 12470-2004-jonew-judis-41273-ae7594.md: CausalDAG.add_fact() got an unexpected keyword argument 'content'
  ERROR 12470-2005-jonew-judis-30856-79eace.md: CausalDAG.add_fact() got an unexpected keyword argument 'content'
  ERROR 12470-2012-supremecourt-2012-12470-12470-2012-6-1501-57063-judge-3e515c.md: CausalDAG.add_fact() got an unexpected keyword argument 'content'
  ERROR 12475-1998-jonew-judis-16710-f29f44.md: CausalDAG.add_fact() got an unexpected keyword argument 'content'
  ERROR 12476-2010-jonew-judis-37044-32d3ae.md: CausalDAG.add_fact() got an unexpected keyword argument 'content'
  ERROR 12477-2015-supremecourt-2015-12477-12477-2015-1-107-38624-judgem-37e3b2.md: CausalDAG.add_fact() got an unexpected keyword argument 'content'
  ERROR 1248-2002-jonew-judis-38686-daed36.md: CausalDAG.add_fact() got an unexpected keyword argument 'content'
  ERROR 12480-1994-jonew-judis-12879-3cdaf2.md: CausalDAG.add_fact() got an unexpected keyword argument 'content'
  ERROR 12480-1994-jonew-judis-17056-56e526.md: CausalDAG.add_fact() got an unexpected keyword argument 'content'
  ERROR 12482-2006-jonew-judis-28491-dd83f0.md: CausalDAG.add_fact() got an unexpected keyword argument 'content'
  ERROR 12483-2004-jonew-judis-34252-a8c586.md: CausalDAG.add_fact() got an unexpected keyword argument 'content'
  ERROR 12483-2005-jonew-judis-28358-92f1d5.md: CausalDAG.add_fact() got an unexpected keyword argument 'content'
  ERROR 12484-2003-jonew-judis-36779-fc3354.md: CausalDAG.add_fact() got an unexpected keyword argument 'content'
  ERROR 12484-2009-supremecourt-2009-12484-12484-2009-9-1501-58088-judge-fb08fc.md: CausalDAG.add_fact() got an unexpected keyword argument 'content'
  ERROR 12484-2016-jonew-judis-44765-75e41a.md: CausalDAG.add_fact() got an unexpected keyword argument 'content'
  ERROR 12488-2017-supremecourt-2017-12488-12488-2017-judgement-27-nov-2-227880.md: CausalDAG.add_fact() got an unexpected keyword argument 'content'
  ERROR 12489-2004-jonew-judis-36799-766444.md: CausalDAG.add_fact() got an unexpected keyword argument 'content'
  ERROR 12489-2019-supremecourt-2019-12489-12489-2019-32-32-30535-judgem-c85011.md: CausalDAG.add_fact() got an unexpected keyword argument 'content'
  ERROR 1249-2002-jonew-judis-28160-394362.md: CausalDAG.add_fact() got an unexpected keyword argument 'content'
  ERROR 1249-2002-jonew-judis-30908-3e2524.md: CausalDAG.add_fact() got an unexpected keyword argument 'content'
  ERROR 1249-2002-jonew-judis-36165-4a3a86.md: CausalDAG.add_fact() got an unexpected keyword argument 'content'
  Batch 8: 4000/20531 docs, 0 facts, 4000 skipped, ETA 8.4m
  ERROR 12492-2010-jonew-judis-38752-34133b.md: CausalDAG.add_fact() got an unexpected keyword argument 'content'
  ERROR 12492-2020-supremecourt-2020-12492-12492-2020-41-1501-26189-judg-633b1a.md: CausalDAG.add_fact() got an unexpected keyword argument 'content'
  ERROR 12493-2001-jonew-judis-20849-fe2224.md: CausalDAG.add_fact() got an unexpected keyword argument 'content'
  ERROR 12494-2001-jonew-judis-29181-c73f0f.md: CausalDAG.add_fact() got an unexpected keyword argument 'content'
  ERROR 12495-2007-jonew-judis-30644-cf322d.md: CausalDAG.add_fact() got an unexpected keyword argument 'content'
  ERROR 12497-2003-jonew-judis-37116-b01808.md: CausalDAG.add_fact() got an unexpected keyword argument 'content'
  ERROR 12497-2003-jonew-judis-40541-2d37a9.md: CausalDAG.add_fact() got an unexpected keyword argument 'content'
  ERROR 125-1955-jonew-judis-744-c4a819.md: CausalDAG.add_fact() got an unexpected keyword argument 'content'
  ERROR 125-1956-jonew-judis-701-81ae62.md: CausalDAG.add_fact() got an unexpected keyword argument 'content'
  ERROR 125-1958-jonew-judis-464-43e129.md: CausalDAG.add_fact() got an unexpected keyword argument 'content'
  ERROR 125-1959-jonew-judis-4349-cc87a6.md: CausalDAG.add_fact() got an unexpected keyword argument 'content'
  ERROR 125-1960-jonew-judis-3907-258af7.md: CausalDAG.add_fact() got an unexpected keyword argument 'content'
  ERROR 125-1961-jonew-judis-4018-90ff1e.md: CausalDAG.add_fact() got an unexpected keyword argument 'content'
  ERROR 125-1962-jonew-judis-3365-6a96e7.md: CausalDAG.add_fact() got an unexpected keyword argument 'content'
  ERROR 125-1963-jonew-judis-3427-10e1bf.md: CausalDAG.add_fact() got an unexpected keyword argument 'content'
  ERROR 125-1965-jonew-judis-2127-dc1bf1.md: CausalDAG.add_fact() got an unexpected keyword argument 'content'
  ERROR 125-1967-jonew-judis-2391-983b43.md: CausalDAG.add_fact() got an unexpected keyword argument 'content'
  ERROR 12500-2007-jonew-judis-32097-14f1a3.md: CausalDAG.add_fact() got an unexpected keyword argument 'content'
  ERROR 12501-2009-jonew-judis-36070-faa486.md: CausalDAG.add_fact() got an unexpected keyword argument 'content'
  ERROR 12502-2016-supremecourt-2016-12502-12502-2016-8-1501-37952-order-3a08eb.md: CausalDAG.add_fact() got an unexpected keyword argument 'content'
  ERROR 12503-1999-jonew-judis-17742-6da790.md: CausalDAG.add_fact() got an unexpected keyword argument 'content'
  ERROR 12504-2002-jonew-judis-26459-6523cf.md: CausalDAG.add_fact() got an unexpected keyword argument 'content'
  ERROR 12505-2011-jonew-judis-40225-e0f501.md: CausalDAG.add_fact() got an unexpected keyword argument 'content'
  ERROR 12506-2009-jonew-judis-38363-44ea90.md: CausalDAG.add_fact() got an unexpected keyword argument 'content'
  ERROR 12507-2005-jonew-judis-28949-46db33.md: CausalDAG.add_fact() got an unexpected keyword argument 'content'
  ERROR 12508-2006-supremecourt-2006-12508-12508-2006-order-03-aug-2017-0529e1.md: CausalDAG.add_fact() got an unexpected keyword argument 'content'
  ERROR 12508-2022-supremecourt-2022-12508-12508-2022-2-1501-38899-judge-4eca79.md: CausalDAG.add_fact() got an unexpected keyword argument 'content'
  ERROR 1251-2004-jonew-judis-37865-f9443b.md: CausalDAG.add_fact() got an unexpected keyword argument 'content'
  ERROR 12510-1998-jonew-judis-18656-f2a2a7.md: CausalDAG.add_fact() got an unexpected keyword argument 'content'
  ERROR 12512-1995-jonew-judis-18918-bd94ea.md: CausalDAG.add_fact() got an unexpected keyword argument 'content'
  ERROR 12512-1995-jonew-judis-19076-d9d665.md: CausalDAG.add_fact() got an unexpected keyword argument 'content'
  ERROR 12514-2003-jonew-judis-35581-423558.md: CausalDAG.add_fact() got an unexpected keyword argument 'content'
  ERROR 12521-2000-jonew-judis-18084-c52f15.md: CausalDAG.add_fact() got an unexpected keyword argument 'content'
  ERROR 12521-2007-jonew-judis-36312-fc5fcf.md: CausalDAG.add_fact() got an unexpected keyword argument 'content'
  ERROR 12523-2001-jonew-judis-35734-2e59b4.md: CausalDAG.add_fact() got an unexpected keyword argument 'content'
  ERROR 12523-2006-jonew-judis-30208-3bdb14.md: CausalDAG.add_fact() got an unexpected keyword argument 'content'
  ERROR 12524-2005-jonew-judis-31130-d827c1.md: CausalDAG.add_fact() got an unexpected keyword argument 'content'
  ERROR 12524-2012-supremecourt-2012-12524-12524-2012-5-1501-14639-judge-d872db.md: CausalDAG.add_fact() got an unexpected keyword argument 'content'
  ERROR 12526-2009-jonew-judis-39657-f94030.md: CausalDAG.add_fact() got an unexpected keyword argument 'content'
  ERROR 12527-2006-jonew-judis-34588-2fa845.md: CausalDAG.add_fact() got an unexpected keyword argument 'content'
  ERROR 12529-2005-jonew-judis-40386-538222.md: CausalDAG.add_fact() got an unexpected keyword argument 'content'
  ERROR 1253-2003-jonew-judis-36651-dd3141.md: CausalDAG.add_fact() got an unexpected keyword argument 'content'
  ERROR 1253-2014-supremecourt-2014-1253-1253-2014-judgement-15-nov-2017-43be96.md: CausalDAG.add_fact() got an unexpected keyword argument 'content'
  ERROR 12530-2006-jonew-judis-32081-e6b30e.md: CausalDAG.add_fact() got an unexpected keyword argument 'content'
  ERROR 12530-2013-supremecourt-2013-12530-12530-2013-1-1501-36447-judge-4419c7.md: CausalDAG.add_fact() got an unexpected keyword argument 'content'
  ERROR 12531-1997-jonew-judis-25834-13cbea.md: CausalDAG.add_fact() got an unexpected keyword argument 'content'
  ERROR 12534-1999-jonew-judis-18640-3ecc0f.md: CausalDAG.add_fact() got an unexpected keyword argument 'content'
  ERROR 12536-2000-jonew-judis-27089-21ce35.md: CausalDAG.add_fact() got an unexpected keyword argument 'content'
  ERROR 12537-1999-jonew-judis-26775-a8ad7a.md: CausalDAG.add_fact() got an unexpected keyword argument 'content'
  ERROR 12537-2002-jonew-judis-26463-e4416f.md: CausalDAG.add_fact() got an unexpected keyword argument 'content'
  ERROR 1254-1994-jonew-judis-14828-7b790f.md: CausalDAG.add_fact() got an unexpected keyword argument 'content'
  ERROR 12542-1998-jonew-judis-17282-a9f3d1.md: CausalDAG.add_fact() got an unexpected keyword argument 'content'
  ERROR 12542-2008-supremecourt-2008-12542-12542-2008-judgement-27-feb-2-c22517.md: CausalDAG.add_fact() got an unexpected keyword argument 'content'
  ERROR 12543-2001-jonew-judis-18751-641be4.md: CausalDAG.add_fact() got an unexpected keyword argument 'content'
  ERROR 12543-2002-jonew-judis-26455-61f92c.md: CausalDAG.add_fact() got an unexpected keyword argument 'content'
  ERROR 12544-2010-jonew-judis-40078-a80ece.md: CausalDAG.add_fact() got an unexpected keyword argument 'content'
  ERROR 12545-2000-jonew-judis-18648-093004.md: CausalDAG.add_fact() got an unexpected keyword argument 'content'
  ERROR 12546-2007-jonew-judis-39909-f91d7c.md: CausalDAG.add_fact() got an unexpected keyword argument 'content'
  ERROR 12547-1998-jonew-judis-19102-2a10fa.md: CausalDAG.add_fact() got an unexpected keyword argument 'content'
  ERROR 12550-2012-jonew-judis-40382-a1a99d.md: CausalDAG.add_fact() got an unexpected keyword argument 'content'
  ERROR 12551-2001-jonew-judis-34452-639ae6.md: CausalDAG.add_fact() got an unexpected keyword argument 'content'
  ERROR 12552-2007-jonew-judis-36185-47347b.md: CausalDAG.add_fact() got an unexpected keyword argument 'content'
  ERROR 12555-1998-jonew-judis-19089-1b73e7.md: CausalDAG.add_fact() got an unexpected keyword argument 'content'
  ERROR 12555-2020-supremecourt-2020-12555-12555-2020-42-1501-25951-judg-8871f7.md: CausalDAG.add_fact() got an unexpected keyword argument 'content'
  ERROR 12557-2003-jonew-judis-26752-fdc8c7.md: CausalDAG.add_fact() got an unexpected keyword argument 'content'
  ERROR 12558-2004-jonew-judis-29324-5e8cc5.md: CausalDAG.add_fact() got an unexpected keyword argument 'content'
  ERROR 1256-1998-jonew-judis-13451-acc950.md: CausalDAG.add_fact() got an unexpected keyword argument 'content'
  ERROR 1256-2009-supremecourt-2009-1256-1256-2009-1-1501-18630-judgemen-cb6d9d.md: CausalDAG.add_fact() got an unexpected keyword argument 'content'
  ERROR 12560-2022-supremecourt-2022-12560-12560-2022-6-1502-43671-judge-2c90bd.md: CausalDAG.add_fact() got an unexpected keyword argument 'content'
  ERROR 12561-1999-jonew-judis-18473-5e2e1e.md: CausalDAG.add_fact() got an unexpected keyword argument 'content'
  ERROR 12561-2016-jonew-judis-43663-a6a55a.md: CausalDAG.add_fact() got an unexpected keyword argument 'content'
  ERROR 12561-2018-supremecourt-2018-12561-12561-2018-judgement-10-apr-2-156767.md: CausalDAG.add_fact() got an unexpected keyword argument 'content'
  ERROR 12565-1999-jonew-judis-26587-f69af4.md: CausalDAG.add_fact() got an unexpected keyword argument 'content'
  ERROR 12565-2005-jonew-judis-28162-cb69b8.md: CausalDAG.add_fact() got an unexpected keyword argument 'content'
  ERROR 12566-2002-jonew-judis-26456-6129f9.md: CausalDAG.add_fact() got an unexpected keyword argument 'content'
  ERROR 12567-2005-jonew-judis-28697-4e14d3.md: CausalDAG.add_fact() got an unexpected keyword argument 'content'
  ERROR 12568-1998-jonew-judis-16310-a3d4c5.md: CausalDAG.add_fact() got an unexpected keyword argument 'content'
  ERROR 12569-2002-jonew-judis-19160-d55132.md: CausalDAG.add_fact() got an unexpected keyword argument 'content'
  ERROR 1257-2001-jonew-judis-32736-4d991e.md: CausalDAG.add_fact() got an unexpected keyword argument 'content'
  ERROR 1257-2020-supremecourt-2020-1257-1257-2020-34-8-32761-judgement-daef49.md: CausalDAG.add_fact() got an unexpected keyword argument 'content'
  ERROR 12570-2009-supremecourt-2009-12570-12570-2009-8-110-41086-judgem-81dea5.md: CausalDAG.add_fact() got an unexpected keyword argument 'content'
  ERROR 12570-2012-jonew-judis-41462-b84dd6.md: CausalDAG.add_fact() got an unexpected keyword argument 'content'
  ERROR 12572-2002-jonew-judis-26453-6a7a1f.md: CausalDAG.add_fact() got an unexpected keyword argument 'content'
  ERROR 12573-2000-jonew-judis-18089-962c8c.md: CausalDAG.add_fact() got an unexpected keyword argument 'content'
  ERROR 12573-2003-jonew-judis-26486-1b2aad.md: CausalDAG.add_fact() got an unexpected keyword argument 'content'
  ERROR 12573-2005-jonew-judis-29263-f61b1f.md: CausalDAG.add_fact() got an unexpected keyword argument 'content'
  ERROR 12573-2013-jonew-judis-42311-8e291a.md: CausalDAG.add_fact() got an unexpected keyword argument 'content'
  ERROR 12574-1995-jonew-judis-14857-da291a.md: CausalDAG.add_fact() got an unexpected keyword argument 'content'
  ERROR 12575-1997-jonew-judis-27394-8403f2.md: CausalDAG.add_fact() got an unexpected keyword argument 'content'
  ERROR 12575-1998-jonew-judis-17209-a7cfd8.md: CausalDAG.add_fact() got an unexpected keyword argument 'content'
  ERROR 12575-1998-jonew-judis-17352-56ddac.md: CausalDAG.add_fact() got an unexpected keyword argument 'content'
  ERROR 12576-2001-jonew-judis-33798-5a0465.md: CausalDAG.add_fact() got an unexpected keyword argument 'content'
  ERROR 12576-2009-jonew-judis-39676-8b211d.md: CausalDAG.add_fact() got an unexpected keyword argument 'content'
  ERROR 12578-2002-jonew-judis-26464-2d1721.md: CausalDAG.add_fact() got an unexpected keyword argument 'content'
  ERROR 12578-2022-supremecourt-2022-12578-12578-2022-9-1503-58088-judge-6904fd.md: CausalDAG.add_fact() got an unexpected keyword argument 'content'
  ERROR 12579-2004-jonew-judis-28399-74abd3.md: CausalDAG.add_fact() got an unexpected keyword argument 'content'
  ERROR 12579-2006-jonew-judis-29731-8fc0ad.md: CausalDAG.add_fact() got an unexpected keyword argument 'content'
  ERROR 1258-2003-jonew-judis-42819-4f7985.md: CausalDAG.add_fact() got an unexpected keyword argument 'content'
  ERROR 1258-2020-supremecourt-2020-1258-1258-2020-4-13-35875-judgement-98ddff.md: CausalDAG.add_fact() got an unexpected keyword argument 'content'
  ERROR 12581-2002-jonew-judis-26267-209238.md: CausalDAG.add_fact() got an unexpected keyword argument 'content'
  ERROR 12581-2009-jonew-judis-38608-fa2e9b.md: CausalDAG.add_fact() got an unexpected keyword argument 'content'
  ERROR 12582-2003-jonew-judis-27495-bf32e2.md: CausalDAG.add_fact() got an unexpected keyword argument 'content'
  ERROR 12583-1998-jonew-judis-16582-5bf8d4.md: CausalDAG.add_fact() got an unexpected keyword argument 'content'
  ERROR 12583-1999-jonew-judis-16425-f9116e.md: CausalDAG.add_fact() got an unexpected keyword argument 'content'
  ERROR 12584-2009-supremecourt-2009-12584-12584-2009-35-1501-33542-judg-13331a.md: CausalDAG.add_fact() got an unexpected keyword argument 'content'
  ERROR 12585-2002-jonew-judis-26462-f969ad.md: CausalDAG.add_fact() got an unexpected keyword argument 'content'
  ERROR 12585-2003-jonew-judis-32951-1f4a4a.md: CausalDAG.add_fact() got an unexpected keyword argument 'content'
  ERROR 12586-2007-jonew-judis-35131-fabeae.md: CausalDAG.add_fact() got an unexpected keyword argument 'content'
  ERROR 12586-2007-jonew-judis-40218-a526b5.md: CausalDAG.add_fact() got an unexpected keyword argument 'content'
  ERROR 12588-2002-jonew-judis-26466-48935d.md: CausalDAG.add_fact() got an unexpected keyword argument 'content'
  ERROR 12588-2003-jonew-judis-30440-dc25bb.md: CausalDAG.add_fact() got an unexpected keyword argument 'content'
  ERROR 12590-1999-jonew-judis-13639-a60e20.md: CausalDAG.add_fact() got an unexpected keyword argument 'content'
  ERROR 12591-1998-jonew-judis-29335-c8917d.md: CausalDAG.add_fact() got an unexpected keyword argument 'content'
  ERROR 12591-2003-jonew-judis-39089-ec0265.md: CausalDAG.add_fact() got an unexpected keyword argument 'content'
  ERROR 12592-1997-jonew-judis-25983-f765f9.md: CausalDAG.add_fact() got an unexpected keyword argument 'content'
  ERROR 12595-2003-jonew-judis-27310-a40474.md: CausalDAG.add_fact() got an unexpected keyword argument 'content'
  ERROR 12596-2007-jonew-judis-34823-653ad7.md: CausalDAG.add_fact() got an unexpected keyword argument 'content'
  ERROR 12597-1999-jonew-judis-17134-0cf0ec.md: CausalDAG.add_fact() got an unexpected keyword argument 'content'
  ERROR 12597-2007-jonew-judis-39438-31dd84.md: CausalDAG.add_fact() got an unexpected keyword argument 'content'
  ERROR 126-1955-jonew-judis-746-c30151.md: CausalDAG.add_fact() got an unexpected keyword argument 'content'
  ERROR 126-1956-jonew-judis-702-2fd234.md: CausalDAG.add_fact() got an unexpected keyword argument 'content'
  ERROR 126-1958-jonew-judis-468-3830e0.md: CausalDAG.add_fact() got an unexpected keyword argument 'content'
  ERROR 126-1959-jonew-judis-4351-3361fb.md: CausalDAG.add_fact() got an unexpected keyword argument 'content'
  ERROR 126-1960-jonew-judis-3908-66eecc.md: CausalDAG.add_fact() got an unexpected keyword argument 'content'
  ERROR 126-1961-jonew-judis-4021-610715.md: CausalDAG.add_fact() got an unexpected keyword argument 'content'
  ERROR 126-1962-jonew-judis-3366-e73c08.md: CausalDAG.add_fact() got an unexpected keyword argument 'content'
  ERROR 126-1963-jonew-judis-3430-002626.md: CausalDAG.add_fact() got an unexpected keyword argument 'content'
  ERROR 126-1965-jonew-judis-2129-a3f317.md: CausalDAG.add_fact() got an unexpected keyword argument 'content'
  ERROR 126-1967-jonew-judis-2393-2386ec.md: CausalDAG.add_fact() got an unexpected keyword argument 'content'
  ERROR 1260-2008-jonew-judis-36361-1bfa0b.md: CausalDAG.add_fact() got an unexpected keyword argument 'content'
  ERROR 12602-2005-jonew-judis-27195-68e1a9.md: CausalDAG.add_fact() got an unexpected keyword argument 'content'
  ERROR 12603-2000-jonew-judis-31842-47ce94.md: CausalDAG.add_fact() got an unexpected keyword argument 'content'
  ERROR 12603-2009-supremecourt-2009-12603-12603-2009-3-1501-51458-judge-62e7f4.md: CausalDAG.add_fact() got an unexpected keyword argument 'content'
  ERROR 12603-2011-jonew-judis-43062-0f94a0.md: CausalDAG.add_fact() got an unexpected keyword argument 'content'
  ERROR 12603-2019-supremecourt-2019-12603-12603-2019-36-1501-26249-judg-d392a9.md: CausalDAG.add_fact() got an unexpected keyword argument 'content'
  ERROR 12604-2006-jonew-judis-34310-97b034.md: CausalDAG.add_fact() got an unexpected keyword argument 'content'
  ERROR 12605-2019-supremecourt-2019-12605-12605-2019-9-1502-17471-judge-390c81.md: CausalDAG.add_fact() got an unexpected keyword argument 'content'
  ERROR 12607-2013-supremecourt-2013-12607-12607-2013-judgement-02-aug-2-a6c5a9.md: CausalDAG.add_fact() got an unexpected keyword argument 'content'
  ERROR 12608-2002-jonew-judis-26454-5ef2e6.md: CausalDAG.add_fact() got an unexpected keyword argument 'content'
  ERROR 12609-2006-jonew-judis-35192-4f382d.md: CausalDAG.add_fact() got an unexpected keyword argument 'content'
  ERROR 12609-2009-supremecourt-2009-12609-12609-2009-14-101-16975-judge-4c05fe.md: CausalDAG.add_fact() got an unexpected keyword argument 'content'
  ERROR 12611-2005-jonew-judis-32513-c272b6.md: CausalDAG.add_fact() got an unexpected keyword argument 'content'
  ERROR 12611-2010-jonew-judis-38769-34c9c0.md: CausalDAG.add_fact() got an unexpected keyword argument 'content'
  ERROR 12612-1997-jonew-judis-13626-0c18ed.md: CausalDAG.add_fact() got an unexpected keyword argument 'content'
  ERROR 12613-2019-supremecourt-2019-12613-12613-2019-5-1501-19006-judge-26a948.md: CausalDAG.add_fact() got an unexpected keyword argument 'content'
  ERROR 12614-2008-supremecourt-2008-12614-12614-2008-judgement-17-nov-2-7cf794.md: CausalDAG.add_fact() got an unexpected keyword argument 'content'
  ERROR 12617-2000-jonew-judis-27913-2bb4da.md: CausalDAG.add_fact() got an unexpected keyword argument 'content'
  ERROR 12617-2004-jonew-judis-29368-6672ff.md: CausalDAG.add_fact() got an unexpected keyword argument 'content'
  ERROR 12618-2011-jonew-judis-38376-de6139.md: CausalDAG.add_fact() got an unexpected keyword argument 'content'
  ERROR 12619-1997-jonew-judis-26063-2891cc.md: CausalDAG.add_fact() got an unexpected keyword argument 'content'
  ERROR 12619-2016-supremecourt-2016-12619-12619-2016-judgement-03-may-2-7960cb.md: CausalDAG.add_fact() got an unexpected keyword argument 'content'
  ERROR 1262-2007-jonew-judis-33810-aa1837.md: CausalDAG.add_fact() got an unexpected keyword argument 'content'
  ERROR 1262-2010-jonew-judis-39623-bfe8b1.md: CausalDAG.add_fact() got an unexpected keyword argument 'content'
  ERROR 12620-2002-jonew-judis-35531-948aeb.md: CausalDAG.add_fact() got an unexpected keyword argument 'content'
  ERROR 12621-1995-jonew-judis-10392-d50abb.md: CausalDAG.add_fact() got an unexpected keyword argument 'content'
  ERROR 12621-2007-jonew-judis-34775-1490ab.md: CausalDAG.add_fact() got an unexpected keyword argument 'content'
  ERROR 12622-2002-jonew-judis-32879-cac665.md: CausalDAG.add_fact() got an unexpected keyword argument 'content'
  ERROR 12622-2007-jonew-judis-31249-380976.md: CausalDAG.add_fact() got an unexpected keyword argument 'content'
  ERROR 12623-2004-jonew-judis-26535-113877.md: CausalDAG.add_fact() got an unexpected keyword argument 'content'
  ERROR 12623-2007-jonew-judis-30861-f04ebd.md: CausalDAG.add_fact() got an unexpected keyword argument 'content'
  ERROR 12625-2003-jonew-judis-29779-d11c61.md: CausalDAG.add_fact() got an unexpected keyword argument 'content'
  ERROR 12626-2000-jonew-judis-19057-95c5d1.md: CausalDAG.add_fact() got an unexpected keyword argument 'content'
  ERROR 12626-2018-supremecourt-2018-12626-12626-2018-11-1501-14989-judg-de0a62.md: CausalDAG.add_fact() got an unexpected keyword argument 'content'
  ERROR 12628-2004-jonew-judis-27029-44edc0.md: CausalDAG.add_fact() got an unexpected keyword argument 'content'
  ERROR 12631-1999-jonew-judis-26946-e1da52.md: CausalDAG.add_fact() got an unexpected keyword argument 'content'
  ERROR 12631-2007-jonew-judis-38226-0399c1.md: CausalDAG.add_fact() got an unexpected keyword argument 'content'
  ERROR 12631-2008-jonew-judis-37390-5cb950.md: CausalDAG.add_fact() got an unexpected keyword argument 'content'
  ERROR 12632-2000-jonew-judis-20666-a4cd00.md: CausalDAG.add_fact() got an unexpected keyword argument 'content'
  ERROR 12633-1995-jonew-judis-14796-7da26c.md: CausalDAG.add_fact() got an unexpected keyword argument 'content'
  ERROR 12634-2009-supremecourt-2009-12634-12634-2009-13-1501-48814-judg-c2be60.md: CausalDAG.add_fact() got an unexpected keyword argument 'content'
  ERROR 12635-1997-jonew-judis-13464-688759.md: CausalDAG.add_fact() got an unexpected keyword argument 'content'
  ERROR 12635-2006-jonew-judis-44807-c21dd0.md: CausalDAG.add_fact() got an unexpected keyword argument 'content'
  ERROR 12637-2004-jonew-judis-43109-061f56.md: CausalDAG.add_fact() got an unexpected keyword argument 'content'
  ERROR 12639-2006-jonew-judis-42927-f80c22.md: CausalDAG.add_fact() got an unexpected keyword argument 'content'
  ERROR 12639-2017-supremecourt-2017-12639-12639-2017-judgement-14-aug-2-67b756.md: CausalDAG.add_fact() got an unexpected keyword argument 'content'
  ERROR 1264-2007-jonew-judis-33593-25fa25.md: CausalDAG.add_fact() got an unexpected keyword argument 'content'
  ERROR 12641-1999-jonew-judis-18221-f546cd.md: CausalDAG.add_fact() got an unexpected keyword argument 'content'
  ERROR 12642-2003-jonew-judis-25759-6e796c.md: CausalDAG.add_fact() got an unexpected keyword argument 'content'
  ERROR 12643-2002-jonew-judis-35894-613610.md: CausalDAG.add_fact() got an unexpected keyword argument 'content'
  ERROR 12644-1998-jonew-judis-26013-dedea8.md: CausalDAG.add_fact() got an unexpected keyword argument 'content'
  ERROR 12646-2007-jonew-judis-33832-4b9149.md: CausalDAG.add_fact() got an unexpected keyword argument 'content'
  ERROR 12648-2011-jonew-judis-43445-962659.md: CausalDAG.add_fact() got an unexpected keyword argument 'content'
  ERROR 12649-2005-jonew-judis-27297-d77e3b.md: CausalDAG.add_fact() got an unexpected keyword argument 'content'
  ERROR 12649-2006-jonew-judis-35454-10688a.md: CausalDAG.add_fact() got an unexpected keyword argument 'content'
  ERROR 12649-2015-jonew-judis-43243-19945c.md: CausalDAG.add_fact() got an unexpected keyword argument 'content'
  ERROR 1265-2002-jonew-judis-27648-02adf2.md: CausalDAG.add_fact() got an unexpected keyword argument 'content'
  ERROR 12656-2004-jonew-judis-28459-ba7b90.md: CausalDAG.add_fact() got an unexpected keyword argument 'content'
  ERROR 12657-1997-jonew-judis-13083-870e88.md: CausalDAG.add_fact() got an unexpected keyword argument 'content'
  ERROR 12657-2004-jonew-judis-39938-aa82c0.md: CausalDAG.add_fact() got an unexpected keyword argument 'content'
  ERROR 12658-2005-jonew-judis-27868-4b9def.md: CausalDAG.add_fact() got an unexpected keyword argument 'content'
  ERROR 12658-2007-jonew-judis-41876-ca38ef.md: CausalDAG.add_fact() got an unexpected keyword argument 'content'
  ERROR 12659-2021-supremecourt-2021-12659-12659-2021-1-1501-39396-judge-bccf4d.md: CausalDAG.add_fact() got an unexpected keyword argument 'content'
  ERROR 1266-1998-jonew-judis-26168-0aaa92.md: CausalDAG.add_fact() got an unexpected keyword argument 'content'
  ERROR 1266-2010-jonew-judis-40465-736c2d.md: CausalDAG.add_fact() got an unexpected keyword argument 'content'
  ERROR 1266-2013-jonew-judis-40674-93c347.md: CausalDAG.add_fact() got an unexpected keyword argument 'content'
  ERROR 12661-1998-jonew-judis-27709-3ccda0.md: CausalDAG.add_fact() got an unexpected keyword argument 'content'
  ERROR 12661-1998-jonew-judis-30231-b61a52.md: CausalDAG.add_fact() got an unexpected keyword argument 'content'
  ERROR 12662-2005-jonew-judis-42720-e6e646.md: CausalDAG.add_fact() got an unexpected keyword argument 'content'
  ERROR 12662-2019-supremecourt-2019-12662-12662-2019-4-1501-44552-judge-8094a6.md: CausalDAG.add_fact() got an unexpected keyword argument 'content'
  ERROR 12662-2020-supremecourt-2020-12662-12662-2020-34-1501-27585-judg-b7f5b2.md: CausalDAG.add_fact() got an unexpected keyword argument 'content'
  ERROR 12663-2000-jonew-judis-17591-745bac.md: CausalDAG.add_fact() got an unexpected keyword argument 'content'
  ERROR 12663-2006-jonew-judis-30979-8329c9.md: CausalDAG.add_fact() got an unexpected keyword argument 'content'
  ERROR 12664-1999-jonew-judis-28550-30b68f.md: CausalDAG.add_fact() got an unexpected keyword argument 'content'
  ERROR 12666-2001-jonew-judis-18485-ef48e3.md: CausalDAG.add_fact() got an unexpected keyword argument 'content'
  ERROR 12666-2004-supremecourt-2004-12666-12666-2004-10-1501-31361-judg-9ab155.md: CausalDAG.add_fact() got an unexpected keyword argument 'content'
  ERROR 12667-1999-jonew-judis-18130-df095d.md: CausalDAG.add_fact() got an unexpected keyword argument 'content'
  ERROR 12669-2005-jonew-judis-32136-23a811.md: CausalDAG.add_fact() got an unexpected keyword argument 'content'
  ERROR 1267-2013-jonew-judis-44584-0b2a30.md: CausalDAG.add_fact() got an unexpected keyword argument 'content'
  ERROR 12670-2006-jonew-judis-29160-47d6fd.md: CausalDAG.add_fact() got an unexpected keyword argument 'content'
  ERROR 12670-2016-jonew-judis-44260-83c6f6.md: CausalDAG.add_fact() got an unexpected keyword argument 'content'
  ERROR 12671-2001-jonew-judis-29625-ae07d3.md: CausalDAG.add_fact() got an unexpected keyword argument 'content'
  ERROR 12672-1994-jonew-judis-18641-bb9e5f.md: CausalDAG.add_fact() got an unexpected keyword argument 'content'
  ERROR 12672-2020-supremecourt-2020-12672-12672-2020-35-303-22659-judge-80ed9c.md: CausalDAG.add_fact() got an unexpected keyword argument 'content'
  ERROR 12672-2020-supremecourt-2020-12672-12672-2020-37-1-25112-judgeme-e4f3df.md: CausalDAG.add_fact() got an unexpected keyword argument 'content'
  ERROR 12673-2019-supremecourt-2019-12673-12673-2019-8-1502-37953-judge-1bccf8.md: CausalDAG.add_fact() got an unexpected keyword argument 'content'
  ERROR 12677-2013-supremecourt-2013-12677-12677-2013-judgement-02-may-2-737f24.md: CausalDAG.add_fact() got an unexpected keyword argument 'content'
  ERROR 12679-2012-jonew-judis-40538-363961.md: CausalDAG.add_fact() got an unexpected keyword argument 'content'
  ERROR 12679-2014-jonew-judis-42062-66753e.md: CausalDAG.add_fact() got an unexpected keyword argument 'content'
  ERROR 12679-2016-supremecourt-2016-12679-12679-2016-judgement-19-mar-2-defd1d.md: CausalDAG.add_fact() got an unexpected keyword argument 'content'
  ERROR 12679-2019-supremecourt-2019-12679-12679-2019-5-1502-17156-judge-66af62.md: CausalDAG.add_fact() got an unexpected keyword argument 'content'
  ERROR 1268-2001-jonew-judis-41534-a8b007.md: CausalDAG.add_fact() got an unexpected keyword argument 'content'
  ERROR 12680-2004-jonew-judis-28260-47603c.md: CausalDAG.add_fact() got an unexpected keyword argument 'content'
  ERROR 12681-2006-jonew-judis-40449-010f34.md: CausalDAG.add_fact() got an unexpected keyword argument 'content'
  ERROR 12681-2010-supremecourt-2010-12681-12681-2010-32-102-25801-judge-185c0f.md: CausalDAG.add_fact() got an unexpected keyword argument 'content'
  ERROR 12682-2010-jonew-judis-38677-a08484.md: CausalDAG.add_fact() got an unexpected keyword argument 'content'
  ERROR 12685-2002-jonew-judis-41469-a48022.md: CausalDAG.add_fact() got an unexpected keyword argument 'content'
  ERROR 12685-2005-jonew-judis-30032-a2b90c.md: CausalDAG.add_fact() got an unexpected keyword argument 'content'
  ERROR 12687-2004-jonew-judis-29484-2bffdb.md: CausalDAG.add_fact() got an unexpected keyword argument 'content'
  ERROR 1269-2002-jonew-judis-25749-adebf1.md: CausalDAG.add_fact() got an unexpected keyword argument 'content'
  ERROR 12692-1999-jonew-judis-20304-801c52.md: CausalDAG.add_fact() got an unexpected keyword argument 'content'
  ERROR 12694-2008-jonew-judis-43904-755396.md: CausalDAG.add_fact() got an unexpected keyword argument 'content'
  ERROR 12695-1998-jonew-judis-26324-551381.md: CausalDAG.add_fact() got an unexpected keyword argument 'content'
  ERROR 12696-1997-jonew-judis-12889-8e8e79.md: CausalDAG.add_fact() got an unexpected keyword argument 'content'
  ERROR 12696-1997-jonew-judis-17065-95da7d.md: CausalDAG.add_fact() got an unexpected keyword argument 'content'
  ERROR 12697-2021-supremecourt-2021-12697-12697-2021-38-1501-30696-judg-cf1653.md: CausalDAG.add_fact() got an unexpected keyword argument 'content'
  ERROR 12698-2008-jonew-judis-35138-40cd65.md: CausalDAG.add_fact() got an unexpected keyword argument 'content'
  ERROR 12698-2008-jonew-judis-41229-61d088.md: CausalDAG.add_fact() got an unexpected keyword argument 'content'
  ERROR 12698-2022-supremecourt-2022-12698-12698-2022-5-1503-36075-judge-4744bc.md: CausalDAG.add_fact() got an unexpected keyword argument 'content'
  ERROR 127-1955-jonew-judis-748-8ca89c.md: CausalDAG.add_fact() got an unexpected keyword argument 'content'
  ERROR 127-1956-jonew-judis-704-964fcb.md: CausalDAG.add_fact() got an unexpected keyword argument 'content'
  ERROR 127-1958-jonew-judis-485-d0775e.md: CausalDAG.add_fact() got an unexpected keyword argument 'content'
  ERROR 127-1959-jonew-judis-4361-4c350e.md: CausalDAG.add_fact() got an unexpected keyword argument 'content'
  ERROR 127-1960-jonew-judis-3910-1db0a2.md: CausalDAG.add_fact() got an unexpected keyword argument 'content'
  ERROR 127-1961-jonew-judis-4029-fb7e0b.md: CausalDAG.add_fact() got an unexpected keyword argument 'content'
  ERROR 127-1962-jonew-judis-3381-314bf7.md: CausalDAG.add_fact() got an unexpected keyword argument 'content'
  ERROR 127-1963-jonew-judis-3431-04ba2e.md: CausalDAG.add_fact() got an unexpected keyword argument 'content'
  ERROR 127-1965-jonew-judis-2131-f35ab6.md: CausalDAG.add_fact() got an unexpected keyword argument 'content'
  ERROR 127-1967-jonew-judis-2405-de72d3.md: CausalDAG.add_fact() got an unexpected keyword argument 'content'
  ERROR 127-2003-jonew-judis-26307-c2241d.md: CausalDAG.add_fact() got an unexpected keyword argument 'content'
  ERROR 127-2006-jonew-judis-29007-78441d.md: CausalDAG.add_fact() got an unexpected keyword argument 'content'
  ERROR 1270-2009-jonew-judis-35471-d301fb.md: CausalDAG.add_fact() got an unexpected keyword argument 'content'
  ERROR 12700-2017-supremecourt-2017-12700-12700-2017-judgement-02-may-2-f93ad9.md: CausalDAG.add_fact() got an unexpected keyword argument 'content'
  ERROR 12701-2006-jonew-judis-28808-c34bdb.md: CausalDAG.add_fact() got an unexpected keyword argument 'content'
  ERROR 12703-1998-jonew-judis-27279-8582e1.md: CausalDAG.add_fact() got an unexpected keyword argument 'content'
  ERROR 12703-2005-jonew-judis-28287-9d396e.md: CausalDAG.add_fact() got an unexpected keyword argument 'content'
  ERROR 12703-2005-jonew-judis-30809-b7242f.md: CausalDAG.add_fact() got an unexpected keyword argument 'content'
  ERROR 12703-2005-jonew-judis-35524-d551ad.md: CausalDAG.add_fact() got an unexpected keyword argument 'content'
  ERROR 12703-2007-jonew-judis-32043-daf881.md: CausalDAG.add_fact() got an unexpected keyword argument 'content'
  ERROR 12704-2016-supremecourt-2016-12704-12704-2016-judgement-26-sep-2-d90eac.md: CausalDAG.add_fact() got an unexpected keyword argument 'content'
  ERROR 12705-2003-jonew-judis-36953-f8a646.md: CausalDAG.add_fact() got an unexpected keyword argument 'content'
  ERROR 12706-2001-jonew-judis-32877-257c5b.md: CausalDAG.add_fact() got an unexpected keyword argument 'content'
  ERROR 12707-2001-jonew-judis-18468-90f59a.md: CausalDAG.add_fact() got an unexpected keyword argument 'content'
  ERROR 12711-2007-jonew-judis-30424-218203.md: CausalDAG.add_fact() got an unexpected keyword argument 'content'
  ERROR 12713-1995-jonew-judis-20820-ea5269.md: CausalDAG.add_fact() got an unexpected keyword argument 'content'
  ERROR 12713-2002-jonew-judis-30070-1bdda1.md: CausalDAG.add_fact() got an unexpected keyword argument 'content'
  ERROR 12715-2001-jonew-judis-18552-15d4ba.md: CausalDAG.add_fact() got an unexpected keyword argument 'content'
  ERROR 12718-1994-jonew-judis-19394-d9c4b2.md: CausalDAG.add_fact() got an unexpected keyword argument 'content'
  ERROR 12718-2002-jonew-judis-35449-d94cb5.md: CausalDAG.add_fact() got an unexpected keyword argument 'content'
  ERROR 12720-1995-jonew-judis-20813-eaccbb.md: CausalDAG.add_fact() got an unexpected keyword argument 'content'
  ERROR 12721-2024-supremecourt-2024-12721-12721-2024-6-1501-56009-judge-f455ad.md: CausalDAG.add_fact() got an unexpected keyword argument 'content'
  ERROR 12723-1997-jonew-judis-17025-b21560.md: CausalDAG.add_fact() got an unexpected keyword argument 'content'
  ERROR 12723-2008-supremecourt-2008-12723-12723-2008-15-1501-38496-judg-f798b6.md: CausalDAG.add_fact() got an unexpected keyword argument 'content'
  ERROR 12724-1998-jonew-judis-16466-7dc775.md: CausalDAG.add_fact() got an unexpected keyword argument 'content'
  ERROR 12726-1999-jonew-judis-17389-fef129.md: CausalDAG.add_fact() got an unexpected keyword argument 'content'
  ERROR 12727-2019-supremecourt-2019-12727-12727-2019-6-1502-16374-judge-613a23.md: CausalDAG.add_fact() got an unexpected keyword argument 'content'
  ERROR 12728-2008-supremecourt-2008-12728-12728-2008-8-1501-16493-judge-445218.md: CausalDAG.add_fact() got an unexpected keyword argument 'content'
  ERROR 12729-1997-jonew-judis-13802-e34399.md: CausalDAG.add_fact() got an unexpected keyword argument 'content'
  ERROR 12730-1997-jonew-judis-26996-67e794.md: CausalDAG.add_fact() got an unexpected keyword argument 'content'
  ERROR 12730-2008-supremecourt-2008-12730-12730-2008-9-1502-20579-judge-7c4ff5.md: CausalDAG.add_fact() got an unexpected keyword argument 'content'
  ERROR 12730-2009-jonew-judis-38046-04083b.md: CausalDAG.add_fact() got an unexpected keyword argument 'content'
  ERROR 12732-2001-jonew-judis-26116-7d179f.md: CausalDAG.add_fact() got an unexpected keyword argument 'content'
  ERROR 12737-2002-jonew-judis-33219-427b6d.md: CausalDAG.add_fact() got an unexpected keyword argument 'content'
  ERROR 12737-2008-jonew-judis-40174-10956f.md: CausalDAG.add_fact() got an unexpected keyword argument 'content'
  ERROR 12737-2009-jonew-judis-37381-4196ff.md: CausalDAG.add_fact() got an unexpected keyword argument 'content'
  ERROR 12739-2003-jonew-judis-32696-3a5087.md: CausalDAG.add_fact() got an unexpected keyword argument 'content'
  ERROR 12739-2018-supremecourt-2018-12739-12739-2018-judgement-11-may-2-03301c.md: CausalDAG.add_fact() got an unexpected keyword argument 'content'
  ERROR 12740-1995-jonew-judis-15682-ba6cc9.md: CausalDAG.add_fact() got an unexpected keyword argument 'content'
  ERROR 12741-2007-jonew-judis-39589-96ab31.md: CausalDAG.add_fact() got an unexpected keyword argument 'content'
  ERROR 12742-1994-jonew-judis-16083-6f3eb0.md: CausalDAG.add_fact() got an unexpected keyword argument 'content'
  ERROR 12742-2015-jonew-judis-44522-254981.md: CausalDAG.add_fact() got an unexpected keyword argument 'content'
  ERROR 12743-2007-jonew-judis-32401-c24146.md: CausalDAG.add_fact() got an unexpected keyword argument 'content'
  ERROR 12744-1997-jonew-judis-25920-34c706.md: CausalDAG.add_fact() got an unexpected keyword argument 'content'
  ERROR 12744-2005-jonew-judis-28677-9e5cab.md: CausalDAG.add_fact() got an unexpected keyword argument 'content'
  ERROR 12745-2009-jonew-judis-37725-3928ff.md: CausalDAG.add_fact() got an unexpected keyword argument 'content'
  ERROR 12745-2018-supremecourt-2018-12745-12745-2018-judgement-07-mar-2-8eca31.md: CausalDAG.add_fact() got an unexpected keyword argument 'content'
  ERROR 12746-1995-jonew-judis-15600-15e228.md: CausalDAG.add_fact() got an unexpected keyword argument 'content'
  ERROR 12747-2021-supremecourt-2021-12747-12747-2021-3-1501-51567-judge-2ce831.md: CausalDAG.add_fact() got an unexpected keyword argument 'content'
  ERROR 12748-1994-jonew-judis-16182-81e940.md: CausalDAG.add_fact() got an unexpected keyword argument 'content'
  ERROR 12748-1997-jonew-judis-13358-9a6c77.md: CausalDAG.add_fact() got an unexpected keyword argument 'content'
  ERROR 12749-1997-jonew-judis-26159-57e8e9.md: CausalDAG.add_fact() got an unexpected keyword argument 'content'
  ERROR 1275-1997-jonew-judis-17462-31c442.md: CausalDAG.add_fact() got an unexpected keyword argument 'content'
  ERROR 1275-2001-jonew-judis-18575-77eb2d.md: CausalDAG.add_fact() got an unexpected keyword argument 'content'
  ERROR 12751-2012-jonew-judis-40903-43f93a.md: CausalDAG.add_fact() got an unexpected keyword argument 'content'
  ERROR 12752-2000-jonew-judis-17713-d9031d.md: CausalDAG.add_fact() got an unexpected keyword argument 'content'
  ERROR 12752-2011-jonew-judis-41711-0e93be.md: CausalDAG.add_fact() got an unexpected keyword argument 'content'
  ERROR 12755-2000-jonew-judis-30980-532ae5.md: CausalDAG.add_fact() got an unexpected keyword argument 'content'
  ERROR 12755-2006-supremecourt-2006-12755-12755-2006-judgement-25-jan-2-a66f16.md: CausalDAG.add_fact() got an unexpected keyword argument 'content'
  ERROR 12755-2020-supremecourt-2020-12755-12755-2020-33-1501-28058-judg-62366f.md: CausalDAG.add_fact() got an unexpected keyword argument 'content'
  ERROR 12756-2014-jonew-judis-42999-ca6a0a.md: CausalDAG.add_fact() got an unexpected keyword argument 'content'
  ERROR 12758-2002-jonew-judis-35466-7d38b1.md: CausalDAG.add_fact() got an unexpected keyword argument 'content'
  ERROR 12759-2003-jonew-judis-30219-193c7d.md: CausalDAG.add_fact() got an unexpected keyword argument 'content'
  ERROR 1276-2001-jonew-judis-32193-b504a9.md: CausalDAG.add_fact() got an unexpected keyword argument 'content'
  ERROR 12760-2002-jonew-judis-29761-0d2398.md: CausalDAG.add_fact() got an unexpected keyword argument 'content'
  ERROR 12761-2009-jonew-judis-35937-0ebe78.md: CausalDAG.add_fact() got an unexpected keyword argument 'content'
  ERROR 12762-1998-jonew-judis-16690-0ede8e.md: CausalDAG.add_fact() got an unexpected keyword argument 'content'
  ERROR 12762-2001-jonew-judis-18794-13c770.md: CausalDAG.add_fact() got an unexpected keyword argument 'content'
  ERROR 12762-2009-jonew-judis-39458-cc7a8b.md: CausalDAG.add_fact() got an unexpected keyword argument 'content'
  ERROR 12762-2016-jonew-judis-44245-576c8a.md: CausalDAG.add_fact() got an unexpected keyword argument 'content'
  ERROR 12764-1995-jonew-judis-16694-9d9c10.md: CausalDAG.add_fact() got an unexpected keyword argument 'content'
  ERROR 12764-1998-jonew-judis-16733-55eca1.md: CausalDAG.add_fact() got an unexpected keyword argument 'content'
  ERROR 12765-2000-jonew-judis-18492-368c1b.md: CausalDAG.add_fact() got an unexpected keyword argument 'content'
  ERROR 12766-2011-jonew-judis-40872-f78486.md: CausalDAG.add_fact() got an unexpected keyword argument 'content'
  ERROR 12767-2011-supremecourt-2011-12767-12767-2011-6-1501-56634-judge-cf4ac6.md: CausalDAG.add_fact() got an unexpected keyword argument 'content'
  ERROR 12768-1995-jonew-judis-18671-d9aec6.md: CausalDAG.add_fact() got an unexpected keyword argument 'content'
  ERROR 1277-2003-jonew-judis-19331-edd7bc.md: CausalDAG.add_fact() got an unexpected keyword argument 'content'
  ERROR 1277-2022-supremecourt-2022-1277-1277-2022-2-1001-33824-judgemen-1f75cc.md: CausalDAG.add_fact() got an unexpected keyword argument 'content'
  ERROR 12773-2000-jonew-judis-36905-5afc2c.md: CausalDAG.add_fact() got an unexpected keyword argument 'content'
  ERROR 12774-1997-jonew-judis-25711-5dcb02.md: CausalDAG.add_fact() got an unexpected keyword argument 'content'
  ERROR 12775-1994-jonew-judis-13625-55fcb8.md: CausalDAG.add_fact() got an unexpected keyword argument 'content'
  ERROR 12775-2005-jonew-judis-28745-60915b.md: CausalDAG.add_fact() got an unexpected keyword argument 'content'
  ERROR 12776-2021-supremecourt-2021-12776-12776-2021-4-1502-35969-judge-3fc218.md: CausalDAG.add_fact() got an unexpected keyword argument 'content'
  ERROR 12779-2000-jonew-judis-35010-47a9c7.md: CausalDAG.add_fact() got an unexpected keyword argument 'content'
  ERROR 12779-2001-jonew-judis-37359-c6665c.md: CausalDAG.add_fact() got an unexpected keyword argument 'content'
  ERROR 1278-2007-jonew-judis-32927-add779.md: CausalDAG.add_fact() got an unexpected keyword argument 'content'
  ERROR 12781-1999-jonew-judis-17151-0cef6e.md: CausalDAG.add_fact() got an unexpected keyword argument 'content'
  ERROR 12781-2020-supremecourt-2020-12781-12781-2020-33-6-22685-judgeme-debaf1.md: CausalDAG.add_fact() got an unexpected keyword argument 'content'
  ERROR 12783-2006-jonew-judis-28629-6f0792.md: CausalDAG.add_fact() got an unexpected keyword argument 'content'
  ERROR 12784-1994-jonew-judis-15494-dbac8f.md: CausalDAG.add_fact() got an unexpected keyword argument 'content'
  ERROR 12784-2002-jonew-judis-31803-dd54fd.md: CausalDAG.add_fact() got an unexpected keyword argument 'content'
  ERROR 12785-2015-supremecourt-2015-12785-12785-2015-judgement-09-aug-2-96d5ec.md: CausalDAG.add_fact() got an unexpected keyword argument 'content'
  ERROR 12787-2019-supremecourt-2019-12787-12787-2019-judgement-10-may-2-9dab02.md: CausalDAG.add_fact() got an unexpected keyword argument 'content'
  ERROR 12788-2007-jonew-judis-41407-ae558b.md: CausalDAG.add_fact() got an unexpected keyword argument 'content'
  ERROR 12788-2008-supremecourt-2008-12788-12788-2008-judgement-04-jan-2-e4d2b2.md: CausalDAG.add_fact() got an unexpected keyword argument 'content'
  ERROR 1279-2000-jonew-judis-20730-f35da8.md: CausalDAG.add_fact() got an unexpected keyword argument 'content'
  ERROR 12791-2013-supremecourt-2013-12791-12791-2013-7-1501-38221-judge-202d0c.md: CausalDAG.add_fact() got an unexpected keyword argument 'content'
  ERROR 12792-1995-jonew-judis-15719-8f6c6d.md: CausalDAG.add_fact() got an unexpected keyword argument 'content'
  ERROR 12794-1999-jonew-judis-26797-3f2f8a.md: CausalDAG.add_fact() got an unexpected keyword argument 'content'
  ERROR 12795-2019-supremecourt-2019-12795-12795-2019-5-1501-18543-judge-5ec228.md: CausalDAG.add_fact() got an unexpected keyword argument 'content'
  ERROR 12796-2010-jonew-judis-37157-42ea0b.md: CausalDAG.add_fact() got an unexpected keyword argument 'content'
  ERROR 12796-2016-supremecourt-2016-12796-12796-2016-judgement-08-feb-2-e58835.md: CausalDAG.add_fact() got an unexpected keyword argument 'content'
  ERROR 12799-1997-jonew-judis-26384-5906ac.md: CausalDAG.add_fact() got an unexpected keyword argument 'content'
  ERROR 12799-2002-jonew-judis-37302-5d4ca4.md: CausalDAG.add_fact() got an unexpected keyword argument 'content'
  ERROR 12799-2015-supremecourt-2015-12799-12799-2015-8-1501-42665-judge-85d3ee.md: CausalDAG.add_fact() got an unexpected keyword argument 'content'
  ERROR 128-1955-jonew-judis-749-a40762.md: CausalDAG.add_fact() got an unexpected keyword argument 'content'
  ERROR 128-1956-jonew-judis-705-dbe570.md: CausalDAG.add_fact() got an unexpected keyword argument 'content'
  ERROR 128-1958-jonew-judis-487-8d12c9.md: CausalDAG.add_fact() got an unexpected keyword argument 'content'
  ERROR 128-1959-jonew-judis-4362-ba1209.md: CausalDAG.add_fact() got an unexpected keyword argument 'content'
  ERROR 128-1960-jonew-judis-3911-cdbaf8.md: CausalDAG.add_fact() got an unexpected keyword argument 'content'
  ERROR 128-1961-jonew-judis-4033-437fa2.md: CausalDAG.add_fact() got an unexpected keyword argument 'content'
  ERROR 128-1962-jonew-judis-3385-aa721b.md: CausalDAG.add_fact() got an unexpected keyword argument 'content'
  ERROR 128-1963-jonew-judis-3434-1e4abf.md: CausalDAG.add_fact() got an unexpected keyword argument 'content'
  ERROR 128-1965-jonew-judis-2134-6f62f1.md: CausalDAG.add_fact() got an unexpected keyword argument 'content'
  ERROR 128-1967-jonew-judis-2414-adba93.md: CausalDAG.add_fact() got an unexpected keyword argument 'content'
  ERROR 128-1999-jonew-judis-16930-438dca.md: CausalDAG.add_fact() got an unexpected keyword argument 'content'
  ERROR 128-1999-jonew-judis-16936-366161.md: CausalDAG.add_fact() got an unexpected keyword argument 'content'
  ERROR 128-2018-supremecourt-2018-128-128-2018-13-1502-32143-judgement-524bcd.md: CausalDAG.add_fact() got an unexpected keyword argument 'content'
  ERROR 12800-1999-jonew-judis-31326-28268d.md: CausalDAG.add_fact() got an unexpected keyword argument 'content'
  ERROR 12800-2006-jonew-judis-28136-965076.md: CausalDAG.add_fact() got an unexpected keyword argument 'content'
  ERROR 12801-1995-jonew-judis-25645-9ef01c.md: CausalDAG.add_fact() got an unexpected keyword argument 'content'
  ERROR 12802-2001-jonew-judis-18487-67056b.md: CausalDAG.add_fact() got an unexpected keyword argument 'content'
  ERROR 12802-2020-supremecourt-2020-12802-12802-2020-10-1501-35304-judg-861052.md: CausalDAG.add_fact() got an unexpected keyword argument 'content'
  ERROR 12803-1995-jonew-judis-13039-ae8e23.md: CausalDAG.add_fact() got an unexpected keyword argument 'content'
  ERROR 12803-2011-supremecourt-2011-12803-12803-2011-15-1501-53104-judg-6d2758.md: CausalDAG.add_fact() got an unexpected keyword argument 'content'
  ERROR 12803-2012-jonew-judis-42114-421848.md: CausalDAG.add_fact() got an unexpected keyword argument 'content'
  ERROR 12807-1998-jonew-judis-20480-ab16de.md: CausalDAG.add_fact() got an unexpected keyword argument 'content'
  ERROR 12810-1999-jonew-judis-42446-498e89.md: CausalDAG.add_fact() got an unexpected keyword argument 'content'
  ERROR 12811-2002-jonew-judis-29125-de18df.md: CausalDAG.add_fact() got an unexpected keyword argument 'content'
  ERROR 12811-2017-supremecourt-2017-12811-12811-2017-4-1501-48305-judge-c8de9f.md: CausalDAG.add_fact() got an unexpected keyword argument 'content'
  ERROR 12815-1997-jonew-judis-13284-ca0081.md: CausalDAG.add_fact() got an unexpected keyword argument 'content'
  ERROR 12817-2003-jonew-judis-36062-48d68a.md: CausalDAG.add_fact() got an unexpected keyword argument 'content'
  ERROR 12817-2019-supremecourt-2019-12817-12817-2019-6-1502-58085-judge-1f6dc3.md: CausalDAG.add_fact() got an unexpected keyword argument 'content'
  ERROR 12819-2009-jonew-judis-39946-54e288.md: CausalDAG.add_fact() got an unexpected keyword argument 'content'
  ERROR 1282-2020-supremecourt-2020-1282-1282-2020-42-10-26857-judgement-4b3c73.md: CausalDAG.add_fact() got an unexpected keyword argument 'content'
  ERROR 12820-2012-jonew-judis-41168-cd8dd8.md: CausalDAG.add_fact() got an unexpected keyword argument 'content'
  ERROR 12821-2005-jonew-judis-34828-7e7236.md: CausalDAG.add_fact() got an unexpected keyword argument 'content'
  ERROR 12822-2018-supremecourt-2018-12822-12822-2018-4-1504-44146-judge-dbf73f.md: CausalDAG.add_fact() got an unexpected keyword argument 'content'
  ERROR 12824-1997-jonew-judis-13230-f2ce00.md: CausalDAG.add_fact() got an unexpected keyword argument 'content'
  ERROR 12825-2000-jonew-judis-20772-f818fb.md: CausalDAG.add_fact() got an unexpected keyword argument 'content'
  ERROR 12827-2008-jonew-judis-42430-7c7f0f.md: CausalDAG.add_fact() got an unexpected keyword argument 'content'
  ERROR 12829-1994-jonew-judis-14782-3a3cd8.md: CausalDAG.add_fact() got an unexpected keyword argument 'content'
  ERROR 1283-1995-jonew-judis-15967-b43254.md: CausalDAG.add_fact() got an unexpected keyword argument 'content'
  ERROR 1283-2008-supremecourt-2008-1283-1283-2008-12-1501-14177-judgeme-4d8e35.md: CausalDAG.add_fact() got an unexpected keyword argument 'content'
  ERROR 1283-2015-supremecourt-2015-1283-1283-2015-judgement-09-aug-2018-217c6a.md: CausalDAG.add_fact() got an unexpected keyword argument 'content'
  ERROR 12830-2007-jonew-judis-43209-76dcd1.md: CausalDAG.add_fact() got an unexpected keyword argument 'content'
  ERROR 12830-2015-supremecourt-2015-12830-12830-2015-6-1501-15507-judge-102820.md: CausalDAG.add_fact() got an unexpected keyword argument 'content'
  ERROR 12831-2018-supremecourt-2018-12831-12831-2018-judgement-09-apr-2-f4bae2.md: CausalDAG.add_fact() got an unexpected keyword argument 'content'
  ERROR 12832-2006-jonew-judis-30252-6f1e17.md: CausalDAG.add_fact() got an unexpected keyword argument 'content'
  ERROR 12834-2006-jonew-judis-41878-a878c7.md: CausalDAG.add_fact() got an unexpected keyword argument 'content'
  ERROR 12834-2008-jonew-judis-33405-7736d1.md: CausalDAG.add_fact() got an unexpected keyword argument 'content'
  ERROR 12835-1994-jonew-judis-11038-9b60d9.md: CausalDAG.add_fact() got an unexpected keyword argument 'content'
  ERROR 12835-2023-supremecourt-2023-12835-12835-2023-5-1501-52096-judge-5101a1.md: CausalDAG.add_fact() got an unexpected keyword argument 'content'
  ERROR 12836-2001-jonew-judis-18868-3eda1a.md: CausalDAG.add_fact() got an unexpected keyword argument 'content'
  ERROR 12838-2010-supremecourt-2010-12838-12838-2010-judgement-26-feb-2-530ff1.md: CausalDAG.add_fact() got an unexpected keyword argument 'content'
  ERROR 12840-2008-jonew-judis-38824-59d2f9.md: CausalDAG.add_fact() got an unexpected keyword argument 'content'
  ERROR 12841-2000-jonew-judis-20575-216d18.md: CausalDAG.add_fact() got an unexpected keyword argument 'content'
  ERROR 12842-2013-supremecourt-2013-12842-12842-2013-judgement-26-may-2-28156d.md: CausalDAG.add_fact() got an unexpected keyword argument 'content'
  ERROR 12844-2001-jonew-judis-29008-923b22.md: CausalDAG.add_fact() got an unexpected keyword argument 'content'
  ERROR 12845-2013-jonew-judis-42549-5cdec4.md: CausalDAG.add_fact() got an unexpected keyword argument 'content'
  ERROR 12846-2004-jonew-judis-29326-5d0c0a.md: CausalDAG.add_fact() got an unexpected keyword argument 'content'
  ERROR 12848-1995-jonew-judis-14542-358f79.md: CausalDAG.add_fact() got an unexpected keyword argument 'content'
  ERROR 1285-2002-jonew-judis-29130-40b2b4.md: CausalDAG.add_fact() got an unexpected keyword argument 'content'
  ERROR 12850-1997-jonew-judis-16593-1eacbd.md: CausalDAG.add_fact() got an unexpected keyword argument 'content'
  ERROR 12850-2010-jonew-judis-37323-26bf82.md: CausalDAG.add_fact() got an unexpected keyword argument 'content'
  ERROR 12851-2008-jonew-judis-35867-7bbda3.md: CausalDAG.add_fact() got an unexpected keyword argument 'content'
  ERROR 12851-2018-supremecourt-2018-12851-12851-2018-11-1507-36266-judg-9928a6.md: CausalDAG.add_fact() got an unexpected keyword argument 'content'
  ERROR 12852-2007-jonew-judis-44748-10521d.md: CausalDAG.add_fact() got an unexpected keyword argument 'content'
  ERROR 12852-2009-supremecourt-2009-12852-12852-2009-36-1501-23654-judg-d1fb20.md: CausalDAG.add_fact() got an unexpected keyword argument 'content'
  ERROR 12853-2001-jonew-judis-18771-7e9ce9.md: CausalDAG.add_fact() got an unexpected keyword argument 'content'
  ERROR 12853-2009-supremecourt-2009-12853-12853-2009-judgement-28-feb-2-004bc2.md: CausalDAG.add_fact() got an unexpected keyword argument 'content'
  ERROR 12857-1997-jonew-judis-16995-e1f3b2.md: CausalDAG.add_fact() got an unexpected keyword argument 'content'
  ERROR 12857-2001-jonew-judis-25940-dc8866.md: CausalDAG.add_fact() got an unexpected keyword argument 'content'
  ERROR 12857-2016-supremecourt-2016-12857-12857-2016-judgement-20-jul-2-7b9cf5.md: CausalDAG.add_fact() got an unexpected keyword argument 'content'
  ERROR 1286-2000-jonew-judis-26800-598d7f.md: CausalDAG.add_fact() got an unexpected keyword argument 'content'
  ERROR 12861-2000-jonew-judis-30404-07cf45.md: CausalDAG.add_fact() got an unexpected keyword argument 'content'
  ERROR 12861-2005-supremecourt-2005-12861-12861-2005-judgement-15-sep-2-cf74fe.md: CausalDAG.add_fact() got an unexpected keyword argument 'content'
  ERROR 12865-2000-jonew-judis-27500-6a6830.md: CausalDAG.add_fact() got an unexpected keyword argument 'content'
  ERROR 12865-2000-jonew-judis-36840-231efe.md: CausalDAG.add_fact() got an unexpected keyword argument 'content'
  ERROR 12866-2006-supremecourt-2006-12866-12866-2006-judgement-19-apr-2-7d0c1b.md: CausalDAG.add_fact() got an unexpected keyword argument 'content'
  ERROR 12866-2021-supremecourt-2021-12866-12866-2021-43-1505-31402-judg-1f0e01.md: CausalDAG.add_fact() got an unexpected keyword argument 'content'
  ERROR 12867-2011-jonew-judis-43012-0798b9.md: CausalDAG.add_fact() got an unexpected keyword argument 'content'
  ERROR 12869-1998-jonew-judis-20297-8adec9.md: CausalDAG.add_fact() got an unexpected keyword argument 'content'
  ERROR 1287-2007-jonew-judis-36831-4b4b72.md: CausalDAG.add_fact() got an unexpected keyword argument 'content'
  ERROR 12870-1997-jonew-judis-26571-5a8c10.md: CausalDAG.add_fact() got an unexpected keyword argument 'content'
  ERROR 12874-2000-jonew-judis-33227-fb64ed.md: CausalDAG.add_fact() got an unexpected keyword argument 'content'
  ERROR 12875-2002-jonew-judis-27079-dc0548.md: CausalDAG.add_fact() got an unexpected keyword argument 'content'
  ERROR 12875-2007-jonew-judis-30426-24bb9b.md: CausalDAG.add_fact() got an unexpected keyword argument 'content'
  ERROR 12875-2023-supremecourt-2023-12875-12875-2023-8-1506-49160-judge-2e6227.md: CausalDAG.add_fact() got an unexpected keyword argument 'content'
  ERROR 12876-2004-jonew-judis-33446-a955a4.md: CausalDAG.add_fact() got an unexpected keyword argument 'content'
  ERROR 12877-2000-jonew-judis-17931-49cd98.md: CausalDAG.add_fact() got an unexpected keyword argument 'content'
  ERROR 12877-2000-jonew-judis-17934-fdc17c.md: CausalDAG.add_fact() got an unexpected keyword argument 'content'
  ERROR 12878-2009-supremecourt-2009-12878-12878-2009-3-1501-16808-judge-ab10cf.md: CausalDAG.add_fact() got an unexpected keyword argument 'content'
  ERROR 1288-2018-supremecourt-2018-1288-1288-2018-12-1501-33629-judgeme-ed6554.md: CausalDAG.add_fact() got an unexpected keyword argument 'content'
  ERROR 12882-2008-supremecourt-2008-12882-12882-2008-13-1501-38230-judg-35fc7f.md: CausalDAG.add_fact() got an unexpected keyword argument 'content'
  ERROR 12882-2016-supremecourt-2016-12882-12882-2016-2-109-54088-judgem-effcc9.md: CausalDAG.add_fact() got an unexpected keyword argument 'content'
  ERROR 12883-2020-supremecourt-2020-12883-12883-2020-7-1502-38707-judge-61f734.md: CausalDAG.add_fact() got an unexpected keyword argument 'content'
  ERROR 12884-2003-jonew-judis-29302-f48da0.md: CausalDAG.add_fact() got an unexpected keyword argument 'content'
  ERROR 12887-1994-jonew-judis-18107-8c8f8f.md: CausalDAG.add_fact() got an unexpected keyword argument 'content'
  ERROR 12887-2003-jonew-judis-33742-2ad1ce.md: CausalDAG.add_fact() got an unexpected keyword argument 'content'
  ERROR 12889-2000-jonew-judis-17638-4e8d53.md: CausalDAG.add_fact() got an unexpected keyword argument 'content'
  ERROR 12889-2009-jonew-judis-35065-7fb6a6.md: CausalDAG.add_fact() got an unexpected keyword argument 'content'
  ERROR 12892-2022-supremecourt-2022-12892-12892-2022-8-1501-40677-judge-c5e348.md: CausalDAG.add_fact() got an unexpected keyword argument 'content'
  ERROR 12893-2018-supremecourt-2018-12893-12893-2018-1-1501-35033-judge-1cea2c.md: CausalDAG.add_fact() got an unexpected keyword argument 'content'
  ERROR 12894-2019-supremecourt-2019-12894-12894-2019-35-1502-30237-judg-f00906.md: CausalDAG.add_fact() got an unexpected keyword argument 'content'
  ERROR 12895-2004-jonew-judis-41148-3aa930.md: CausalDAG.add_fact() got an unexpected keyword argument 'content'
  ERROR 12895-2013-jonew-judis-44534-3e7dec.md: CausalDAG.add_fact() got an unexpected keyword argument 'content'
  ERROR 12897-2004-jonew-judis-37304-0e124f.md: CausalDAG.add_fact() got an unexpected keyword argument 'content'
  ERROR 12899-2007-jonew-judis-30647-65857b.md: CausalDAG.add_fact() got an unexpected keyword argument 'content'
  ERROR 129-1955-jonew-judis-751-9fd5a3.md: CausalDAG.add_fact() got an unexpected keyword argument 'content'
  ERROR 129-1956-jonew-judis-720-b97300.md: CausalDAG.add_fact() got an unexpected keyword argument 'content'
  ERROR 129-1958-jonew-judis-491-88463a.md: CausalDAG.add_fact() got an unexpected keyword argument 'content'
  ERROR 129-1959-jonew-judis-4390-615ee4.md: CausalDAG.add_fact() got an unexpected keyword argument 'content'
  ERROR 129-1960-jonew-judis-3912-a388b1.md: CausalDAG.add_fact() got an unexpected keyword argument 'content'
  ERROR 129-1961-jonew-judis-4034-4cda6e.md: CausalDAG.add_fact() got an unexpected keyword argument 'content'
  ERROR 129-1962-jonew-judis-3441-2ce2f6.md: CausalDAG.add_fact() got an unexpected keyword argument 'content'
  ERROR 129-1963-jonew-judis-3438-a75a30.md: CausalDAG.add_fact() got an unexpected keyword argument 'content'
  ERROR 129-1965-jonew-judis-2136-328add.md: CausalDAG.add_fact() got an unexpected keyword argument 'content'
  ERROR 129-1967-jonew-judis-2444-296b91.md: CausalDAG.add_fact() got an unexpected keyword argument 'content'
  ERROR 129-1999-jonew-judis-20363-dcbd78.md: CausalDAG.add_fact() got an unexpected keyword argument 'content'
  ERROR 1290-2001-jonew-judis-33174-acee28.md: CausalDAG.add_fact() got an unexpected keyword argument 'content'
  ERROR 1290-2002-jonew-judis-19339-373027.md: CausalDAG.add_fact() got an unexpected keyword argument 'content'
  ERROR 12901-2000-jonew-judis-17660-47ef08.md: CausalDAG.add_fact() got an unexpected keyword argument 'content'
  ERROR 12902-2004-jonew-judis-28075-4b947e.md: CausalDAG.add_fact() got an unexpected keyword argument 'content'
  ERROR 12902-2006-jonew-judis-32867-b74a52.md: CausalDAG.add_fact() got an unexpected keyword argument 'content'
  ERROR 12903-1997-jonew-judis-16925-4ecd3e.md: CausalDAG.add_fact() got an unexpected keyword argument 'content'
  ERROR 12905-2010-supremecourt-2010-12905-12905-2010-judgement-19-sep-2-c4c678.md: CausalDAG.add_fact() got an unexpected keyword argument 'content'
  ERROR 12907-2009-supremecourt-2009-12907-12907-2009-15-1501-46762-judg-ab4492.md: CausalDAG.add_fact() got an unexpected keyword argument 'content'
  ERROR 12909-1994-jonew-judis-16120-feb66c.md: CausalDAG.add_fact() got an unexpected keyword argument 'content'
  ERROR 12909-2001-jonew-judis-33143-643215.md: CausalDAG.add_fact() got an unexpected keyword argument 'content'
  ERROR 12909-2001-jonew-judis-34989-661dfe.md: CausalDAG.add_fact() got an unexpected keyword argument 'content'
  ERROR 12911-2001-jonew-judis-28768-faeeb3.md: CausalDAG.add_fact() got an unexpected keyword argument 'content'
  ERROR 12912-2005-jonew-judis-27745-10ce05.md: CausalDAG.add_fact() got an unexpected keyword argument 'content'
  ERROR 12913-2005-jonew-judis-29588-c35cef.md: CausalDAG.add_fact() got an unexpected keyword argument 'content'
  ERROR 12913-2006-jonew-judis-43138-4335d8.md: CausalDAG.add_fact() got an unexpected keyword argument 'content'
  ERROR 12915-2000-jonew-judis-20712-fb5a26.md: CausalDAG.add_fact() got an unexpected keyword argument 'content'
  Batch 9: 4500/20531 docs, 0 facts, 4500 skipped, ETA 8.1m
  ERROR 12915-2012-jonew-judis-42416-e2b128.md: CausalDAG.add_fact() got an unexpected keyword argument 'content'
  ERROR 12916-2005-jonew-judis-42821-4e388c.md: CausalDAG.add_fact() got an unexpected keyword argument 'content'
  ERROR 12918-2016-supremecourt-2016-12918-12918-2016-order-03-dec-2018-91d472.md: CausalDAG.add_fact() got an unexpected keyword argument 'content'
  ERROR 1292-2003-jonew-judis-39717-53477d.md: CausalDAG.add_fact() got an unexpected keyword argument 'content'
  ERROR 12920-2007-jonew-judis-35255-5ef21a.md: CausalDAG.add_fact() got an unexpected keyword argument 'content'
  ERROR 12921-2003-jonew-judis-26955-6a2962.md: CausalDAG.add_fact() got an unexpected keyword argument 'content'
  ERROR 12922-2007-supremecourt-2007-12922-12922-2007-judgement-27-jul-2-7d141e.md: CausalDAG.add_fact() got an unexpected keyword argument 'content'
  ERROR 12923-2006-supremecourt-2006-12923-12923-2006-judgement-05-sep-2-b4cf0c.md: CausalDAG.add_fact() got an unexpected keyword argument 'content'
  ERROR 12924-2007-jonew-judis-30866-d8acf1.md: CausalDAG.add_fact() got an unexpected keyword argument 'content'
  ERROR 12926-1995-jonew-judis-19400-efa870.md: CausalDAG.add_fact() got an unexpected keyword argument 'content'
  ERROR 12926-1997-jonew-judis-13400-d4a86d.md: CausalDAG.add_fact() got an unexpected keyword argument 'content'
  ERROR 12926-2012-supremecourt-2012-12926-12926-2012-2-102-51622-judgem-69e87b.md: CausalDAG.add_fact() got an unexpected keyword argument 'content'
  ERROR 12928-2017-supremecourt-2017-12928-12928-2017-judgement-07-mar-2-4004af.md: CausalDAG.add_fact() got an unexpected keyword argument 'content'
  ERROR 12929-2009-supremecourt-2009-12929-12929-2009-37-1501-25592-judg-f3adfc.md: CausalDAG.add_fact() got an unexpected keyword argument 'content'
  ERROR 1293-2001-jonew-judis-18976-f35c8f.md: CausalDAG.add_fact() got an unexpected keyword argument 'content'
  ERROR 1293-2001-jonew-judis-18982-b8bbce.md: CausalDAG.add_fact() got an unexpected keyword argument 'content'
  ERROR 1293-2005-supremecourt-5-5-judgement-11-may-2018-54b6e1.md: CausalDAG.add_fact() got an unexpected keyword argument 'content'
  ERROR 1293-2007-jonew-judis-32110-104f2d.md: CausalDAG.add_fact() got an unexpected keyword argument 'content'
  ERROR 1293-2012-supremecourt-2012-1293-1293-2012-11-1501-53526-judgeme-0748dd.md: CausalDAG.add_fact() got an unexpected keyword argument 'content'
  ERROR 12934-2008-jonew-judis-37139-e012b5.md: CausalDAG.add_fact() got an unexpected keyword argument 'content'
  ERROR 12934-2014-jonew-courtnic-rop-2014-12934-rop-914699-e27bfb.md: CausalDAG.add_fact() got an unexpected keyword argument 'content'
  ERROR 12934-2014-jonew-judis-44686-07d680.md: CausalDAG.add_fact() got an unexpected keyword argument 'content'
  ERROR 12935-2000-jonew-judis-26671-aa1401.md: CausalDAG.add_fact() got an unexpected keyword argument 'content'
  ERROR 12935-2006-jonew-judis-40572-81b887.md: CausalDAG.add_fact() got an unexpected keyword argument 'content'
  ERROR 12936-2001-jonew-judis-31556-96837c.md: CausalDAG.add_fact() got an unexpected keyword argument 'content'
  ERROR 12937-2023-supremecourt-2023-12937-12937-2023-8-1501-45352-judge-82e58e.md: CausalDAG.add_fact() got an unexpected keyword argument 'content'
  ERROR 12938-2000-jonew-judis-18865-269467.md: CausalDAG.add_fact() got an unexpected keyword argument 'content'
  ERROR 12939-2003-jonew-judis-38189-711839.md: CausalDAG.add_fact() got an unexpected keyword argument 'content'
  ERROR 12939-2005-jonew-judis-28416-85605e.md: CausalDAG.add_fact() got an unexpected keyword argument 'content'
  ERROR 1294-1999-jonew-judis-17334-af5f2c.md: CausalDAG.add_fact() got an unexpected keyword argument 'content'
  ERROR 1294-2009-jonew-judis-42418-6f2fa4.md: CausalDAG.add_fact() got an unexpected keyword argument 'content'
  ERROR 12941-2016-jonew-judis-43581-dd8fcb.md: CausalDAG.add_fact() got an unexpected keyword argument 'content'
  ERROR 12944-1997-jonew-judis-25769-a0dc93.md: CausalDAG.add_fact() got an unexpected keyword argument 'content'
  ERROR 12944-2012-jonew-judis-43874-23ce9c.md: CausalDAG.add_fact() got an unexpected keyword argument 'content'
  ERROR 12946-2003-jonew-judis-26367-2bd216.md: CausalDAG.add_fact() got an unexpected keyword argument 'content'
  ERROR 12946-2006-jonew-judis-30540-13e640.md: CausalDAG.add_fact() got an unexpected keyword argument 'content'
  ERROR 12948-2000-jonew-judis-18155-2c1585.md: CausalDAG.add_fact() got an unexpected keyword argument 'content'
  ERROR 12948-2007-jonew-judis-32114-c84051.md: CausalDAG.add_fact() got an unexpected keyword argument 'content'
  ERROR 12949-1997-jonew-judis-27909-b61a26.md: CausalDAG.add_fact() got an unexpected keyword argument 'content'
  ERROR 1295-2002-jonew-judis-34384-b66ac1.md: CausalDAG.add_fact() got an unexpected keyword argument 'content'
  ERROR 12951-2020-supremecourt-2020-12951-12951-2020-36-3-26641-judgeme-b0dd24.md: CausalDAG.add_fact() got an unexpected keyword argument 'content'
  ERROR 12953-2021-supremecourt-2021-12953-12953-2021-35-24-30307-judgem-e48c4a.md: CausalDAG.add_fact() got an unexpected keyword argument 'content'
  ERROR 12954-2000-jonew-judis-29000-9d0a51.md: CausalDAG.add_fact() got an unexpected keyword argument 'content'
  ERROR 12954-2003-jonew-judis-27076-49f9f7.md: CausalDAG.add_fact() got an unexpected keyword argument 'content'
  ERROR 12955-2002-jonew-judis-29405-37076f.md: CausalDAG.add_fact() got an unexpected keyword argument 'content'
  ERROR 1296-2000-jonew-judis-26971-697871.md: CausalDAG.add_fact() got an unexpected keyword argument 'content'
  ERROR 1296-2004-jonew-judis-26787-b7d5bc.md: CausalDAG.add_fact() got an unexpected keyword argument 'content'
  ERROR 1296-2007-jonew-judis-37752-e80534.md: CausalDAG.add_fact() got an unexpected keyword argument 'content'
  ERROR 1296-2018-supremecourt-2018-1296-1296-2018-judgement-02-feb-2018-1f8ccc.md: CausalDAG.add_fact() got an unexpected keyword argument 'content'
  ERROR 12963-2009-supremecourt-2009-12963-12963-2009-34-1501-22630-judg-f9171f.md: CausalDAG.add_fact() got an unexpected keyword argument 'content'
  ERROR 12966-2005-jonew-judis-28198-9ba2ea.md: CausalDAG.add_fact() got an unexpected keyword argument 'content'
  ERROR 12967-2015-supremecourt-2015-2015-judgement-19-jun-2017-71897f.md: CausalDAG.add_fact() got an unexpected keyword argument 'content'
  ERROR 12967-2020-supremecourt-2020-12967-12967-2020-35-1501-26073-judg-daf960.md: CausalDAG.add_fact() got an unexpected keyword argument 'content'
  ERROR 12968-2012-jonew-judis-43837-c2b231.md: CausalDAG.add_fact() got an unexpected keyword argument 'content'
  ERROR 12970-2007-jonew-judis-32852-eea7d8.md: CausalDAG.add_fact() got an unexpected keyword argument 'content'
  ERROR 12971-1997-jonew-judis-26089-fabb52.md: CausalDAG.add_fact() got an unexpected keyword argument 'content'
  ERROR 12971-2001-jonew-judis-30827-f747a0.md: CausalDAG.add_fact() got an unexpected keyword argument 'content'
  ERROR 12972-2001-jonew-judis-34661-28b03a.md: CausalDAG.add_fact() got an unexpected keyword argument 'content'
  ERROR 12972-2003-jonew-judis-36197-d6b9e5.md: CausalDAG.add_fact() got an unexpected keyword argument 'content'
  ERROR 12972-2009-jonew-judis-39834-9699f5.md: CausalDAG.add_fact() got an unexpected keyword argument 'content'
  ERROR 12975-2012-supremecourt-2012-12975-12975-2012-43-102-29048-judge-d8d3b9.md: CausalDAG.add_fact() got an unexpected keyword argument 'content'
  ERROR 12977-2003-jonew-judis-40474-424d27.md: CausalDAG.add_fact() got an unexpected keyword argument 'content'
  ERROR 12978-2006-jonew-judis-31829-ca6dea.md: CausalDAG.add_fact() got an unexpected keyword argument 'content'
  ERROR 12978-2022-supremecourt-2022-12978-12978-2022-3-1501-52269-judge-720183.md: CausalDAG.add_fact() got an unexpected keyword argument 'content'
  ERROR 12979-2006-jonew-judis-29740-379e58.md: CausalDAG.add_fact() got an unexpected keyword argument 'content'
  ERROR 1298-1997-jonew-judis-20272-300be5.md: CausalDAG.add_fact() got an unexpected keyword argument 'content'
  ERROR 1298-2002-jonew-judis-36957-bd7510.md: CausalDAG.add_fact() got an unexpected keyword argument 'content'
  ERROR 1298-2005-jonew-judis-36884-f3ae58.md: CausalDAG.add_fact() got an unexpected keyword argument 'content'
  ERROR 1298-2020-supremecourt-2020-1298-1298-2020-35-1501-23285-judgeme-cd9bc3.md: CausalDAG.add_fact() got an unexpected keyword argument 'content'
  ERROR 12983-2002-jonew-judis-28539-271aa3.md: CausalDAG.add_fact() got an unexpected keyword argument 'content'
  ERROR 12984-1999-jonew-judis-26808-3a958d.md: CausalDAG.add_fact() got an unexpected keyword argument 'content'
  ERROR 12984-2001-jonew-judis-31083-c78b9c.md: CausalDAG.add_fact() got an unexpected keyword argument 'content'
  ERROR 12985-2004-jonew-judis-31550-67ad4b.md: CausalDAG.add_fact() got an unexpected keyword argument 'content'
  ERROR 12985-2006-jonew-judis-42655-88a970.md: CausalDAG.add_fact() got an unexpected keyword argument 'content'
  ERROR 12985-2015-supremecourt-2015-12985-12985-2015-33-16-23869-judgem-d65193.md: CausalDAG.add_fact() got an unexpected keyword argument 'content'
  ERROR 12985-2019-supremecourt-2019-12985-12985-2019-6-1501-17487-judge-e62f17.md: CausalDAG.add_fact() got an unexpected keyword argument 'content'
  ERROR 12988-1998-jonew-judis-16786-108854.md: CausalDAG.add_fact() got an unexpected keyword argument 'content'
  ERROR 12989-2001-jonew-judis-20825-c9d94f.md: CausalDAG.add_fact() got an unexpected keyword argument 'content'
  ERROR 12989-2023-supremecourt-2023-12989-12989-2023-5-1502-49939-judge-7d82c5.md: CausalDAG.add_fact() got an unexpected keyword argument 'content'
  ERROR 1299-2008-jonew-judis-34157-755742.md: CausalDAG.add_fact() got an unexpected keyword argument 'content'
  ERROR 12991-2003-supremecourt-2003-12991-12991-2003-judgement-18-apr-2-8c9c9a.md: CausalDAG.add_fact() got an unexpected keyword argument 'content'
  ERROR 12992-1994-jonew-judis-11073-e58f69.md: CausalDAG.add_fact() got an unexpected keyword argument 'content'
  ERROR 12994-2007-jonew-judis-32924-5a214c.md: CausalDAG.add_fact() got an unexpected keyword argument 'content'
  ERROR 12994-2007-jonew-judis-33109-b19eaf.md: CausalDAG.add_fact() got an unexpected keyword argument 'content'
  ERROR 12994-2013-jonew-courtnic-rop-2013-12994-rop-902651-f097c2.md: CausalDAG.add_fact() got an unexpected keyword argument 'content'
  ERROR 12995-2015-supremecourt-2015-12995-12995-2015-judgement-07-feb-2-cd849f.md: CausalDAG.add_fact() got an unexpected keyword argument 'content'
  ERROR 12996-2005-jonew-judis-29708-c2f998.md: CausalDAG.add_fact() got an unexpected keyword argument 'content'
  ERROR 12996-2005-supremecourt-2005-12996-12996-2005-1-1501-56796-judge-5db77c.md: CausalDAG.add_fact() got an unexpected keyword argument 'content'
  ERROR 12996-2008-supremecourt-2008-12996-12996-2008-33-1502-26551-judg-5cfc1b.md: CausalDAG.add_fact() got an unexpected keyword argument 'content'
  ERROR 12996-2018-supremecourt-2018-12996-12996-2018-judgement-18-may-2-8ac553.md: CausalDAG.add_fact() got an unexpected keyword argument 'content'
  ERROR 12997-2004-jonew-judis-28231-1e0c7c.md: CausalDAG.add_fact() got an unexpected keyword argument 'content'
  ERROR 12997-2007-jonew-judis-34520-ec3339.md: CausalDAG.add_fact() got an unexpected keyword argument 'content'
  ERROR 12998-1995-jonew-judis-14207-93fdd1.md: CausalDAG.add_fact() got an unexpected keyword argument 'content'
  ERROR 12998-2007-jonew-judis-39434-9e6731.md: CausalDAG.add_fact() got an unexpected keyword argument 'content'
  ERROR 12999-2021-supremecourt-2021-12999-12999-2021-5-1503-38169-judge-30eeb7.md: CausalDAG.add_fact() got an unexpected keyword argument 'content'
  ERROR 13-1949-jonew-judis-1247-3ff698.md: CausalDAG.add_fact() got an unexpected keyword argument 'content'
  ERROR 13-1950-jonew-judis-1208-173009.md: CausalDAG.add_fact() got an unexpected keyword argument 'content'
  ERROR 13-1951-jonew-judis-961-1ecfbc.md: CausalDAG.add_fact() got an unexpected keyword argument 'content'
  ERROR 13-1952-jonew-judis-895-9819ab.md: CausalDAG.add_fact() got an unexpected keyword argument 'content'
  ERROR 13-1955-jonew-judis-121-6f0f66.md: CausalDAG.add_fact() got an unexpected keyword argument 'content'
  ERROR 13-1956-jonew-judis-70-96e253.md: CausalDAG.add_fact() got an unexpected keyword argument 'content'
  ERROR 13-1958-jonew-judis-22-ef6973.md: CausalDAG.add_fact() got an unexpected keyword argument 'content'
  ERROR 13-1959-jonew-judis-12-c4711c.md: CausalDAG.add_fact() got an unexpected keyword argument 'content'
  ERROR 13-1960-jonew-judis-10-fdbad4.md: CausalDAG.add_fact() got an unexpected keyword argument 'content'
  ERROR 13-1961-jonew-judis-3707-185d15.md: CausalDAG.add_fact() got an unexpected keyword argument 'content'
  ERROR 13-1962-jonew-judis-3716-0c0b72.md: CausalDAG.add_fact() got an unexpected keyword argument 'content'
  ERROR 13-1963-jonew-judis-3175-fc7423.md: CausalDAG.add_fact() got an unexpected keyword argument 'content'
  ERROR 13-1965-jonew-judis-2690-acf0c0.md: CausalDAG.add_fact() got an unexpected keyword argument 'content'
  ERROR 13-1967-jonew-judis-6721-07a315.md: CausalDAG.add_fact() got an unexpected keyword argument 'content'
  ERROR 13-1999-jonew-judis-29829-147dbe.md: CausalDAG.add_fact() got an unexpected keyword argument 'content'
  ERROR 130-1955-jonew-judis-758-fee9e5.md: CausalDAG.add_fact() got an unexpected keyword argument 'content'
  ERROR 130-1956-jonew-judis-726-13cda6.md: CausalDAG.add_fact() got an unexpected keyword argument 'content'
  ERROR 130-1958-jonew-judis-492-8d4a43.md: CausalDAG.add_fact() got an unexpected keyword argument 'content'
  ERROR 130-1959-jonew-judis-4391-b3a4c6.md: CausalDAG.add_fact() got an unexpected keyword argument 'content'
  ERROR 130-1960-jonew-judis-3913-94c5a2.md: CausalDAG.add_fact() got an unexpected keyword argument 'content'
  ERROR 130-1961-jonew-judis-4036-a66384.md: CausalDAG.add_fact() got an unexpected keyword argument 'content'
  ERROR 130-1962-jonew-judis-3388-d6b9e8.md: CausalDAG.add_fact() got an unexpected keyword argument 'content'
  ERROR 130-1963-jonew-judis-3439-1cd422.md: CausalDAG.add_fact() got an unexpected keyword argument 'content'
  ERROR 130-1965-jonew-judis-2138-6d755e.md: CausalDAG.add_fact() got an unexpected keyword argument 'content'
  ERROR 130-1967-jonew-judis-2475-644cb0.md: CausalDAG.add_fact() got an unexpected keyword argument 'content'
  ERROR 130-1995-jonew-judis-16062-14e6ce.md: CausalDAG.add_fact() got an unexpected keyword argument 'content'
  ERROR 1300-2008-jonew-judis-31087-885dd5.md: CausalDAG.add_fact() got an unexpected keyword argument 'content'
  ERROR 1300-2015-jonew-judis-43944-288e7c.md: CausalDAG.add_fact() got an unexpected keyword argument 'content'
  ERROR 13000-2004-jonew-judis-33646-97a98e.md: CausalDAG.add_fact() got an unexpected keyword argument 'content'
  ERROR 13001-2007-jonew-judis-34607-6e336b.md: CausalDAG.add_fact() got an unexpected keyword argument 'content'
  ERROR 13002-2000-jonew-judis-29762-7f2f70.md: CausalDAG.add_fact() got an unexpected keyword argument 'content'
  ERROR 13002-2007-jonew-judis-35048-406d02.md: CausalDAG.add_fact() got an unexpected keyword argument 'content'
  ERROR 13003-2004-jonew-judis-27699-9523ea.md: CausalDAG.add_fact() got an unexpected keyword argument 'content'
  ERROR 13003-2018-supremecourt-2018-13003-13003-2018-judgement-20-nov-2-7b1b33.md: CausalDAG.add_fact() got an unexpected keyword argument 'content'
  ERROR 13005-2008-jonew-judis-34561-d5ff33.md: CausalDAG.add_fact() got an unexpected keyword argument 'content'
  ERROR 13006-2006-jonew-judis-29136-9be7cf.md: CausalDAG.add_fact() got an unexpected keyword argument 'content'
  ERROR 13007-2005-jonew-judis-30542-a0bf0f.md: CausalDAG.add_fact() got an unexpected keyword argument 'content'
  ERROR 13008-2004-jonew-judis-31596-65283a.md: CausalDAG.add_fact() got an unexpected keyword argument 'content'
  ERROR 1301-2014-jonew-judis-41998-4f9c0a.md: CausalDAG.add_fact() got an unexpected keyword argument 'content'
  ERROR 13010-2004-jonew-judis-36302-fae22f.md: CausalDAG.add_fact() got an unexpected keyword argument 'content'
  ERROR 13011-2008-jonew-judis-41893-a1efa8.md: CausalDAG.add_fact() got an unexpected keyword argument 'content'
  ERROR 13013-1999-jonew-judis-26697-a97760.md: CausalDAG.add_fact() got an unexpected keyword argument 'content'
  ERROR 13013-2001-jonew-judis-18821-058760.md: CausalDAG.add_fact() got an unexpected keyword argument 'content'
  ERROR 13013-2018-supremecourt-2018-13013-13013-2018-44-1501-34179-judg-a4154a.md: CausalDAG.add_fact() got an unexpected keyword argument 'content'
  ERROR 13014-2001-jonew-judis-32617-120c48.md: CausalDAG.add_fact() got an unexpected keyword argument 'content'
  ERROR 13019-2007-jonew-judis-34753-0bc32c.md: CausalDAG.add_fact() got an unexpected keyword argument 'content'
  ERROR 13019-2019-supremecourt-2019-13019-13019-2019-4-30-45289-order-1-28f757.md: CausalDAG.add_fact() got an unexpected keyword argument 'content'
  ERROR 13020-2007-jonew-judis-35880-b078e3.md: CausalDAG.add_fact() got an unexpected keyword argument 'content'
  ERROR 13020-2016-supremecourt-2016-13020-13020-2016-4-1503-17864-judge-fdf28a.md: CausalDAG.add_fact() got an unexpected keyword argument 'content'
  ERROR 13021-2004-jonew-judis-32158-8875a7.md: CausalDAG.add_fact() got an unexpected keyword argument 'content'
  ERROR 13021-2017-supremecourt-2017-13021-13021-2017-10-1502-36042-judg-d5b83b.md: CausalDAG.add_fact() got an unexpected keyword argument 'content'
  ERROR 13022-2007-jonew-judis-33400-48c0d4.md: CausalDAG.add_fact() got an unexpected keyword argument 'content'
  ERROR 13023-1999-jonew-judis-31065-d75a04.md: CausalDAG.add_fact() got an unexpected keyword argument 'content'
  ERROR 13023-2002-jonew-judis-29325-c52ce8.md: CausalDAG.add_fact() got an unexpected keyword argument 'content'
  ERROR 13024-2012-jonew-judis-40239-349571.md: CausalDAG.add_fact() got an unexpected keyword argument 'content'
  ERROR 13024-2017-supremecourt-2017-13024-13024-2017-judgement-04-oct-2-c6e4f5.md: CausalDAG.add_fact() got an unexpected keyword argument 'content'
  ERROR 13025-2003-jonew-judis-28186-a21b55.md: CausalDAG.add_fact() got an unexpected keyword argument 'content'
  ERROR 13025-2020-supremecourt-2020-13025-13025-2020-35-1501-33244-judg-41016c.md: CausalDAG.add_fact() got an unexpected keyword argument 'content'
  ERROR 13026-2000-jonew-judis-18354-90bd08.md: CausalDAG.add_fact() got an unexpected keyword argument 'content'
  ERROR 13028-2007-jonew-judis-30511-32db49.md: CausalDAG.add_fact() got an unexpected keyword argument 'content'
  ERROR 13029-2000-jonew-judis-18249-817673.md: CausalDAG.add_fact() got an unexpected keyword argument 'content'
  ERROR 13031-2006-jonew-judis-29016-200c78.md: CausalDAG.add_fact() got an unexpected keyword argument 'content'
  ERROR 13033-1997-jonew-judis-17497-d27c86.md: CausalDAG.add_fact() got an unexpected keyword argument 'content'
  ERROR 13033-1997-jonew-judis-18235-0b4e87.md: CausalDAG.add_fact() got an unexpected keyword argument 'content'
  ERROR 13033-1997-jonew-judis-30307-56c676.md: CausalDAG.add_fact() got an unexpected keyword argument 'content'
  ERROR 13039-2003-jonew-judis-31558-70009e.md: CausalDAG.add_fact() got an unexpected keyword argument 'content'
  ERROR 1304-2015-jonew-judis-43606-6c855e.md: CausalDAG.add_fact() got an unexpected keyword argument 'content'
  ERROR 13041-2008-supremecourt-2008-13041-13041-2008-order-05-feb-2019-a2bd5a.md: CausalDAG.add_fact() got an unexpected keyword argument 'content'
  ERROR 13042-2001-jonew-judis-37678-793a8a.md: CausalDAG.add_fact() got an unexpected keyword argument 'content'
  ERROR 13042-2018-supremecourt-2018-13042-13042-2018-7-15-35649-order-0-f4547f.md: CausalDAG.add_fact() got an unexpected keyword argument 'content'
  ERROR 13042-2024-supremecourt-2024-13042-13042-2024-3-32-57167-judgeme-fb2c44.md: CausalDAG.add_fact() got an unexpected keyword argument 'content'
  ERROR 13045-2001-jonew-judis-18059-570f2b.md: CausalDAG.add_fact() got an unexpected keyword argument 'content'
  ERROR 13045-2001-jonew-judis-18072-35adb9.md: CausalDAG.add_fact() got an unexpected keyword argument 'content'
  ERROR 13045-2002-jonew-judis-40500-fcf4e4.md: CausalDAG.add_fact() got an unexpected keyword argument 'content'
  ERROR 13045-2004-jonew-judis-40213-35eb64.md: CausalDAG.add_fact() got an unexpected keyword argument 'content'
  ERROR 13045-2006-jonew-judis-35346-850871.md: CausalDAG.add_fact() got an unexpected keyword argument 'content'
  ERROR 13046-2000-jonew-judis-27517-605eec.md: CausalDAG.add_fact() got an unexpected keyword argument 'content'
  ERROR 13047-2000-jonew-judis-18357-0faa9a.md: CausalDAG.add_fact() got an unexpected keyword argument 'content'
  ERROR 13048-2004-jonew-judis-29604-d8a025.md: CausalDAG.add_fact() got an unexpected keyword argument 'content'
  ERROR 1305-2008-jonew-judis-36725-b19cb8.md: CausalDAG.add_fact() got an unexpected keyword argument 'content'
  ERROR 1305-2017-supremecourt-2017-1305-1305-2017-8-102-20263-order-06-d56bc9.md: CausalDAG.add_fact() got an unexpected keyword argument 'content'
  ERROR 13050-2006-jonew-judis-41143-05688a.md: CausalDAG.add_fact() got an unexpected keyword argument 'content'
  ERROR 13051-2004-jonew-judis-33144-0f6979.md: CausalDAG.add_fact() got an unexpected keyword argument 'content'
  ERROR 13052-2007-jonew-judis-32187-2cbcb1.md: CausalDAG.add_fact() got an unexpected keyword argument 'content'
  ERROR 13052-2020-supremecourt-2020-13052-13052-2020-37-1501-25111-judg-a15cda.md: CausalDAG.add_fact() got an unexpected keyword argument 'content'
  ERROR 13052-2022-supremecourt-2022-13052-13052-2022-2-1501-47504-judge-ce18fd.md: CausalDAG.add_fact() got an unexpected keyword argument 'content'
  ERROR 13053-2003-jonew-judis-26887-3f273c.md: CausalDAG.add_fact() got an unexpected keyword argument 'content'
  ERROR 13055-2004-jonew-courtnic-rop-2004-13055-rop-112112-cdbfd5.md: CausalDAG.add_fact() got an unexpected keyword argument 'content'
  ERROR 13056-2003-jonew-judis-29100-8692ed.md: CausalDAG.add_fact() got an unexpected keyword argument 'content'
  ERROR 13058-2004-jonew-judis-27365-adb4a7.md: CausalDAG.add_fact() got an unexpected keyword argument 'content'
  ERROR 13058-2011-jonew-judis-39300-1b9c99.md: CausalDAG.add_fact() got an unexpected keyword argument 'content'
  ERROR 13058-2015-supremecourt-2015-13058-13058-2015-9-1501-48938-judge-213bd2.md: CausalDAG.add_fact() got an unexpected keyword argument 'content'
  ERROR 13059-2014-supremecourt-2014-13059-13059-2014-5-1501-35843-judge-79e225.md: CausalDAG.add_fact() got an unexpected keyword argument 'content'
  ERROR 1306-2007-jonew-judis-31638-0cad54.md: CausalDAG.add_fact() got an unexpected keyword argument 'content'
  ERROR 13060-2013-jonew-judis-41381-071845.md: CausalDAG.add_fact() got an unexpected keyword argument 'content'
  ERROR 13063-2005-jonew-judis-38645-83023a.md: CausalDAG.add_fact() got an unexpected keyword argument 'content'
  ERROR 13064-2008-jonew-judis-33596-511fa7.md: CausalDAG.add_fact() got an unexpected keyword argument 'content'
  ERROR 13066-2002-jonew-judis-19418-b710b3.md: CausalDAG.add_fact() got an unexpected keyword argument 'content'
  ERROR 13066-2005-jonew-judis-37355-5c7e6f.md: CausalDAG.add_fact() got an unexpected keyword argument 'content'
  ERROR 13067-2002-jonew-judis-36422-b5142b.md: CausalDAG.add_fact() got an unexpected keyword argument 'content'
  ERROR 13067-2008-supremecourt-2008-13067-13067-2008-35-1501-25460-judg-0e940e.md: CausalDAG.add_fact() got an unexpected keyword argument 'content'
  ERROR 13067-2023-supremecourt-2023-13067-13067-2023-8-55-43385-judgeme-d7a91d.md: CausalDAG.add_fact() got an unexpected keyword argument 'content'
  ERROR 13068-2016-jonew-judis-44346-c0081a.md: CausalDAG.add_fact() got an unexpected keyword argument 'content'
  ERROR 13069-1997-jonew-judis-17699-351900.md: CausalDAG.add_fact() got an unexpected keyword argument 'content'
  ERROR 1307-2003-jonew-judis-42605-b2d4f8.md: CausalDAG.add_fact() got an unexpected keyword argument 'content'
  ERROR 1307-2013-jonew-judis-42709-c1df30.md: CausalDAG.add_fact() got an unexpected keyword argument 'content'
  ERROR 13070-2000-jonew-judis-17910-0a4560.md: CausalDAG.add_fact() got an unexpected keyword argument 'content'
  ERROR 13070-2000-jonew-judis-17912-8de749.md: CausalDAG.add_fact() got an unexpected keyword argument 'content'
  ERROR 13070-2007-jonew-judis-29912-a8495e.md: CausalDAG.add_fact() got an unexpected keyword argument 'content'
  ERROR 13071-2013-supremecourt-2013-13071-13071-2013-judgement-14-sep-2-1f3b70.md: CausalDAG.add_fact() got an unexpected keyword argument 'content'
  ERROR 13075-2002-jonew-judis-28447-33b816.md: CausalDAG.add_fact() got an unexpected keyword argument 'content'
  ERROR 13078-2001-jonew-judis-36414-18871a.md: CausalDAG.add_fact() got an unexpected keyword argument 'content'
  ERROR 13078-2011-jonew-judis-44503-ec4e8a.md: CausalDAG.add_fact() got an unexpected keyword argument 'content'
  ERROR 1308-2004-jonew-judis-26532-94a1b9.md: CausalDAG.add_fact() got an unexpected keyword argument 'content'
  ERROR 1308-2007-jonew-judis-30637-5cf9d1.md: CausalDAG.add_fact() got an unexpected keyword argument 'content'
  ERROR 1308-2009-supremecourt-2009-1308-1308-2009-14-102-42418-judgemen-1d2d7e.md: CausalDAG.add_fact() got an unexpected keyword argument 'content'
  ERROR 13080-2008-jonew-judis-38642-e5542c.md: CausalDAG.add_fact() got an unexpected keyword argument 'content'
  ERROR 13081-2008-jonew-judis-33074-f4714c.md: CausalDAG.add_fact() got an unexpected keyword argument 'content'
  ERROR 13082-2002-jonew-judis-18605-aaaaf5.md: CausalDAG.add_fact() got an unexpected keyword argument 'content'
  ERROR 13082-2005-jonew-judis-36997-717eb4.md: CausalDAG.add_fact() got an unexpected keyword argument 'content'
  ERROR 13083-2015-jonew-courtnic-rop-2015-13083-rop-859470-bc71a8.md: CausalDAG.add_fact() got an unexpected keyword argument 'content'
  ERROR 13084-2011-jonew-judis-38348-860166.md: CausalDAG.add_fact() got an unexpected keyword argument 'content'
  ERROR 13086-2000-jonew-judis-10225-5d8dac.md: CausalDAG.add_fact() got an unexpected keyword argument 'content'
  ERROR 13086-2003-jonew-judis-28303-a1edfa.md: CausalDAG.add_fact() got an unexpected keyword argument 'content'
  ERROR 13087-2001-jonew-judis-18528-49eda7.md: CausalDAG.add_fact() got an unexpected keyword argument 'content'
  ERROR 13088-2019-supremecourt-2019-13088-13088-2019-35-1501-25014-judg-4a3b00.md: CausalDAG.add_fact() got an unexpected keyword argument 'content'
  ERROR 13088-2020-supremecourt-2020-13088-13088-2020-34-1501-27231-judg-31e782.md: CausalDAG.add_fact() got an unexpected keyword argument 'content'
  ERROR 13089-2010-supremecourt-2010-13089-13089-2010-judgement-22-nov-2-c5e81c.md: CausalDAG.add_fact() got an unexpected keyword argument 'content'
  ERROR 1309-1998-jonew-judis-26553-e80adc.md: CausalDAG.add_fact() got an unexpected keyword argument 'content'
  ERROR 13091-1998-jonew-judis-29772-77c263.md: CausalDAG.add_fact() got an unexpected keyword argument 'content'
  ERROR 13092-2004-jonew-judis-37644-3fdcbd.md: CausalDAG.add_fact() got an unexpected keyword argument 'content'
  ERROR 13094-2005-jonew-judis-34526-84c4f2.md: CausalDAG.add_fact() got an unexpected keyword argument 'content'
  ERROR 13095-1997-jonew-judis-13485-4d993a.md: CausalDAG.add_fact() got an unexpected keyword argument 'content'
  ERROR 13095-1998-jonew-judis-16642-7602b6.md: CausalDAG.add_fact() got an unexpected keyword argument 'content'
  ERROR 13095-2016-supremecourt-2016-13095-13095-2016-judgement-27-oct-2-9bb06c.md: CausalDAG.add_fact() got an unexpected keyword argument 'content'
  ERROR 13097-1998-jonew-judis-26503-2661e7.md: CausalDAG.add_fact() got an unexpected keyword argument 'content'
  ERROR 13097-2004-jonew-judis-29108-116a1b.md: CausalDAG.add_fact() got an unexpected keyword argument 'content'
  ERROR 131-1955-jonew-judis-760-831094.md: CausalDAG.add_fact() got an unexpected keyword argument 'content'
  ERROR 131-1956-jonew-judis-727-c69db0.md: CausalDAG.add_fact() got an unexpected keyword argument 'content'
  ERROR 131-1958-jonew-judis-499-ce8aec.md: CausalDAG.add_fact() got an unexpected keyword argument 'content'
  ERROR 131-1959-jonew-judis-3686-ee9214.md: CausalDAG.add_fact() got an unexpected keyword argument 'content'
  ERROR 131-1960-jonew-judis-3926-069a37.md: CausalDAG.add_fact() got an unexpected keyword argument 'content'
  ERROR 131-1961-jonew-judis-4040-8f4a20.md: CausalDAG.add_fact() got an unexpected keyword argument 'content'
  ERROR 131-1962-jonew-judis-3391-5327ac.md: CausalDAG.add_fact() got an unexpected keyword argument 'content'
  ERROR 131-1963-jonew-judis-3446-b8ad27.md: CausalDAG.add_fact() got an unexpected keyword argument 'content'
  ERROR 131-1965-jonew-judis-2139-7bbe08.md: CausalDAG.add_fact() got an unexpected keyword argument 'content'
  ERROR 131-1967-jonew-judis-1467-1d477e.md: CausalDAG.add_fact() got an unexpected keyword argument 'content'
  ERROR 13102-2011-jonew-judis-40040-af8d0e.md: CausalDAG.add_fact() got an unexpected keyword argument 'content'
  ERROR 13103-2003-jonew-judis-29388-c85869.md: CausalDAG.add_fact() got an unexpected keyword argument 'content'
  ERROR 13104-2001-jonew-judis-27102-61870c.md: CausalDAG.add_fact() got an unexpected keyword argument 'content'
  ERROR 13105-1999-jonew-judis-29151-0e7c22.md: CausalDAG.add_fact() got an unexpected keyword argument 'content'
  ERROR 13105-1999-jonew-judis-29156-2e533b.md: CausalDAG.add_fact() got an unexpected keyword argument 'content'
  ERROR 13105-2000-jonew-judis-32040-e51133.md: CausalDAG.add_fact() got an unexpected keyword argument 'content'
  ERROR 13105-2003-jonew-judis-39293-8c940d.md: CausalDAG.add_fact() got an unexpected keyword argument 'content'
  ERROR 13105-2003-jonew-judis-39569-bd3da0.md: CausalDAG.add_fact() got an unexpected keyword argument 'content'
  ERROR 13107-2000-jonew-judis-28937-9cce08.md: CausalDAG.add_fact() got an unexpected keyword argument 'content'
  ERROR 13108-2012-jonew-judis-43990-f26b9b.md: CausalDAG.add_fact() got an unexpected keyword argument 'content'
  ERROR 13110-2005-jonew-judis-34386-f17b5a.md: CausalDAG.add_fact() got an unexpected keyword argument 'content'
  ERROR 13110-2009-supremecourt-2009-13110-13110-2009-16-1502-21082-judg-595e41.md: CausalDAG.add_fact() got an unexpected keyword argument 'content'
  ERROR 13110-2021-supremecourt-2021-13110-13110-2021-35-1503-32740-judg-f6a6ff.md: CausalDAG.add_fact() got an unexpected keyword argument 'content'
  ERROR 13111-2007-jonew-judis-37111-e3ae69.md: CausalDAG.add_fact() got an unexpected keyword argument 'content'
  ERROR 13111-2010-jonew-judis-37660-a7f142.md: CausalDAG.add_fact() got an unexpected keyword argument 'content'
  ERROR 13112-2002-jonew-judis-26410-d8b6da.md: CausalDAG.add_fact() got an unexpected keyword argument 'content'
  ERROR 13113-2021-supremecourt-2021-13113-13113-2021-34-1503-29489-judg-2c0306.md: CausalDAG.add_fact() got an unexpected keyword argument 'content'
  ERROR 13116-2007-jonew-judis-31290-02fb96.md: CausalDAG.add_fact() got an unexpected keyword argument 'content'
  ERROR 13117-2012-jonew-judis-41768-0b870f.md: CausalDAG.add_fact() got an unexpected keyword argument 'content'
  ERROR 13119-2015-jonew-judis-43004-6ebc50.md: CausalDAG.add_fact() got an unexpected keyword argument 'content'
  ERROR 1312-2007-jonew-judis-36579-b9e7f1.md: CausalDAG.add_fact() got an unexpected keyword argument 'content'
  ERROR 13124-1994-jonew-judis-15386-6c64c0.md: CausalDAG.add_fact() got an unexpected keyword argument 'content'
  ERROR 13124-2002-jonew-judis-26270-96ea94.md: CausalDAG.add_fact() got an unexpected keyword argument 'content'
  ERROR 13125-1994-jonew-judis-13273-ca6850.md: CausalDAG.add_fact() got an unexpected keyword argument 'content'
  ERROR 13129-2021-supremecourt-2021-13129-13129-2021-12-1501-34692-judg-039813.md: CausalDAG.add_fact() got an unexpected keyword argument 'content'
  ERROR 13130-2007-jonew-judis-31115-5783e3.md: CausalDAG.add_fact() got an unexpected keyword argument 'content'
  ERROR 13130-2012-jonew-judis-43833-e83032.md: CausalDAG.add_fact() got an unexpected keyword argument 'content'
  ERROR 13131-1994-jonew-judis-15947-ab106b.md: CausalDAG.add_fact() got an unexpected keyword argument 'content'
  ERROR 13131-2007-jonew-judis-30184-c33cf9.md: CausalDAG.add_fact() got an unexpected keyword argument 'content'
  ERROR 13131-2012-supremecourt-2012-13131-13131-2012-35-1501-29597-judg-f2a87b.md: CausalDAG.add_fact() got an unexpected keyword argument 'content'
  ERROR 13132-2004-jonew-judis-34497-2d0883.md: CausalDAG.add_fact() got an unexpected keyword argument 'content'
  ERROR 13134-1997-jonew-judis-13097-ef42d2.md: CausalDAG.add_fact() got an unexpected keyword argument 'content'
  ERROR 13134-2009-supremecourt-2009-13134-13134-2009-15-1501-47436-judg-b17716.md: CausalDAG.add_fact() got an unexpected keyword argument 'content'
  ERROR 13136-2002-jonew-judis-38428-266851.md: CausalDAG.add_fact() got an unexpected keyword argument 'content'
  ERROR 13137-2012-jonew-judis-44264-646913.md: CausalDAG.add_fact() got an unexpected keyword argument 'content'
  ERROR 13138-2005-jonew-judis-38519-115de5.md: CausalDAG.add_fact() got an unexpected keyword argument 'content'
  ERROR 13138-2007-jonew-judis-32119-44d04e.md: CausalDAG.add_fact() got an unexpected keyword argument 'content'
  ERROR 13138-2020-supremecourt-2020-13138-13138-2020-42-1501-26567-judg-971d86.md: CausalDAG.add_fact() got an unexpected keyword argument 'content'
  ERROR 13140-1998-jonew-judis-26119-776a51.md: CausalDAG.add_fact() got an unexpected keyword argument 'content'
  ERROR 13142-1999-jonew-judis-20567-224f97.md: CausalDAG.add_fact() got an unexpected keyword argument 'content'
  ERROR 13142-2001-jonew-judis-27674-ef7695.md: CausalDAG.add_fact() got an unexpected keyword argument 'content'
  ERROR 13142-2008-jonew-judis-35043-31f4ee.md: CausalDAG.add_fact() got an unexpected keyword argument 'content'
  ERROR 13143-2005-jonew-judis-28122-e6bbcd.md: CausalDAG.add_fact() got an unexpected keyword argument 'content'
  ERROR 13144-1999-jonew-judis-16650-29b630.md: CausalDAG.add_fact() got an unexpected keyword argument 'content'
  ERROR 13144-2010-jonew-judis-38095-e967ba.md: CausalDAG.add_fact() got an unexpected keyword argument 'content'
  ERROR 13146-2000-jonew-judis-18718-98df50.md: CausalDAG.add_fact() got an unexpected keyword argument 'content'
  ERROR 13146-2012-jonew-judis-43643-0ce48a.md: CausalDAG.add_fact() got an unexpected keyword argument 'content'
  ERROR 13148-2000-jonew-judis-30047-b1eec4.md: CausalDAG.add_fact() got an unexpected keyword argument 'content'
  ERROR 13149-1999-jonew-judis-17258-8fe5fb.md: CausalDAG.add_fact() got an unexpected keyword argument 'content'
  ERROR 13151-1994-jonew-judis-14993-6402cb.md: CausalDAG.add_fact() got an unexpected keyword argument 'content'
  ERROR 13152-1999-jonew-judis-26598-845ec2.md: CausalDAG.add_fact() got an unexpected keyword argument 'content'
  ERROR 13152-2004-jonew-judis-28751-e22b65.md: CausalDAG.add_fact() got an unexpected keyword argument 'content'
  ERROR 13152-2024-supremecourt-2024-13152-13152-2024-3-1502-55507-judge-99e892.md: CausalDAG.add_fact() got an unexpected keyword argument 'content'
  ERROR 13153-2007-jonew-judis-41042-951630.md: CausalDAG.add_fact() got an unexpected keyword argument 'content'
  ERROR 13153-2007-jonew-judis-42109-1746c5.md: CausalDAG.add_fact() got an unexpected keyword argument 'content'
  ERROR 13153-2008-jonew-judis-33550-b7e4de.md: CausalDAG.add_fact() got an unexpected keyword argument 'content'
  ERROR 13157-2021-supremecourt-2021-13157-13157-2021-9-1501-35947-judge-f24d15.md: CausalDAG.add_fact() got an unexpected keyword argument 'content'
  ERROR 13159-1998-jonew-judis-12935-74dbed.md: CausalDAG.add_fact() got an unexpected keyword argument 'content'
  ERROR 13159-1998-jonew-judis-17097-8623b0.md: CausalDAG.add_fact() got an unexpected keyword argument 'content'
  ERROR 1316-2019-supremecourt-2019-1316-1316-2019-37-1503-26355-judgeme-d59c9c.md: CausalDAG.add_fact() got an unexpected keyword argument 'content'
  ERROR 13163-2008-jonew-judis-35176-61fb75.md: CausalDAG.add_fact() got an unexpected keyword argument 'content'
  ERROR 13163-2008-jonew-judis-35706-9db742.md: CausalDAG.add_fact() got an unexpected keyword argument 'content'
  ERROR 13164-2011-jonew-judis-40198-0a6ff3.md: CausalDAG.add_fact() got an unexpected keyword argument 'content'
  ERROR 13164-2011-supremecourt-2011-13164-13164-2011-1-1501-57036-judge-532366.md: CausalDAG.add_fact() got an unexpected keyword argument 'content'
  ERROR 13164-2011-supremecourt-2011-13164-13164-2011-1-501-44785-judgem-bb0c59.md: CausalDAG.add_fact() got an unexpected keyword argument 'content'
  ERROR 13165-2014-supremecourt-2014-13165-13165-2014-40-1501-29595-judg-2b0ad3.md: CausalDAG.add_fact() got an unexpected keyword argument 'content'
  ERROR 13166-2010-jonew-judis-40571-9f93c9.md: CausalDAG.add_fact() got an unexpected keyword argument 'content'
  ERROR 13167-2007-jonew-judis-31995-7f7ca0.md: CausalDAG.add_fact() got an unexpected keyword argument 'content'
  ERROR 13168-2007-jonew-judis-34413-d07967.md: CausalDAG.add_fact() got an unexpected keyword argument 'content'
  ERROR 13168-2019-supremecourt-2019-13168-13168-2019-1-1503-57037-judge-5c7153.md: CausalDAG.add_fact() got an unexpected keyword argument 'content'
  ERROR 13172-1999-jonew-judis-30795-f30eab.md: CausalDAG.add_fact() got an unexpected keyword argument 'content'
  ERROR 13172-2006-jonew-judis-32964-5aa53a.md: CausalDAG.add_fact() got an unexpected keyword argument 'content'
  ERROR 13172-2021-supremecourt-2021-13172-13172-2021-5-1501-38865-judge-aa2552.md: CausalDAG.add_fact() got an unexpected keyword argument 'content'
  ERROR 13173-1998-jonew-judis-19335-688a13.md: CausalDAG.add_fact() got an unexpected keyword argument 'content'
  ERROR 13173-2014-supremecourt-2014-13173-13173-2014-judgement-04-jan-2-3fd0fe.md: CausalDAG.add_fact() got an unexpected keyword argument 'content'
  ERROR 13175-1995-jonew-judis-27101-06372d.md: CausalDAG.add_fact() got an unexpected keyword argument 'content'
  ERROR 13175-2000-jonew-judis-18907-d4cd29.md: CausalDAG.add_fact() got an unexpected keyword argument 'content'
  ERROR 13175-2001-jonew-judis-35931-6b3b2e.md: CausalDAG.add_fact() got an unexpected keyword argument 'content'
  ERROR 13175-2003-jonew-judis-35375-de3b20.md: CausalDAG.add_fact() got an unexpected keyword argument 'content'
  ERROR 13176-2006-supremecourt-2006-13176-13176-2006-order-11-aug-2017-9aa5a4.md: CausalDAG.add_fact() got an unexpected keyword argument 'content'
  ERROR 13178-2008-jonew-judis-34203-64422b.md: CausalDAG.add_fact() got an unexpected keyword argument 'content'
  ERROR 13179-2002-jonew-judis-29019-8b45ef.md: CausalDAG.add_fact() got an unexpected keyword argument 'content'
  ERROR 1318-1998-jonew-judis-17100-cca887.md: CausalDAG.add_fact() got an unexpected keyword argument 'content'
  ERROR 13180-2011-jonew-judis-38026-f26a51.md: CausalDAG.add_fact() got an unexpected keyword argument 'content'
  ERROR 13182-2022-supremecourt-2022-13182-13182-2022-13-1501-47134-judg-acabb6.md: CausalDAG.add_fact() got an unexpected keyword argument 'content'
  ERROR 13183-2004-jonew-judis-31111-8b9d1b.md: CausalDAG.add_fact() got an unexpected keyword argument 'content'
  ERROR 13183-2004-jonew-judis-43549-1a4f6e.md: CausalDAG.add_fact() got an unexpected keyword argument 'content'
  ERROR 13184-1999-jonew-judis-33226-4749a4.md: CausalDAG.add_fact() got an unexpected keyword argument 'content'
  ERROR 13184-2008-jonew-judis-35770-ecbecf.md: CausalDAG.add_fact() got an unexpected keyword argument 'content'
  ERROR 13185-2004-jonew-judis-27380-0b395b.md: CausalDAG.add_fact() got an unexpected keyword argument 'content'
  ERROR 13186-2008-jonew-judis-33402-c36ee9.md: CausalDAG.add_fact() got an unexpected keyword argument 'content'
  ERROR 13186-2018-supremecourt-2018-13186-13186-2018-5-1501-33577-judge-067de9.md: CausalDAG.add_fact() got an unexpected keyword argument 'content'
  ERROR 13188-1998-jonew-judis-20621-d2c471.md: CausalDAG.add_fact() got an unexpected keyword argument 'content'
  ERROR 13189-2022-supremecourt-2022-13189-13189-2022-6-1502-39466-judge-518901.md: CausalDAG.add_fact() got an unexpected keyword argument 'content'
  ERROR 1319-2019-supremecourt-2019-1319-1319-2019-32-1504-21906-judgeme-2a6f6d.md: CausalDAG.add_fact() got an unexpected keyword argument 'content'
  ERROR 13190-2006-jonew-judis-32223-07594c.md: CausalDAG.add_fact() got an unexpected keyword argument 'content'
  ERROR 13194-2004-jonew-judis-31369-85540f.md: CausalDAG.add_fact() got an unexpected keyword argument 'content'
  ERROR 13195-2005-jonew-judis-28702-14c916.md: CausalDAG.add_fact() got an unexpected keyword argument 'content'
  ERROR 13198-2015-jonew-judis-44887-380077.md: CausalDAG.add_fact() got an unexpected keyword argument 'content'
  ERROR 13199-2006-jonew-judis-33641-d4a184.md: CausalDAG.add_fact() got an unexpected keyword argument 'content'
  ERROR 132-1955-jonew-judis-762-ea3c1f.md: CausalDAG.add_fact() got an unexpected keyword argument 'content'
  ERROR 132-1956-jonew-judis-750-962081.md: CausalDAG.add_fact() got an unexpected keyword argument 'content'
  ERROR 132-1958-jonew-judis-503-22842a.md: CausalDAG.add_fact() got an unexpected keyword argument 'content'
  ERROR 132-1959-jonew-judis-3768-9e0f46.md: CausalDAG.add_fact() got an unexpected keyword argument 'content'
  ERROR 132-1960-jonew-judis-3927-2d9a50.md: CausalDAG.add_fact() got an unexpected keyword argument 'content'
  ERROR 132-1961-jonew-judis-4041-515ab5.md: CausalDAG.add_fact() got an unexpected keyword argument 'content'
  ERROR 132-1962-jonew-judis-3393-c33e28.md: CausalDAG.add_fact() got an unexpected keyword argument 'content'
  ERROR 132-1963-jonew-judis-3447-697e17.md: CausalDAG.add_fact() got an unexpected keyword argument 'content'
  ERROR 132-1965-jonew-judis-2140-040849.md: CausalDAG.add_fact() got an unexpected keyword argument 'content'
  ERROR 132-1967-jonew-judis-1468-59277b.md: CausalDAG.add_fact() got an unexpected keyword argument 'content'
  ERROR 132-2007-jonew-judis-30566-f60aa1.md: CausalDAG.add_fact() got an unexpected keyword argument 'content'
  ERROR 1320-2001-jonew-judis-30611-853e0e.md: CausalDAG.add_fact() got an unexpected keyword argument 'content'
  ERROR 1320-2001-jonew-judis-30937-a49ec2.md: CausalDAG.add_fact() got an unexpected keyword argument 'content'
  ERROR 13200-2003-jonew-judis-27593-771146.md: CausalDAG.add_fact() got an unexpected keyword argument 'content'
  ERROR 13201-2001-jonew-judis-29583-c61ffc.md: CausalDAG.add_fact() got an unexpected keyword argument 'content'
  ERROR 13201-2008-jonew-judis-36389-794b99.md: CausalDAG.add_fact() got an unexpected keyword argument 'content'
  ERROR 13202-2020-supremecourt-2020-13202-13202-2020-2-1501-34739-judge-6e046e.md: CausalDAG.add_fact() got an unexpected keyword argument 'content'
  ERROR 13204-2010-supremecourt-2010-13204-13204-2010-38-1501-24204-judg-3496e9.md: CausalDAG.add_fact() got an unexpected keyword argument 'content'
  ERROR 13205-2005-jonew-judis-42787-532d77.md: CausalDAG.add_fact() got an unexpected keyword argument 'content'
  ERROR 13206-2005-jonew-judis-38970-ffa94e.md: CausalDAG.add_fact() got an unexpected keyword argument 'content'
  ERROR 13206-2006-jonew-judis-37143-d2b700.md: CausalDAG.add_fact() got an unexpected keyword argument 'content'
  ERROR 13206-2007-jonew-judis-35690-2e6474.md: CausalDAG.add_fact() got an unexpected keyword argument 'content'
  ERROR 13207-1999-jonew-judis-17155-970bd3.md: CausalDAG.add_fact() got an unexpected keyword argument 'content'
  ERROR 13209-2002-jonew-judis-26457-f2d0cf.md: CausalDAG.add_fact() got an unexpected keyword argument 'content'
  ERROR 13209-2007-jonew-judis-34342-dc63a1.md: CausalDAG.add_fact() got an unexpected keyword argument 'content'
  ERROR 1321-2020-supremecourt-2020-1321-1321-2020-15-1501-21046-judgeme-06e2cb.md: CausalDAG.add_fact() got an unexpected keyword argument 'content'
  ERROR 13215-2017-supremecourt-2017-13215-13215-2017-order-24-may-2017-3f610a.md: CausalDAG.add_fact() got an unexpected keyword argument 'content'
  ERROR 13215-2021-supremecourt-2021-13215-13215-2021-36-21-32976-order-ad2dae.md: CausalDAG.add_fact() got an unexpected keyword argument 'content'
  ERROR 13215-2022-supremecourt-2022-13215-13215-2022-5-1503-52108-judge-b55bcd.md: CausalDAG.add_fact() got an unexpected keyword argument 'content'
  ERROR 13218-2004-jonew-judis-38454-b203a9.md: CausalDAG.add_fact() got an unexpected keyword argument 'content'
  ERROR 13218-2005-jonew-judis-35777-5c4785.md: CausalDAG.add_fact() got an unexpected keyword argument 'content'
  ERROR 1322-2013-jonew-judis-40077-0c97fa.md: CausalDAG.add_fact() got an unexpected keyword argument 'content'
  ERROR 13221-2004-jonew-judis-38533-c08921.md: CausalDAG.add_fact() got an unexpected keyword argument 'content'
  ERROR 13221-2007-jonew-judis-30501-06c485.md: CausalDAG.add_fact() got an unexpected keyword argument 'content'
  ERROR 13222-1995-jonew-judis-20807-6f442c.md: CausalDAG.add_fact() got an unexpected keyword argument 'content'
  ERROR 13222-2015-jonew-judis-44895-41e150.md: CausalDAG.add_fact() got an unexpected keyword argument 'content'
  ERROR 13224-2004-jonew-judis-33006-869b7e.md: CausalDAG.add_fact() got an unexpected keyword argument 'content'
  ERROR 13224-2007-jonew-judis-34420-7dc812.md: CausalDAG.add_fact() got an unexpected keyword argument 'content'
  ERROR 13225-2020-supremecourt-2020-13225-13225-2020-35-1502-23651-judg-45f0d9.md: CausalDAG.add_fact() got an unexpected keyword argument 'content'
  ERROR 13227-1998-jonew-judis-26814-f4659b.md: CausalDAG.add_fact() got an unexpected keyword argument 'content'
  ERROR 13227-2001-jonew-judis-19001-baee13.md: CausalDAG.add_fact() got an unexpected keyword argument 'content'
  ERROR 13227-2011-jonew-judis-43420-f9fbaa.md: CausalDAG.add_fact() got an unexpected keyword argument 'content'
  ERROR 13229-2008-jonew-judis-34086-544891.md: CausalDAG.add_fact() got an unexpected keyword argument 'content'
  ERROR 13231-2001-jonew-judis-26478-860bc5.md: CausalDAG.add_fact() got an unexpected keyword argument 'content'
  ERROR 13233-2000-jonew-judis-18983-f6ba60.md: CausalDAG.add_fact() got an unexpected keyword argument 'content'
  ERROR 13234-2005-jonew-judis-41370-268b53.md: CausalDAG.add_fact() got an unexpected keyword argument 'content'
  ERROR 13239-2020-supremecourt-2020-13239-13239-2020-8-1501-39468-judge-70cdb8.md: CausalDAG.add_fact() got an unexpected keyword argument 'content'
  ERROR 13240-2000-jonew-judis-17632-4cdd27.md: CausalDAG.add_fact() got an unexpected keyword argument 'content'
  ERROR 13242-2002-jonew-judis-31833-c7aa22.md: CausalDAG.add_fact() got an unexpected keyword argument 'content'
  ERROR 13243-2004-jonew-judis-36796-9a8c7c.md: CausalDAG.add_fact() got an unexpected keyword argument 'content'
  ERROR 13244-2000-jonew-judis-27714-3e3c54.md: CausalDAG.add_fact() got an unexpected keyword argument 'content'
  ERROR 13244-2001-jonew-judis-32916-881795.md: CausalDAG.add_fact() got an unexpected keyword argument 'content'
  ERROR 13244-2004-jonew-judis-34991-3f9692.md: CausalDAG.add_fact() got an unexpected keyword argument 'content'
  ERROR 13244-2005-jonew-judis-37780-a31358.md: CausalDAG.add_fact() got an unexpected keyword argument 'content'
  ERROR 13244-2021-supremecourt-2021-13244-13244-2021-43-1501-33037-judg-c202e5.md: CausalDAG.add_fact() got an unexpected keyword argument 'content'
  ERROR 13245-1997-jonew-judis-13252-43794f.md: CausalDAG.add_fact() got an unexpected keyword argument 'content'
  ERROR 13245-2003-jonew-judis-31560-14d70f.md: CausalDAG.add_fact() got an unexpected keyword argument 'content'
  ERROR 13245-2022-supremecourt-2022-13245-13245-2022-8-29-50070-judgeme-716455.md: CausalDAG.add_fact() got an unexpected keyword argument 'content'
  ERROR 13247-2002-jonew-judis-27359-443193.md: CausalDAG.add_fact() got an unexpected keyword argument 'content'
  ERROR 13247-2006-jonew-judis-30164-cc72b8.md: CausalDAG.add_fact() got an unexpected keyword argument 'content'
  ERROR 13247-2017-supremecourt-2017-13247-13247-2017-1-3-48413-judgemen-4e57c7.md: CausalDAG.add_fact() got an unexpected keyword argument 'content'
  ERROR 13248-2002-jonew-judis-26265-5870c2.md: CausalDAG.add_fact() got an unexpected keyword argument 'content'
  ERROR 13248-2017-supremecourt-2017-13248-13248-2017-judgement-03-oct-2-cbd63b.md: CausalDAG.add_fact() got an unexpected keyword argument 'content'
  ERROR 13250-2002-jonew-judis-26473-53ea64.md: CausalDAG.add_fact() got an unexpected keyword argument 'content'
  ERROR 13251-2017-supremecourt-2017-13251-13251-2017-9-1501-17040-judge-5f1b38.md: CausalDAG.add_fact() got an unexpected keyword argument 'content'
  ERROR 13254-2000-jonew-judis-17606-771c54.md: CausalDAG.add_fact() got an unexpected keyword argument 'content'
  ERROR 13254-2015-jonew-judis-43152-166a4e.md: CausalDAG.add_fact() got an unexpected keyword argument 'content'
  ERROR 13256-1999-jonew-judis-17441-524f7c.md: CausalDAG.add_fact() got an unexpected keyword argument 'content'
  ERROR 13256-2003-jonew-judis-29395-a497bf.md: CausalDAG.add_fact() got an unexpected keyword argument 'content'
  ERROR 13257-1998-jonew-judis-20449-208e83.md: CausalDAG.add_fact() got an unexpected keyword argument 'content'
  ERROR 13257-2011-jonew-judis-39511-0ad104.md: CausalDAG.add_fact() got an unexpected keyword argument 'content'
  ERROR 13258-2003-jonew-judis-40267-3f3bef.md: CausalDAG.add_fact() got an unexpected keyword argument 'content'
  ERROR 13259-2000-jonew-judis-29134-a464de.md: CausalDAG.add_fact() got an unexpected keyword argument 'content'
  ERROR 1326-2005-jonew-judis-27686-538186.md: CausalDAG.add_fact() got an unexpected keyword argument 'content'
  ERROR 1326-2005-jonew-judis-30114-9078e8.md: CausalDAG.add_fact() got an unexpected keyword argument 'content'
  ERROR 13260-2007-jonew-judis-30200-a4a61f.md: CausalDAG.add_fact() got an unexpected keyword argument 'content'
  ERROR 13261-1994-jonew-judis-15733-b1f25a.md: CausalDAG.add_fact() got an unexpected keyword argument 'content'
  ERROR 13261-2016-supremecourt-2016-13261-13261-2016-8-1503-43930-judge-dfea33.md: CausalDAG.add_fact() got an unexpected keyword argument 'content'
  ERROR 13262-2007-jonew-judis-38360-4a37c5.md: CausalDAG.add_fact() got an unexpected keyword argument 'content'
  ERROR 13263-2005-jonew-judis-37338-cc8f85.md: CausalDAG.add_fact() got an unexpected keyword argument 'content'
  ERROR 13263-2009-jonew-judis-36746-561fc2.md: CausalDAG.add_fact() got an unexpected keyword argument 'content'
  ERROR 13264-2007-jonew-judis-36087-26e0cc.md: CausalDAG.add_fact() got an unexpected keyword argument 'content'
  ERROR 13264-2024-supremecourt-2024-13264-13264-2024-2-33-52298-judgeme-c694a7.md: CausalDAG.add_fact() got an unexpected keyword argument 'content'
  ERROR 13265-2005-jonew-judis-36717-4b4ce4.md: CausalDAG.add_fact() got an unexpected keyword argument 'content'
  ERROR 13267-2007-jonew-judis-35486-9f207a.md: CausalDAG.add_fact() got an unexpected keyword argument 'content'
  ERROR 13269-2004-jonew-judis-36321-a4016d.md: CausalDAG.add_fact() got an unexpected keyword argument 'content'
  ERROR 1327-2022-supremecourt-2022-1327-1327-2022-12-1501-36916-judgeme-fc0c82.md: CausalDAG.add_fact() got an unexpected keyword argument 'content'
  ERROR 13271-2004-jonew-judis-35285-f3c579.md: CausalDAG.add_fact() got an unexpected keyword argument 'content'
  ERROR 13271-2021-supremecourt-2021-13271-13271-2021-32-24-31408-judgem-5d55a5.md: CausalDAG.add_fact() got an unexpected keyword argument 'content'
  ERROR 13272-2011-jonew-judis-38915-0454c5.md: CausalDAG.add_fact() got an unexpected keyword argument 'content'
  ERROR 13273-2009-jonew-judis-43924-6984ce.md: CausalDAG.add_fact() got an unexpected keyword argument 'content'
  ERROR 13274-2004-jonew-judis-30162-71b28f.md: CausalDAG.add_fact() got an unexpected keyword argument 'content'
  ERROR 13275-2003-jonew-judis-25982-ca9476.md: CausalDAG.add_fact() got an unexpected keyword argument 'content'
  ERROR 13275-2023-supremecourt-2023-13275-13275-2023-1-1501-53356-judge-c21440.md: CausalDAG.add_fact() got an unexpected keyword argument 'content'
  ERROR 13275-2023-supremecourt-2023-13275-13275-2023-4-1504-44451-judge-867083.md: CausalDAG.add_fact() got an unexpected keyword argument 'content'
  ERROR 13279-1998-jonew-judis-16701-538b87.md: CausalDAG.add_fact() got an unexpected keyword argument 'content'
  ERROR 1328-2006-jonew-judis-43645-4408c1.md: CausalDAG.add_fact() got an unexpected keyword argument 'content'
  ERROR 1328-2008-jonew-judis-33289-46edd7.md: CausalDAG.add_fact() got an unexpected keyword argument 'content'
  ERROR 13286-2003-jonew-judis-34398-f5870c.md: CausalDAG.add_fact() got an unexpected keyword argument 'content'
  ERROR 13288-2000-jonew-judis-29835-fa1ab5.md: CausalDAG.add_fact() got an unexpected keyword argument 'content'
  ERROR 13288-2003-jonew-judis-37264-5c4edd.md: CausalDAG.add_fact() got an unexpected keyword argument 'content'
  ERROR 1329-2020-supremecourt-2020-1329-1329-2020-8-13-20372-judgement-143993.md: CausalDAG.add_fact() got an unexpected keyword argument 'content'
  ERROR 1329-2022-supremecourt-2022-1329-1329-2022-10-1509-36042-judgeme-878cb6.md: CausalDAG.add_fact() got an unexpected keyword argument 'content'
  ERROR 13290-1998-jonew-judis-26045-400652.md: CausalDAG.add_fact() got an unexpected keyword argument 'content'
  ERROR 13290-1999-jonew-judis-18427-06f0b3.md: CausalDAG.add_fact() got an unexpected keyword argument 'content'
  ERROR 13293-2003-jonew-judis-27565-65f640.md: CausalDAG.add_fact() got an unexpected keyword argument 'content'
  ERROR 13294-2004-jonew-judis-27441-53aaa0.md: CausalDAG.add_fact() got an unexpected keyword argument 'content'
  ERROR 13294-2010-jonew-judis-41195-797173.md: CausalDAG.add_fact() got an unexpected keyword argument 'content'
  ERROR 13295-1997-jonew-judis-17507-39bd55.md: CausalDAG.add_fact() got an unexpected keyword argument 'content'
  ERROR 13295-1998-jonew-judis-17320-563775.md: CausalDAG.add_fact() got an unexpected keyword argument 'content'
  ERROR 13295-2004-jonew-judis-33421-9b2d57.md: CausalDAG.add_fact() got an unexpected keyword argument 'content'
  ERROR 13296-2009-supremecourt-2009-13296-13296-2009-11-1501-45664-judg-0ddf33.md: CausalDAG.add_fact() got an unexpected keyword argument 'content'
  ERROR 13298-2010-jonew-judis-38555-ef0331.md: CausalDAG.add_fact() got an unexpected keyword argument 'content'
  ERROR 133-1955-jonew-judis-765-84ea63.md: CausalDAG.add_fact() got an unexpected keyword argument 'content'
  ERROR 133-1956-jonew-judis-755-2677bb.md: CausalDAG.add_fact() got an unexpected keyword argument 'content'
  ERROR 133-1958-jonew-judis-505-ff2bd3.md: CausalDAG.add_fact() got an unexpected keyword argument 'content'
  ERROR 133-1959-jonew-judis-3789-55125a.md: CausalDAG.add_fact() got an unexpected keyword argument 'content'
  ERROR 133-1960-jonew-judis-3943-0b4d19.md: CausalDAG.add_fact() got an unexpected keyword argument 'content'
  ERROR 133-1961-jonew-judis-4044-5f1559.md: CausalDAG.add_fact() got an unexpected keyword argument 'content'
  ERROR 133-1962-jonew-judis-3397-a0787b.md: CausalDAG.add_fact() got an unexpected keyword argument 'content'
  ERROR 133-1963-jonew-judis-3448-fd85be.md: CausalDAG.add_fact() got an unexpected keyword argument 'content'
  ERROR 133-1965-jonew-judis-2145-971089.md: CausalDAG.add_fact() got an unexpected keyword argument 'content'
  ERROR 133-1967-jonew-judis-1469-3e24eb.md: CausalDAG.add_fact() got an unexpected keyword argument 'content'
  ERROR 1330-2007-jonew-judis-38270-679232.md: CausalDAG.add_fact() got an unexpected keyword argument 'content'
  ERROR 13301-2006-supremecourt-2006-13301-13301-2006-judgement-14-dec-2-e7a13e.md: CausalDAG.add_fact() got an unexpected keyword argument 'content'
  ERROR 13304-2017-supremecourt-2017-13304-13304-2017-judgement-13-jul-2-91b221.md: CausalDAG.add_fact() got an unexpected keyword argument 'content'
  ERROR 13305-2016-supremecourt-2016-13305-13305-2016-judgement-18-jul-2-3aadcf.md: CausalDAG.add_fact() got an unexpected keyword argument 'content'
  ERROR 13306-2007-jonew-judis-34599-9096cd.md: CausalDAG.add_fact() got an unexpected keyword argument 'content'
  ERROR 13309-2002-jonew-judis-31654-0a9566.md: CausalDAG.add_fact() got an unexpected keyword argument 'content'
  ERROR 13309-2021-supremecourt-2021-13309-13309-2021-3-1501-30790-judge-e7b65d.md: CausalDAG.add_fact() got an unexpected keyword argument 'content'
  ERROR 1331-2000-jonew-judis-17324-856df8.md: CausalDAG.add_fact() got an unexpected keyword argument 'content'
  ERROR 13311-2016-jonew-judis-43667-e9f9e8.md: CausalDAG.add_fact() got an unexpected keyword argument 'content'
  ERROR 13311-2018-supremecourt-2018-13311-13311-2018-judgement-31-jul-2-8e6446.md: CausalDAG.add_fact() got an unexpected keyword argument 'content'
  ERROR 13312-2004-jonew-judis-26896-e4c43a.md: CausalDAG.add_fact() got an unexpected keyword argument 'content'
  ERROR 13313-2009-supremecourt-2009-13313-13313-2009-3-101-43657-judgem-f00650.md: CausalDAG.add_fact() got an unexpected keyword argument 'content'
  ERROR 13314-1994-jonew-judis-10801-6af768.md: CausalDAG.add_fact() got an unexpected keyword argument 'content'
  ERROR 13314-1998-jonew-judis-27287-f05dcf.md: CausalDAG.add_fact() got an unexpected keyword argument 'content'
  ERROR 13316-2005-jonew-judis-37782-807a15.md: CausalDAG.add_fact() got an unexpected keyword argument 'content'
  ERROR 13316-2020-supremecourt-2020-13316-13316-2020-38-1501-25056-judg-eeb989.md: CausalDAG.add_fact() got an unexpected keyword argument 'content'
  ERROR 13317-2008-jonew-judis-40227-af77fa.md: CausalDAG.add_fact() got an unexpected keyword argument 'content'
  ERROR 13318-1997-jonew-judis-13160-6ea93b.md: CausalDAG.add_fact() got an unexpected keyword argument 'content'
  ERROR 13318-2000-jonew-judis-18182-2618fe.md: CausalDAG.add_fact() got an unexpected keyword argument 'content'
  Batch 10: 5000/20531 docs, 0 facts, 5000 skipped, ETA 7.8m
  ERROR 13318-2001-jonew-judis-26095-4853f8.md: CausalDAG.add_fact() got an unexpected keyword argument 'content'
  ERROR 13318-2003-jonew-judis-40625-640a3a.md: CausalDAG.add_fact() got an unexpected keyword argument 'content'
  ERROR 13318-2017-supremecourt-2017-13318-13318-2017-judgement-03-oct-2-cb3494.md: CausalDAG.add_fact() got an unexpected keyword argument 'content'
  ERROR 1332-2007-jonew-judis-33662-0b6e4b.md: CausalDAG.add_fact() got an unexpected keyword argument 'content'
  ERROR 1332-2008-jonew-judis-36889-f19319.md: CausalDAG.add_fact() got an unexpected keyword argument 'content'
  ERROR 1332-2021-supremecourt-2021-1332-1332-2021-3-29-37102-judgement-d58907.md: CausalDAG.add_fact() got an unexpected keyword argument 'content'
  ERROR 13320-2002-jonew-judis-20841-3b041d.md: CausalDAG.add_fact() got an unexpected keyword argument 'content'
  ERROR 13320-2017-supremecourt-2017-13320-13320-2017-judgement-16-feb-2-069799.md: CausalDAG.add_fact() got an unexpected keyword argument 'content'
  ERROR 13323-2008-jonew-judis-31606-12b170.md: CausalDAG.add_fact() got an unexpected keyword argument 'content'
  ERROR 13324-1998-jonew-judis-16686-65456e.md: CausalDAG.add_fact() got an unexpected keyword argument 'content'
  ERROR 13324-1999-jonew-judis-27708-703a53.md: CausalDAG.add_fact() got an unexpected keyword argument 'content'
  ERROR 13324-2003-jonew-judis-38364-454c68.md: CausalDAG.add_fact() got an unexpected keyword argument 'content'
  ERROR 13325-1994-jonew-judis-18914-1f3ad6.md: CausalDAG.add_fact() got an unexpected keyword argument 'content'
  ERROR 13325-2002-jonew-judis-36755-f00d9b.md: CausalDAG.add_fact() got an unexpected keyword argument 'content'
  ERROR 13325-2020-supremecourt-2020-13325-13325-2020-33-1501-23784-judg-f415c0.md: CausalDAG.add_fact() got an unexpected keyword argument 'content'
  ERROR 13327-1997-jonew-judis-13171-cb3a82.md: CausalDAG.add_fact() got an unexpected keyword argument 'content'
  ERROR 1333-1999-jonew-judis-26248-02eb75.md: CausalDAG.add_fact() got an unexpected keyword argument 'content'
  ERROR 13331-1994-jonew-judis-18654-862efc.md: CausalDAG.add_fact() got an unexpected keyword argument 'content'
  ERROR 13331-2006-jonew-judis-28367-ef57ed.md: CausalDAG.add_fact() got an unexpected keyword argument 'content'
  ERROR 13333-1998-jonew-judis-18680-52a210.md: CausalDAG.add_fact() got an unexpected keyword argument 'content'
  ERROR 13333-2002-jonew-judis-19325-0a5062.md: CausalDAG.add_fact() got an unexpected keyword argument 'content'
  ERROR 13334-2001-jonew-judis-19383-a46833.md: CausalDAG.add_fact() got an unexpected keyword argument 'content'
  ERROR 13335-1995-jonew-judis-15100-822ab0.md: CausalDAG.add_fact() got an unexpected keyword argument 'content'
  ERROR 13336-1999-supremecourt-1999-13336-13336-1999-judgement-11-jul-2-be535f.md: CausalDAG.add_fact() got an unexpected keyword argument 'content'
  ERROR 13336-2006-jonew-judis-28775-b4969f.md: CausalDAG.add_fact() got an unexpected keyword argument 'content'
  ERROR 13336-2006-jonew-judis-29062-158bd9.md: CausalDAG.add_fact() got an unexpected keyword argument 'content'
  ERROR 13336-2006-jonew-judis-29062-28ad15.md: CausalDAG.add_fact() got an unexpected keyword argument 'content'
  ERROR 13336-2006-jonew-judis-31231-22bd0f.md: CausalDAG.add_fact() got an unexpected keyword argument 'content'
  ERROR 13336-2006-jonew-judis-31232-7daac3.md: CausalDAG.add_fact() got an unexpected keyword argument 'content'
  ERROR 13336-2006-jonew-judis-31253-1bae6f.md: CausalDAG.add_fact() got an unexpected keyword argument 'content'
  ERROR 13336-2006-jonew-judis-31297-39f7c1.md: CausalDAG.add_fact() got an unexpected keyword argument 'content'
  ERROR 13336-2006-jonew-judis-31353-85bf08.md: CausalDAG.add_fact() got an unexpected keyword argument 'content'
  ERROR 13336-2006-jonew-judis-6547-e6f16d.md: CausalDAG.add_fact() got an unexpected keyword argument 'content'
  ERROR 13336-2008-jonew-judis-40299-cec7a3.md: CausalDAG.add_fact() got an unexpected keyword argument 'content'
  ERROR 13336-2019-supremecourt-2019-13336-13336-2019-15-1501-17747-judg-7c3196.md: CausalDAG.add_fact() got an unexpected keyword argument 'content'
  ERROR 13338-2019-supremecourt-2019-13338-13338-2019-2-1502-36156-judge-7c8228.md: CausalDAG.add_fact() got an unexpected keyword argument 'content'
  ERROR 13339-2005-jonew-judis-28230-3ec99a.md: CausalDAG.add_fact() got an unexpected keyword argument 'content'
  ERROR 1334-2003-supremecourt-2003-1334-1334-2003-judgement-14-dec-2018-4d3b6c.md: CausalDAG.add_fact() got an unexpected keyword argument 'content'
  ERROR 13342-1997-jonew-judis-13053-271e59.md: CausalDAG.add_fact() got an unexpected keyword argument 'content'
  ERROR 13343-2006-jonew-judis-34035-fe98e6.md: CausalDAG.add_fact() got an unexpected keyword argument 'content'
  ERROR 13343-2008-jonew-judis-34773-4021e0.md: CausalDAG.add_fact() got an unexpected keyword argument 'content'
  ERROR 13343-2012-jonew-judis-40676-fd33f2.md: CausalDAG.add_fact() got an unexpected keyword argument 'content'
  ERROR 13344-1997-jonew-judis-17399-35e928.md: CausalDAG.add_fact() got an unexpected keyword argument 'content'
  ERROR 13345-2002-jonew-judis-29375-bae44d.md: CausalDAG.add_fact() got an unexpected keyword argument 'content'
  ERROR 13346-2015-supremecourt-2015-13346-13346-2015-judgement-07-dec-2-bc88b6.md: CausalDAG.add_fact() got an unexpected keyword argument 'content'
  ERROR 13346-2015-supremecourt-2015-13346-13346-2015-judgement-08-feb-2-a75e0b.md: CausalDAG.add_fact() got an unexpected keyword argument 'content'
  ERROR 13346-2020-supremecourt-2020-13346-13346-2020-33-1501-24909-judg-e3b0ea.md: CausalDAG.add_fact() got an unexpected keyword argument 'content'
  ERROR 13348-2000-jonew-judis-26165-8b8837.md: CausalDAG.add_fact() got an unexpected keyword argument 'content'
  ERROR 1335-2006-jonew-judis-30221-b1fec5.md: CausalDAG.add_fact() got an unexpected keyword argument 'content'
  ERROR 13350-2002-jonew-judis-26423-bfae3e.md: CausalDAG.add_fact() got an unexpected keyword argument 'content'
  ERROR 13351-1999-jonew-judis-34348-3f92e7.md: CausalDAG.add_fact() got an unexpected keyword argument 'content'
  ERROR 13351-2000-jonew-judis-18927-c5c31d.md: CausalDAG.add_fact() got an unexpected keyword argument 'content'
  ERROR 13351-2003-jonew-judis-39091-bbce53.md: CausalDAG.add_fact() got an unexpected keyword argument 'content'
  ERROR 13353-2022-supremecourt-2022-13353-13353-2022-5-43-37062-order-0-e98e2b.md: CausalDAG.add_fact() got an unexpected keyword argument 'content'
  ERROR 13354-2002-jonew-judis-37812-ac44eb.md: CausalDAG.add_fact() got an unexpected keyword argument 'content'
  ERROR 13355-2005-jonew-judis-32889-1ece19.md: CausalDAG.add_fact() got an unexpected keyword argument 'content'
  ERROR 13357-2014-jonew-judis-43262-505f18.md: CausalDAG.add_fact() got an unexpected keyword argument 'content'
  ERROR 13359-2001-jonew-judis-35419-896f8c.md: CausalDAG.add_fact() got an unexpected keyword argument 'content'
  ERROR 13359-2006-jonew-judis-29239-452ec1.md: CausalDAG.add_fact() got an unexpected keyword argument 'content'
  ERROR 13360-2002-jonew-judis-26911-89b791.md: CausalDAG.add_fact() got an unexpected keyword argument 'content'
  ERROR 13361-2007-jonew-judis-37047-6d3aed.md: CausalDAG.add_fact() got an unexpected keyword argument 'content'
  ERROR 13361-2020-supremecourt-2020-13361-13361-2020-34-1502-23967-judg-bf519c.md: CausalDAG.add_fact() got an unexpected keyword argument 'content'
  ERROR 13362-2007-jonew-judis-37046-6f7804.md: CausalDAG.add_fact() got an unexpected keyword argument 'content'
  ERROR 13363-2003-jonew-judis-44745-4034b5.md: CausalDAG.add_fact() got an unexpected keyword argument 'content'
  ERROR 13364-2002-jonew-judis-36223-b6da9a.md: CausalDAG.add_fact() got an unexpected keyword argument 'content'
  ERROR 13364-2021-supremecourt-2021-13364-13364-2021-32-18-30284-judgem-d9d71d.md: CausalDAG.add_fact() got an unexpected keyword argument 'content'
  ERROR 13366-2004-jonew-judis-28344-27d758.md: CausalDAG.add_fact() got an unexpected keyword argument 'content'
  ERROR 13366-2007-jonew-judis-31244-9d6ce8.md: CausalDAG.add_fact() got an unexpected keyword argument 'content'
  ERROR 13368-2014-jonew-judis-44458-ce8339.md: CausalDAG.add_fact() got an unexpected keyword argument 'content'
  ERROR 1337-1997-jonew-judis-17310-9b768d.md: CausalDAG.add_fact() got an unexpected keyword argument 'content'
  ERROR 13370-2008-jonew-judis-34425-9b2f6e.md: CausalDAG.add_fact() got an unexpected keyword argument 'content'
  ERROR 13375-2004-jonew-judis-34831-4c365b.md: CausalDAG.add_fact() got an unexpected keyword argument 'content'
  ERROR 13376-1997-jonew-judis-16416-39df91.md: CausalDAG.add_fact() got an unexpected keyword argument 'content'
  ERROR 13377-1994-jonew-judis-11111-c7caf7.md: CausalDAG.add_fact() got an unexpected keyword argument 'content'
  ERROR 13380-1998-jonew-judis-26037-c0aba9.md: CausalDAG.add_fact() got an unexpected keyword argument 'content'
  ERROR 13380-2007-jonew-judis-33389-323985.md: CausalDAG.add_fact() got an unexpected keyword argument 'content'
  ERROR 13381-2001-jonew-judis-34817-97dc4a.md: CausalDAG.add_fact() got an unexpected keyword argument 'content'
  ERROR 13381-2003-jonew-judis-36795-ef7d75.md: CausalDAG.add_fact() got an unexpected keyword argument 'content'
  ERROR 13382-2008-jonew-judis-35319-91c221.md: CausalDAG.add_fact() got an unexpected keyword argument 'content'
  ERROR 13386-1999-jonew-judis-29376-29bd66.md: CausalDAG.add_fact() got an unexpected keyword argument 'content'
  ERROR 13389-2014-jonew-judis-43340-e0e616.md: CausalDAG.add_fact() got an unexpected keyword argument 'content'
  ERROR 1339-2018-supremecourt-2018-1339-1339-2018-41-1501-30814-judgeme-2c019a.md: CausalDAG.add_fact() got an unexpected keyword argument 'content'
  ERROR 13391-1997-jonew-judis-13079-04fd5a.md: CausalDAG.add_fact() got an unexpected keyword argument 'content'
  ERROR 13391-2019-supremecourt-2019-13391-13391-2019-32-1505-21906-judg-c10e77.md: CausalDAG.add_fact() got an unexpected keyword argument 'content'
  ERROR 13393-2004-jonew-judis-26743-268edc.md: CausalDAG.add_fact() got an unexpected keyword argument 'content'
  ERROR 13393-2017-supremecourt-2017-13393-13393-2017-judgement-23-nov-2-f37079.md: CausalDAG.add_fact() got an unexpected keyword argument 'content'
  ERROR 13394-1998-jonew-judis-18190-137237.md: CausalDAG.add_fact() got an unexpected keyword argument 'content'
  ERROR 13396-2008-jonew-judis-33350-050fa9.md: CausalDAG.add_fact() got an unexpected keyword argument 'content'
  ERROR 13397-2005-supremecourt-2005-13397-13397-2005-2-1501-34166-judge-769050.md: CausalDAG.add_fact() got an unexpected keyword argument 'content'
  ERROR 13398-1998-jonew-judis-16557-e280cf.md: CausalDAG.add_fact() got an unexpected keyword argument 'content'
  ERROR 13398-1999-jonew-judis-16338-8fd2e0.md: CausalDAG.add_fact() got an unexpected keyword argument 'content'
  ERROR 13399-2003-jonew-judis-31377-bc2745.md: CausalDAG.add_fact() got an unexpected keyword argument 'content'
  ERROR 134-1955-jonew-judis-773-8487b8.md: CausalDAG.add_fact() got an unexpected keyword argument 'content'
  ERROR 134-1956-jonew-judis-4352-cb36ff.md: CausalDAG.add_fact() got an unexpected keyword argument 'content'
  ERROR 134-1958-jonew-judis-508-685d3c.md: CausalDAG.add_fact() got an unexpected keyword argument 'content'
  ERROR 134-1959-jonew-judis-3794-6561e2.md: CausalDAG.add_fact() got an unexpected keyword argument 'content'
  ERROR 134-1960-jonew-judis-3948-0c1247.md: CausalDAG.add_fact() got an unexpected keyword argument 'content'
  ERROR 134-1961-jonew-judis-4047-dcbced.md: CausalDAG.add_fact() got an unexpected keyword argument 'content'
  ERROR 134-1962-jonew-judis-3404-d95275.md: CausalDAG.add_fact() got an unexpected keyword argument 'content'
  ERROR 134-1963-jonew-judis-3450-b20188.md: CausalDAG.add_fact() got an unexpected keyword argument 'content'
  ERROR 134-1965-jonew-judis-2147-37ec13.md: CausalDAG.add_fact() got an unexpected keyword argument 'content'
  ERROR 134-1967-jonew-judis-1471-59b707.md: CausalDAG.add_fact() got an unexpected keyword argument 'content'
  ERROR 13401-2003-jonew-judis-39937-9218f8.md: CausalDAG.add_fact() got an unexpected keyword argument 'content'
  ERROR 13402-1994-jonew-judis-15470-a9ef91.md: CausalDAG.add_fact() got an unexpected keyword argument 'content'
  ERROR 13402-2005-jonew-judis-29500-a157ce.md: CausalDAG.add_fact() got an unexpected keyword argument 'content'
  ERROR 13404-2008-supremecourt-2008-13404-13404-2008-5-1501-41434-judge-957ac0.md: CausalDAG.add_fact() got an unexpected keyword argument 'content'
  ERROR 13405-2003-jonew-judis-39978-51fd94.md: CausalDAG.add_fact() got an unexpected keyword argument 'content'
  ERROR 13408-2000-jonew-judis-20574-e908a8.md: CausalDAG.add_fact() got an unexpected keyword argument 'content'
  ERROR 13408-2000-jonew-judis-9836-c1f0e6.md: CausalDAG.add_fact() got an unexpected keyword argument 'content'
  ERROR 13409-2015-supremecourt-2015-13409-13409-2015-3-1502-20835-judge-d8e090.md: CausalDAG.add_fact() got an unexpected keyword argument 'content'
  ERROR 13409-2015-supremecourt-2015-13409-13409-2015-judgement-23-jan-2-a8373c.md: CausalDAG.add_fact() got an unexpected keyword argument 'content'
  ERROR 13409-2015-supremecourt-2015-13409-13409-2015-order-23-jan-2018-12433b.md: CausalDAG.add_fact() got an unexpected keyword argument 'content'
  ERROR 13411-2009-supremecourt-2009-13411-13411-2009-14-103-48829-judge-333482.md: CausalDAG.add_fact() got an unexpected keyword argument 'content'
  ERROR 13412-2019-supremecourt-2019-13412-13412-2019-9-1503-17471-judge-e2e03a.md: CausalDAG.add_fact() got an unexpected keyword argument 'content'
  ERROR 13413-2007-jonew-judis-31623-d32e84.md: CausalDAG.add_fact() got an unexpected keyword argument 'content'
  ERROR 13415-2007-jonew-judis-40437-6c857f.md: CausalDAG.add_fact() got an unexpected keyword argument 'content'
  ERROR 13418-2022-supremecourt-2022-13418-13418-2022-4-39-35646-judgeme-c39899.md: CausalDAG.add_fact() got an unexpected keyword argument 'content'
  ERROR 1342-1998-jonew-judis-20408-3bfc46.md: CausalDAG.add_fact() got an unexpected keyword argument 'content'
  ERROR 13422-1999-jonew-judis-35564-0c515a.md: CausalDAG.add_fact() got an unexpected keyword argument 'content'
  ERROR 13423-1999-jonew-judis-26103-047a65.md: CausalDAG.add_fact() got an unexpected keyword argument 'content'
  ERROR 13425-2007-jonew-judis-33998-24395e.md: CausalDAG.add_fact() got an unexpected keyword argument 'content'
  ERROR 13430-2002-jonew-judis-31411-35ef9b.md: CausalDAG.add_fact() got an unexpected keyword argument 'content'
  ERROR 13430-2009-supremecourt-2009-13430-13430-2009-6-1501-47544-judge-fe8655.md: CausalDAG.add_fact() got an unexpected keyword argument 'content'
  ERROR 13430-2024-supremecourt-2024-13430-13430-2024-1-1502-55866-judge-727c9b.md: CausalDAG.add_fact() got an unexpected keyword argument 'content'
  ERROR 13431-2013-jonew-judis-42827-52403a.md: CausalDAG.add_fact() got an unexpected keyword argument 'content'
  ERROR 13432-2007-jonew-judis-35610-831a95.md: CausalDAG.add_fact() got an unexpected keyword argument 'content'
  ERROR 13433-2000-jonew-judis-18285-4365cc.md: CausalDAG.add_fact() got an unexpected keyword argument 'content'
  ERROR 13439-2011-jonew-judis-39578-83b426.md: CausalDAG.add_fact() got an unexpected keyword argument 'content'
  ERROR 13439-2020-supremecourt-2020-13439-13439-2020-1-1501-30216-judge-72d720.md: CausalDAG.add_fact() got an unexpected keyword argument 'content'
  ERROR 13440-1998-jonew-judis-16721-f6702e.md: CausalDAG.add_fact() got an unexpected keyword argument 'content'
  ERROR 13440-2007-jonew-judis-32931-341c58.md: CausalDAG.add_fact() got an unexpected keyword argument 'content'
  ERROR 13441-2005-jonew-judis-31204-717757.md: CausalDAG.add_fact() got an unexpected keyword argument 'content'
  ERROR 13447-2001-jonew-judis-18367-b73618.md: CausalDAG.add_fact() got an unexpected keyword argument 'content'
  ERROR 13447-2002-jonew-judis-33801-a134db.md: CausalDAG.add_fact() got an unexpected keyword argument 'content'
  ERROR 13447-2007-jonew-judis-36922-c7ae9b.md: CausalDAG.add_fact() got an unexpected keyword argument 'content'
  ERROR 13447-2007-jonew-judis-36924-d538ca.md: CausalDAG.add_fact() got an unexpected keyword argument 'content'
  ERROR 13448-2005-jonew-judis-29524-7133c0.md: CausalDAG.add_fact() got an unexpected keyword argument 'content'
  ERROR 13448-2005-jonew-judis-29560-95f45e.md: CausalDAG.add_fact() got an unexpected keyword argument 'content'
  ERROR 13449-1994-jonew-judis-15149-911c72.md: CausalDAG.add_fact() got an unexpected keyword argument 'content'
  ERROR 13449-2001-jonew-judis-26130-21c31e.md: CausalDAG.add_fact() got an unexpected keyword argument 'content'
  ERROR 1345-2008-jonew-judis-33454-f5df00.md: CausalDAG.add_fact() got an unexpected keyword argument 'content'
  ERROR 13450-2000-jonew-judis-18496-433d28.md: CausalDAG.add_fact() got an unexpected keyword argument 'content'
  ERROR 13450-2018-supremecourt-2018-13450-13450-2018-judgement-02-jul-2-88fdbb.md: CausalDAG.add_fact() got an unexpected keyword argument 'content'
  ERROR 13451-2002-jonew-judis-30267-37595c.md: CausalDAG.add_fact() got an unexpected keyword argument 'content'
  ERROR 13453-2013-jonew-judis-41720-03a148.md: CausalDAG.add_fact() got an unexpected keyword argument 'content'
  ERROR 13455-2000-jonew-judis-29183-1c2bce.md: CausalDAG.add_fact() got an unexpected keyword argument 'content'
  ERROR 13455-2001-jonew-judis-33464-c00ca7.md: CausalDAG.add_fact() got an unexpected keyword argument 'content'
  ERROR 13455-2013-jonew-judis-42676-48ad05.md: CausalDAG.add_fact() got an unexpected keyword argument 'content'
  ERROR 13456-2005-jonew-judis-32743-1f3462.md: CausalDAG.add_fact() got an unexpected keyword argument 'content'
  ERROR 13456-2017-supremecourt-2017-13456-13456-2017-order-09-jan-2018-0bdefa.md: CausalDAG.add_fact() got an unexpected keyword argument 'content'
  ERROR 13456-2018-supremecourt-2018-13456-13456-2018-judgement-27-may-2-fcabd0.md: CausalDAG.add_fact() got an unexpected keyword argument 'content'
  ERROR 13457-1999-jonew-judis-36018-0f550c.md: CausalDAG.add_fact() got an unexpected keyword argument 'content'
  ERROR 13457-2006-jonew-judis-37448-6090b6.md: CausalDAG.add_fact() got an unexpected keyword argument 'content'
  ERROR 13458-2013-supremecourt-2013-13458-13458-2013-7-101-56223-judgem-5f0fad.md: CausalDAG.add_fact() got an unexpected keyword argument 'content'
  ERROR 13459-2020-supremecourt-2020-13459-13459-2020-38-1501-25605-judg-d5b73d.md: CausalDAG.add_fact() got an unexpected keyword argument 'content'
  ERROR 1346-2001-jonew-judis-29962-7a1251.md: CausalDAG.add_fact() got an unexpected keyword argument 'content'
  ERROR 13460-2001-jonew-judis-20629-d5ab73.md: CausalDAG.add_fact() got an unexpected keyword argument 'content'
  ERROR 13461-1995-jonew-judis-13373-9f622e.md: CausalDAG.add_fact() got an unexpected keyword argument 'content'
  ERROR 13462-2012-jonew-judis-42798-61e82c.md: CausalDAG.add_fact() got an unexpected keyword argument 'content'
  ERROR 13463-2007-jonew-judis-38682-215d0f.md: CausalDAG.add_fact() got an unexpected keyword argument 'content'
  ERROR 13463-2016-jonew-judis-44182-671b0f.md: CausalDAG.add_fact() got an unexpected keyword argument 'content'
  ERROR 13464-2006-jonew-judis-37278-a7f8a8.md: CausalDAG.add_fact() got an unexpected keyword argument 'content'
  ERROR 13465-2020-supremecourt-2020-13465-13465-2020-3-1502-30887-judge-5e8658.md: CausalDAG.add_fact() got an unexpected keyword argument 'content'
  ERROR 13466-2017-supremecourt-2017-13466-13466-2017-judgement-16-may-2-cd7b71.md: CausalDAG.add_fact() got an unexpected keyword argument 'content'
  ERROR 13467-2009-jonew-judis-36238-9302bd.md: CausalDAG.add_fact() got an unexpected keyword argument 'content'
  ERROR 13468-2021-supremecourt-2021-13468-13468-2021-3-45-47839-judgeme-ff0150.md: CausalDAG.add_fact() got an unexpected keyword argument 'content'
  ERROR 13469-1999-jonew-judis-28977-89c6d9.md: CausalDAG.add_fact() got an unexpected keyword argument 'content'
  ERROR 13469-2010-jonew-judis-39242-cadc91.md: CausalDAG.add_fact() got an unexpected keyword argument 'content'
  ERROR 1347-1997-jonew-judis-13050-823503.md: CausalDAG.add_fact() got an unexpected keyword argument 'content'
  ERROR 1347-2005-jonew-judis-38558-a664be.md: CausalDAG.add_fact() got an unexpected keyword argument 'content'
  ERROR 13470-2003-jonew-judis-28878-d3e027.md: CausalDAG.add_fact() got an unexpected keyword argument 'content'
  ERROR 13470-2005-jonew-judis-28802-9684e6.md: CausalDAG.add_fact() got an unexpected keyword argument 'content'
  ERROR 13470-2011-jonew-judis-40808-e7219e.md: CausalDAG.add_fact() got an unexpected keyword argument 'content'
  ERROR 13473-2001-jonew-judis-36438-ce6101.md: CausalDAG.add_fact() got an unexpected keyword argument 'content'
  ERROR 13474-2013-jonew-judis-40925-c230e0.md: CausalDAG.add_fact() got an unexpected keyword argument 'content'
  ERROR 13479-2012-jonew-judis-39755-9417e9.md: CausalDAG.add_fact() got an unexpected keyword argument 'content'
  ERROR 13479-2020-supremecourt-2020-13479-13479-2020-31-1501-23958-judg-eabe40.md: CausalDAG.add_fact() got an unexpected keyword argument 'content'
  ERROR 1348-2003-jonew-judis-28742-bdf9b9.md: CausalDAG.add_fact() got an unexpected keyword argument 'content'
  ERROR 1348-2005-jonew-judis-38041-bfebef.md: CausalDAG.add_fact() got an unexpected keyword argument 'content'
  ERROR 1348-2019-supremecourt-2019-1348-1348-2019-5-1501-15816-judgemen-efd0e7.md: CausalDAG.add_fact() got an unexpected keyword argument 'content'
  ERROR 13480-2004-jonew-judis-29817-03a662.md: CausalDAG.add_fact() got an unexpected keyword argument 'content'
  ERROR 13481-2007-supremecourt-2007-13481-13481-2007-7-1501-31460-judge-a62a1c.md: CausalDAG.add_fact() got an unexpected keyword argument 'content'
  ERROR 13483-2017-supremecourt-2017-13483-13483-2017-15-1501-20378-judg-687bb7.md: CausalDAG.add_fact() got an unexpected keyword argument 'content'
  ERROR 13483-2018-supremecourt-2018-13483-13483-2018-judgement-04-jul-2-c73f3a.md: CausalDAG.add_fact() got an unexpected keyword argument 'content'
  ERROR 13484-2006-jonew-judis-28734-4e86c9.md: CausalDAG.add_fact() got an unexpected keyword argument 'content'
  ERROR 13486-2004-jonew-judis-32474-732cf6.md: CausalDAG.add_fact() got an unexpected keyword argument 'content'
  ERROR 13486-2008-supremecourt-2008-13486-13486-2008-judgement-12-mar-2-ddfdc8.md: CausalDAG.add_fact() got an unexpected keyword argument 'content'
  ERROR 13489-2018-supremecourt-2018-13489-13489-2018-10-28-15215-judgem-1f05af.md: CausalDAG.add_fact() got an unexpected keyword argument 'content'
  ERROR 13490-1998-jonew-judis-16307-4fab76.md: CausalDAG.add_fact() got an unexpected keyword argument 'content'
  ERROR 13494-1998-jonew-judis-20311-ba93b2.md: CausalDAG.add_fact() got an unexpected keyword argument 'content'
  ERROR 13497-2009-jonew-judis-37194-ceb266.md: CausalDAG.add_fact() got an unexpected keyword argument 'content'
  ERROR 13498-2016-supremecourt-2016-13498-13498-2016-judgement-21-aug-2-d640e9.md: CausalDAG.add_fact() got an unexpected keyword argument 'content'
  ERROR 135-1955-jonew-judis-774-5f01d5.md: CausalDAG.add_fact() got an unexpected keyword argument 'content'
  ERROR 135-1956-jonew-judis-4353-6919c4.md: CausalDAG.add_fact() got an unexpected keyword argument 'content'
  ERROR 135-1958-jonew-judis-521-6b9e59.md: CausalDAG.add_fact() got an unexpected keyword argument 'content'
  ERROR 135-1959-jonew-judis-3836-478bf5.md: CausalDAG.add_fact() got an unexpected keyword argument 'content'
  ERROR 135-1960-jonew-judis-3950-8bdda1.md: CausalDAG.add_fact() got an unexpected keyword argument 'content'
  ERROR 135-1961-jonew-judis-4049-62e8ac.md: CausalDAG.add_fact() got an unexpected keyword argument 'content'
  ERROR 135-1962-jonew-judis-3405-ed56da.md: CausalDAG.add_fact() got an unexpected keyword argument 'content'
  ERROR 135-1963-jonew-judis-3453-192924.md: CausalDAG.add_fact() got an unexpected keyword argument 'content'
  ERROR 135-1965-jonew-judis-2150-9799ab.md: CausalDAG.add_fact() got an unexpected keyword argument 'content'
  ERROR 135-1967-jonew-judis-1488-f1bc29.md: CausalDAG.add_fact() got an unexpected keyword argument 'content'
  ERROR 13500-2011-supremecourt-2011-13500-13500-2011-9-105-48133-judgem-e52367.md: CausalDAG.add_fact() got an unexpected keyword argument 'content'
  ERROR 13500-2016-supremecourt-2016-13500-13500-2016-order-09-oct-2017-cd2262.md: CausalDAG.add_fact() got an unexpected keyword argument 'content'
  ERROR 13503-2004-supremecourt-2004-13503-13503-2004-12-1501-17954-judg-5bbd73.md: CausalDAG.add_fact() got an unexpected keyword argument 'content'
  ERROR 13506-1994-jonew-judis-15437-06dc50.md: CausalDAG.add_fact() got an unexpected keyword argument 'content'
  ERROR 13506-2002-jonew-judis-20659-bcf982.md: CausalDAG.add_fact() got an unexpected keyword argument 'content'
  ERROR 13507-2003-jonew-judis-28203-899eb7.md: CausalDAG.add_fact() got an unexpected keyword argument 'content'
  ERROR 13509-2003-jonew-judis-26033-de2f3e.md: CausalDAG.add_fact() got an unexpected keyword argument 'content'
  ERROR 13509-2008-supremecourt-2008-13509-13509-2008-judgement-21-sep-2-c6ce1b.md: CausalDAG.add_fact() got an unexpected keyword argument 'content'
  ERROR 1351-2019-supremecourt-2019-1351-1351-2019-order-12-mar-2019-bbd79e.md: CausalDAG.add_fact() got an unexpected keyword argument 'content'
  ERROR 1351-2020-supremecourt-2020-1351-1351-2020-8-1503-44297-judgemen-c11799.md: CausalDAG.add_fact() got an unexpected keyword argument 'content'
  ERROR 13512-1997-jonew-judis-19298-4e3ed0.md: CausalDAG.add_fact() got an unexpected keyword argument 'content'
  ERROR 13512-2001-jonew-judis-18689-3e4445.md: CausalDAG.add_fact() got an unexpected keyword argument 'content'
  ERROR 13516-2004-jonew-judis-27528-4aa840.md: CausalDAG.add_fact() got an unexpected keyword argument 'content'
  ERROR 13516-2015-jonew-judis-44215-a386f6.md: CausalDAG.add_fact() got an unexpected keyword argument 'content'
  ERROR 13518-2020-supremecourt-2020-13518-13518-2020-35-1501-29853-judg-f70e75.md: CausalDAG.add_fact() got an unexpected keyword argument 'content'
  ERROR 13519-1994-jonew-judis-14614-ef3d9a.md: CausalDAG.add_fact() got an unexpected keyword argument 'content'
  ERROR 13519-2002-jonew-judis-29046-d91a49.md: CausalDAG.add_fact() got an unexpected keyword argument 'content'
  ERROR 13519-2004-jonew-judis-39165-771779.md: CausalDAG.add_fact() got an unexpected keyword argument 'content'
  ERROR 13519-2018-supremecourt-2018-13519-13519-2018-43-1501-31805-judg-06c333.md: CausalDAG.add_fact() got an unexpected keyword argument 'content'
  ERROR 1352-2006-jonew-judis-30830-d0528d.md: CausalDAG.add_fact() got an unexpected keyword argument 'content'
  ERROR 13520-2017-supremecourt-2017-2017-judgement-19-jun-2017-cc64c0.md: CausalDAG.add_fact() got an unexpected keyword argument 'content'
  ERROR 13521-2010-supremecourt-2010-13521-13521-2010-6-103-31511-order-157360.md: CausalDAG.add_fact() got an unexpected keyword argument 'content'
  ERROR 13522-2005-jonew-judis-41315-aa6a34.md: CausalDAG.add_fact() got an unexpected keyword argument 'content'
  ERROR 13522-2008-jonew-judis-42923-04c146.md: CausalDAG.add_fact() got an unexpected keyword argument 'content'
  ERROR 13522-2017-supremecourt-2017-13522-13522-2017-8-1501-43753-judge-e34194.md: CausalDAG.add_fact() got an unexpected keyword argument 'content'
  ERROR 13523-1995-jonew-judis-17791-8b259c.md: CausalDAG.add_fact() got an unexpected keyword argument 'content'
  ERROR 13523-2007-jonew-judis-34119-ab7d36.md: CausalDAG.add_fact() got an unexpected keyword argument 'content'
  ERROR 13523-2009-jonew-judis-36025-537a24.md: CausalDAG.add_fact() got an unexpected keyword argument 'content'
  ERROR 13524-2005-jonew-judis-30409-31df4d.md: CausalDAG.add_fact() got an unexpected keyword argument 'content'
  ERROR 13526-2006-jonew-judis-36265-5d3f99.md: CausalDAG.add_fact() got an unexpected keyword argument 'content'
  ERROR 13526-2006-jonew-judis-36703-84d7b5.md: CausalDAG.add_fact() got an unexpected keyword argument 'content'
  ERROR 13526-2009-jonew-judis-37939-bfa0ec.md: CausalDAG.add_fact() got an unexpected keyword argument 'content'
  ERROR 13527-2006-jonew-judis-30054-8f56fd.md: CausalDAG.add_fact() got an unexpected keyword argument 'content'
  ERROR 13529-2011-jonew-judis-42202-d454cc.md: CausalDAG.add_fact() got an unexpected keyword argument 'content'
  ERROR 13529-2019-supremecourt-2019-13529-13529-2019-6-1502-17009-judge-570a72.md: CausalDAG.add_fact() got an unexpected keyword argument 'content'
  ERROR 1353-2011-supremecourt-2011-1353-1353-2011-judgement-08-feb-2018-731eee.md: CausalDAG.add_fact() got an unexpected keyword argument 'content'
  ERROR 13530-1994-jonew-judis-10331-1dc1f9.md: CausalDAG.add_fact() got an unexpected keyword argument 'content'
  ERROR 13530-2013-jonew-judis-40775-7239b0.md: CausalDAG.add_fact() got an unexpected keyword argument 'content'
  ERROR 13533-2009-jonew-judis-39904-b9aedf.md: CausalDAG.add_fact() got an unexpected keyword argument 'content'
  ERROR 13533-2013-supremecourt-2013-13533-13533-2013-judgement-05-jan-2-ee04f4.md: CausalDAG.add_fact() got an unexpected keyword argument 'content'
  ERROR 13533-2015-supremecourt-2015-13533-13533-2015-13-1501-56014-judg-1ec069.md: CausalDAG.add_fact() got an unexpected keyword argument 'content'
  ERROR 13533-2015-supremecourt-2015-13533-13533-2015-13-67-56307-judgem-10a20c.md: CausalDAG.add_fact() got an unexpected keyword argument 'content'
  ERROR 13534-2010-jonew-judis-38029-c66964.md: CausalDAG.add_fact() got an unexpected keyword argument 'content'
  ERROR 13537-2005-supremecourt-2005-13537-13537-2005-judgement-09-apr-2-498212.md: CausalDAG.add_fact() got an unexpected keyword argument 'content'
  ERROR 13538-2001-jonew-judis-25980-fe63d1.md: CausalDAG.add_fact() got an unexpected keyword argument 'content'
  ERROR 13538-2017-supremecourt-2017-13538-13538-2017-judgement-21-aug-2-5cdd84.md: CausalDAG.add_fact() got an unexpected keyword argument 'content'
  ERROR 1354-2000-jonew-judis-33609-bc51a9.md: CausalDAG.add_fact() got an unexpected keyword argument 'content'
  ERROR 1354-2007-jonew-judis-38047-7d79e2.md: CausalDAG.add_fact() got an unexpected keyword argument 'content'
  ERROR 13540-2000-jonew-judis-26854-ee0532.md: CausalDAG.add_fact() got an unexpected keyword argument 'content'
  ERROR 13542-2017-supremecourt-2017-13542-13542-2017-judgement-30-nov-2-87b89e.md: CausalDAG.add_fact() got an unexpected keyword argument 'content'
  ERROR 13543-2003-jonew-judis-26290-a55b3c.md: CausalDAG.add_fact() got an unexpected keyword argument 'content'
  ERROR 13543-2003-jonew-judis-26354-9e0190.md: CausalDAG.add_fact() got an unexpected keyword argument 'content'
  ERROR 13545-2001-jonew-judis-34294-b41533.md: CausalDAG.add_fact() got an unexpected keyword argument 'content'
  ERROR 13546-2007-jonew-judis-34302-f95534.md: CausalDAG.add_fact() got an unexpected keyword argument 'content'
  ERROR 13548-2000-jonew-judis-17652-c832b9.md: CausalDAG.add_fact() got an unexpected keyword argument 'content'
  ERROR 13548-2006-jonew-judis-28579-1106c6.md: CausalDAG.add_fact() got an unexpected keyword argument 'content'
  ERROR 1355-2000-jonew-judis-18156-62f770.md: CausalDAG.add_fact() got an unexpected keyword argument 'content'
  ERROR 1355-2002-jonew-judis-18790-734d3e.md: CausalDAG.add_fact() got an unexpected keyword argument 'content'
  ERROR 1355-2020-supremecourt-2020-1355-1355-2020-9-1501-20831-judgemen-30bdfb.md: CausalDAG.add_fact() got an unexpected keyword argument 'content'
  ERROR 13551-2003-jonew-judis-26300-c0de4a.md: CausalDAG.add_fact() got an unexpected keyword argument 'content'
  ERROR 13555-2008-jonew-judis-35154-5f1831.md: CausalDAG.add_fact() got an unexpected keyword argument 'content'
  ERROR 13557-2004-jonew-judis-29374-6158c9.md: CausalDAG.add_fact() got an unexpected keyword argument 'content'
  ERROR 13557-2009-supremecourt-2009-13557-13557-2009-judgement-03-dec-2-ac5ca5.md: CausalDAG.add_fact() got an unexpected keyword argument 'content'
  ERROR 13559-2005-jonew-judis-28229-d1abea.md: CausalDAG.add_fact() got an unexpected keyword argument 'content'
  ERROR 1356-2011-supremecourt-2011-1356-1356-2011-judgement-01-aug-2018-859716.md: CausalDAG.add_fact() got an unexpected keyword argument 'content'
  ERROR 13560-2003-jonew-judis-29973-4a5cec.md: CausalDAG.add_fact() got an unexpected keyword argument 'content'
  ERROR 13560-2006-jonew-judis-32249-997180.md: CausalDAG.add_fact() got an unexpected keyword argument 'content'
  ERROR 13560-2009-supremecourt-2009-13560-13560-2009-13-1501-46538-judg-ef0366.md: CausalDAG.add_fact() got an unexpected keyword argument 'content'
  ERROR 13560-2016-jonew-judis-44643-0b8ef4.md: CausalDAG.add_fact() got an unexpected keyword argument 'content'
  ERROR 13561-2002-jonew-judis-26558-30ac56.md: CausalDAG.add_fact() got an unexpected keyword argument 'content'
  ERROR 13568-1999-jonew-judis-28787-8c822a.md: CausalDAG.add_fact() got an unexpected keyword argument 'content'
  ERROR 13568-2003-jonew-judis-27581-149cf7.md: CausalDAG.add_fact() got an unexpected keyword argument 'content'
  ERROR 13568-2008-jonew-judis-38490-9d737c.md: CausalDAG.add_fact() got an unexpected keyword argument 'content'
  ERROR 13569-1994-jonew-judis-11054-7b675a.md: CausalDAG.add_fact() got an unexpected keyword argument 'content'
  ERROR 1357-2005-jonew-judis-32909-ffe701.md: CausalDAG.add_fact() got an unexpected keyword argument 'content'
  ERROR 1357-2012-jonew-judis-42028-6f980f.md: CausalDAG.add_fact() got an unexpected keyword argument 'content'
  ERROR 13570-2008-jonew-judis-34905-72ad1f.md: CausalDAG.add_fact() got an unexpected keyword argument 'content'
  ERROR 13573-2011-supremecourt-2011-13573-13573-2011-2-1501-44298-judge-4305ae.md: CausalDAG.add_fact() got an unexpected keyword argument 'content'
  ERROR 13574-2011-jonew-judis-39271-f9d607.md: CausalDAG.add_fact() got an unexpected keyword argument 'content'
  ERROR 13575-2002-jonew-judis-19293-db9373.md: CausalDAG.add_fact() got an unexpected keyword argument 'content'
  ERROR 13576-2002-jonew-judis-37823-0f73d5.md: CausalDAG.add_fact() got an unexpected keyword argument 'content'
  ERROR 13577-2002-jonew-judis-33833-31e305.md: CausalDAG.add_fact() got an unexpected keyword argument 'content'
  ERROR 13577-2006-jonew-judis-39429-b42194.md: CausalDAG.add_fact() got an unexpected keyword argument 'content'
  ERROR 13578-2004-jonew-judis-36778-a280f1.md: CausalDAG.add_fact() got an unexpected keyword argument 'content'
  ERROR 13578-2024-supremecourt-2024-13578-13578-2024-2-1502-57954-judge-4d6011.md: CausalDAG.add_fact() got an unexpected keyword argument 'content'
  ERROR 13580-2004-jonew-judis-28259-b25f71.md: CausalDAG.add_fact() got an unexpected keyword argument 'content'
  ERROR 13582-1997-jonew-judis-16754-fe14e6.md: CausalDAG.add_fact() got an unexpected keyword argument 'content'
  ERROR 13585-2020-supremecourt-2020-13585-13585-2020-33-1501-25016-judg-210a69.md: CausalDAG.add_fact() got an unexpected keyword argument 'content'
  ERROR 13586-2000-jonew-judis-18584-38547f.md: CausalDAG.add_fact() got an unexpected keyword argument 'content'
  ERROR 13586-2005-jonew-judis-28714-171b8e.md: CausalDAG.add_fact() got an unexpected keyword argument 'content'
  ERROR 13589-2015-supremecourt-2015-13589-13589-2015-5-1501-30910-judge-8cd40f.md: CausalDAG.add_fact() got an unexpected keyword argument 'content'
  ERROR 13590-2008-jonew-judis-36952-d28e32.md: CausalDAG.add_fact() got an unexpected keyword argument 'content'
  ERROR 13590-2008-jonew-judis-37048-8c478f.md: CausalDAG.add_fact() got an unexpected keyword argument 'content'
  ERROR 13591-2001-jonew-judis-20584-15adfd.md: CausalDAG.add_fact() got an unexpected keyword argument 'content'
  ERROR 13591-2005-jonew-judis-30088-09778c.md: CausalDAG.add_fact() got an unexpected keyword argument 'content'
  ERROR 13592-1994-jonew-judis-14333-2ed052.md: CausalDAG.add_fact() got an unexpected keyword argument 'content'
  ERROR 13593-2016-jonew-judis-44660-1288a2.md: CausalDAG.add_fact() got an unexpected keyword argument 'content'
  ERROR 13595-2002-jonew-judis-19033-8db91b.md: CausalDAG.add_fact() got an unexpected keyword argument 'content'
  ERROR 13596-2004-jonew-judis-27152-b16ece.md: CausalDAG.add_fact() got an unexpected keyword argument 'content'
  ERROR 13597-2018-supremecourt-2018-13597-13597-2018-8-1501-20002-judge-24cc36.md: CausalDAG.add_fact() got an unexpected keyword argument 'content'
  ERROR 13599-1995-jonew-judis-15252-a59d82.md: CausalDAG.add_fact() got an unexpected keyword argument 'content'
  ERROR 136-1955-jonew-judis-777-f59c0f.md: CausalDAG.add_fact() got an unexpected keyword argument 'content'
  ERROR 136-1956-jonew-judis-4355-e9a44d.md: CausalDAG.add_fact() got an unexpected keyword argument 'content'
  ERROR 136-1958-jonew-judis-526-0c8835.md: CausalDAG.add_fact() got an unexpected keyword argument 'content'
  ERROR 136-1959-jonew-judis-3837-b680d1.md: CausalDAG.add_fact() got an unexpected keyword argument 'content'
  ERROR 136-1960-jonew-judis-3957-504b51.md: CausalDAG.add_fact() got an unexpected keyword argument 'content'
  ERROR 136-1961-jonew-judis-4051-71756d.md: CausalDAG.add_fact() got an unexpected keyword argument 'content'
  ERROR 136-1962-jonew-judis-3407-17a298.md: CausalDAG.add_fact() got an unexpected keyword argument 'content'
  ERROR 136-1963-jonew-judis-3455-42352d.md: CausalDAG.add_fact() got an unexpected keyword argument 'content'
  ERROR 136-1965-jonew-judis-2153-d9f548.md: CausalDAG.add_fact() got an unexpected keyword argument 'content'
  ERROR 136-1967-jonew-judis-1492-9ba480.md: CausalDAG.add_fact() got an unexpected keyword argument 'content'
  ERROR 136-2002-jonew-judis-43668-4d2cee.md: CausalDAG.add_fact() got an unexpected keyword argument 'content'
  ERROR 136-2006-jonew-judis-28712-c751f9.md: CausalDAG.add_fact() got an unexpected keyword argument 'content'
  ERROR 136-2011-jonew-judis-39697-09aaaa.md: CausalDAG.add_fact() got an unexpected keyword argument 'content'
  ERROR 13601-2007-jonew-judis-39340-18e147.md: CausalDAG.add_fact() got an unexpected keyword argument 'content'
  ERROR 13604-2001-jonew-judis-34288-22a5c6.md: CausalDAG.add_fact() got an unexpected keyword argument 'content'
  ERROR 13604-2002-jonew-judis-20774-3b9284.md: CausalDAG.add_fact() got an unexpected keyword argument 'content'
  ERROR 13606-2006-jonew-judis-31653-943053.md: CausalDAG.add_fact() got an unexpected keyword argument 'content'
  ERROR 13607-2008-jonew-judis-39639-c6e355.md: CausalDAG.add_fact() got an unexpected keyword argument 'content'
  ERROR 13607-2016-jonew-judis-43889-3108bf.md: CausalDAG.add_fact() got an unexpected keyword argument 'content'
  ERROR 13609-2004-jonew-judis-42591-6a9e39.md: CausalDAG.add_fact() got an unexpected keyword argument 'content'
  ERROR 13609-2006-jonew-judis-27799-6c895c.md: CausalDAG.add_fact() got an unexpected keyword argument 'content'
  ERROR 13609-2006-jonew-judis-27800-adb416.md: CausalDAG.add_fact() got an unexpected keyword argument 'content'
  ERROR 1361-2000-jonew-judis-17960-a34c69.md: CausalDAG.add_fact() got an unexpected keyword argument 'content'
  ERROR 13610-2001-jonew-judis-36693-d51c47.md: CausalDAG.add_fact() got an unexpected keyword argument 'content'
  ERROR 13610-2007-jonew-judis-30704-4c04d4.md: CausalDAG.add_fact() got an unexpected keyword argument 'content'
  ERROR 13613-2000-jonew-judis-27638-6c72a1.md: CausalDAG.add_fact() got an unexpected keyword argument 'content'
  ERROR 13615-2015-supremecourt-2015-13615-13615-2015-7-1502-53695-judge-5a7123.md: CausalDAG.add_fact() got an unexpected keyword argument 'content'
  ERROR 13616-1994-jonew-judis-13206-fb1c54.md: CausalDAG.add_fact() got an unexpected keyword argument 'content'
  ERROR 13616-2004-jonew-judis-30708-c034a3.md: CausalDAG.add_fact() got an unexpected keyword argument 'content'
  ERROR 13616-2013-jonew-judis-44372-795df1.md: CausalDAG.add_fact() got an unexpected keyword argument 'content'
  ERROR 13617-2007-jonew-judis-30381-ae81f5.md: CausalDAG.add_fact() got an unexpected keyword argument 'content'
  ERROR 13618-2007-jonew-judis-31021-41f5de.md: CausalDAG.add_fact() got an unexpected keyword argument 'content'
  ERROR 1362-2014-supremecourt-2014-1362-1362-2014-3-1503-16560-judgemen-b32867.md: CausalDAG.add_fact() got an unexpected keyword argument 'content'
  ERROR 13620-2004-jonew-judis-29275-0f79f9.md: CausalDAG.add_fact() got an unexpected keyword argument 'content'
  ERROR 13623-2005-jonew-judis-44756-fed2ba.md: CausalDAG.add_fact() got an unexpected keyword argument 'content'
  ERROR 13623-2005-supremecourt-2005-13623-13623-2005-judgement-09-mar-2-6910e2.md: CausalDAG.add_fact() got an unexpected keyword argument 'content'
  ERROR 13625-2005-jonew-judis-28120-844afe.md: CausalDAG.add_fact() got an unexpected keyword argument 'content'
  ERROR 13626-2008-jonew-courtnic-rop-2008-13626-rop-901694-7a80a9.md: CausalDAG.add_fact() got an unexpected keyword argument 'content'
  ERROR 13630-2001-jonew-judis-29767-610be2.md: CausalDAG.add_fact() got an unexpected keyword argument 'content'
  ERROR 13630-2008-supremecourt-2008-13630-13630-2008-9-1501-37528-judge-c2ed47.md: CausalDAG.add_fact() got an unexpected keyword argument 'content'
  ERROR 13633-2005-jonew-judis-27459-c482be.md: CausalDAG.add_fact() got an unexpected keyword argument 'content'
  ERROR 13638-1997-jonew-judis-19097-0e8a00.md: CausalDAG.add_fact() got an unexpected keyword argument 'content'
  ERROR 13638-2004-supremecourt-2004-13638-13638-2004-judgement-18-jan-2-284d7d.md: CausalDAG.add_fact() got an unexpected keyword argument 'content'
  ERROR 13638-2012-supremecourt-2012-13638-13638-2012-judgement-15-may-2-3ff1e9.md: CausalDAG.add_fact() got an unexpected keyword argument 'content'
  ERROR 13639-2008-supremecourt-2008-2008-judgement-11-may-2018-fc5e27.md: CausalDAG.add_fact() got an unexpected keyword argument 'content'
  ERROR 1364-2009-jonew-judis-38488-bdf419.md: CausalDAG.add_fact() got an unexpected keyword argument 'content'
  ERROR 13640-2004-jonew-judis-30350-c3e019.md: CausalDAG.add_fact() got an unexpected keyword argument 'content'
  ERROR 13640-2004-jonew-judis-30361-872e4f.md: CausalDAG.add_fact() got an unexpected keyword argument 'content'
  ERROR 13641-1999-jonew-judis-35478-5f5447.md: CausalDAG.add_fact() got an unexpected keyword argument 'content'
  ERROR 13641-2000-jonew-judis-20435-a98704.md: CausalDAG.add_fact() got an unexpected keyword argument 'content'
  ERROR 13641-2006-jonew-judis-29162-316a06.md: CausalDAG.add_fact() got an unexpected keyword argument 'content'
  ERROR 13643-1995-jonew-judis-15741-653fe8.md: CausalDAG.add_fact() got an unexpected keyword argument 'content'
  ERROR 13643-2009-jonew-judis-43292-802e73.md: CausalDAG.add_fact() got an unexpected keyword argument 'content'
  ERROR 13643-2011-jonew-judis-39660-261647.md: CausalDAG.add_fact() got an unexpected keyword argument 'content'
  ERROR 13646-2021-supremecourt-2021-13646-13646-2021-10-1502-52063-judg-4cd489.md: CausalDAG.add_fact() got an unexpected keyword argument 'content'
  ERROR 13647-2003-jonew-judis-26585-b0929d.md: CausalDAG.add_fact() got an unexpected keyword argument 'content'
  ERROR 13647-2010-supremecourt-2010-13647-13647-2010-4-1502-43314-judge-21ca03.md: CausalDAG.add_fact() got an unexpected keyword argument 'content'
  ERROR 13647-2012-jonew-judis-40933-91163a.md: CausalDAG.add_fact() got an unexpected keyword argument 'content'
  ERROR 13648-2001-jonew-judis-18150-e73530.md: CausalDAG.add_fact() got an unexpected keyword argument 'content'
  ERROR 13649-2002-jonew-judis-26186-64cfab.md: CausalDAG.add_fact() got an unexpected keyword argument 'content'
  ERROR 13649-2002-jonew-judis-26214-767fc8.md: CausalDAG.add_fact() got an unexpected keyword argument 'content'
  ERROR 13649-2017-supremecourt-2017-13649-13649-2017-judgement-05-feb-2-68597a.md: CausalDAG.add_fact() got an unexpected keyword argument 'content'
  ERROR 13650-1997-jonew-judis-18359-bdbf98.md: CausalDAG.add_fact() got an unexpected keyword argument 'content'
  ERROR 13650-2004-jonew-judis-29208-b038ed.md: CausalDAG.add_fact() got an unexpected keyword argument 'content'
  ERROR 13652-2004-jonew-judis-33701-7cd7e8.md: CausalDAG.add_fact() got an unexpected keyword argument 'content'
  ERROR 13652-2012-jonew-judis-43076-b824a1.md: CausalDAG.add_fact() got an unexpected keyword argument 'content'
  ERROR 13656-1999-jonew-judis-28771-ecc48c.md: CausalDAG.add_fact() got an unexpected keyword argument 'content'
  ERROR 13656-2012-jonew-judis-39941-1b8e42.md: CausalDAG.add_fact() got an unexpected keyword argument 'content'
  ERROR 13658-1997-jonew-judis-13507-776bec.md: CausalDAG.add_fact() got an unexpected keyword argument 'content'
  ERROR 13659-2006-supremecourt-2006-13659-13659-2006-judgement-04-dec-2-8bfbab.md: CausalDAG.add_fact() got an unexpected keyword argument 'content'
  ERROR 13659-2011-jonew-judis-38887-f895d1.md: CausalDAG.add_fact() got an unexpected keyword argument 'content'
  ERROR 13661-2020-supremecourt-2020-13661-13661-2020-31-1502-24349-judg-58e599.md: CausalDAG.add_fact() got an unexpected keyword argument 'content'
  ERROR 13662-1994-jonew-judis-15324-753cdc.md: CausalDAG.add_fact() got an unexpected keyword argument 'content'
  ERROR 13662-1998-jonew-judis-17008-6e161f.md: CausalDAG.add_fact() got an unexpected keyword argument 'content'
  ERROR 13663-1999-jonew-judis-27404-bcbde9.md: CausalDAG.add_fact() got an unexpected keyword argument 'content'
  ERROR 13665-2006-jonew-judis-33944-c3be89.md: CausalDAG.add_fact() got an unexpected keyword argument 'content'
  ERROR 13665-2007-jonew-judis-40144-785adb.md: CausalDAG.add_fact() got an unexpected keyword argument 'content'
  ERROR 13668-2009-supremecourt-2009-13668-13668-2009-42-1501-29369-judg-3f27c1.md: CausalDAG.add_fact() got an unexpected keyword argument 'content'
  ERROR 13669-1999-jonew-judis-17212-296b2b.md: CausalDAG.add_fact() got an unexpected keyword argument 'content'
  ERROR 13670-1998-jonew-judis-17372-f41a2c.md: CausalDAG.add_fact() got an unexpected keyword argument 'content'
  ERROR 13670-1998-jonew-judis-20438-ed6b91.md: CausalDAG.add_fact() got an unexpected keyword argument 'content'
  ERROR 13670-2005-jonew-judis-32738-6ed98d.md: CausalDAG.add_fact() got an unexpected keyword argument 'content'
  ERROR 13670-2008-jonew-judis-38964-5aaaa8.md: CausalDAG.add_fact() got an unexpected keyword argument 'content'
  ERROR 13670-2014-jonew-judis-43121-3cb30f.md: CausalDAG.add_fact() got an unexpected keyword argument 'content'
  ERROR 13671-2002-jonew-judis-29707-e8cd14.md: CausalDAG.add_fact() got an unexpected keyword argument 'content'
  ERROR 13671-2006-jonew-judis-27797-ae59de.md: CausalDAG.add_fact() got an unexpected keyword argument 'content'
  ERROR 13671-2019-supremecourt-2019-13671-13671-2019-8-52-19134-judgeme-1c47bf.md: CausalDAG.add_fact() got an unexpected keyword argument 'content'
  ERROR 13672-2006-jonew-judis-35394-6f309c.md: CausalDAG.add_fact() got an unexpected keyword argument 'content'
  ERROR 13672-2010-jonew-judis-41556-702e24.md: CausalDAG.add_fact() got an unexpected keyword argument 'content'
  ERROR 13672-2010-jonew-judis-42019-95b114.md: CausalDAG.add_fact() got an unexpected keyword argument 'content'
  ERROR 13672-2010-jonew-judis-42614-e31fad.md: CausalDAG.add_fact() got an unexpected keyword argument 'content'
  ERROR 13675-1997-jonew-judis-13657-b80cb8.md: CausalDAG.add_fact() got an unexpected keyword argument 'content'
  ERROR 13675-2000-jonew-judis-18144-2a1f91.md: CausalDAG.add_fact() got an unexpected keyword argument 'content'
  ERROR 13678-1998-jonew-judis-16712-60831f.md: CausalDAG.add_fact() got an unexpected keyword argument 'content'
  ERROR 13678-2013-jonew-courtnic-rop-2013-13678-rop-187220-845ff7.md: CausalDAG.add_fact() got an unexpected keyword argument 'content'
  ERROR 1368-2003-jonew-judis-34846-39afd1.md: CausalDAG.add_fact() got an unexpected keyword argument 'content'
  ERROR 13680-2000-jonew-judis-25889-9e776d.md: CausalDAG.add_fact() got an unexpected keyword argument 'content'
  ERROR 13681-1999-jonew-judis-20773-c7eaa8.md: CausalDAG.add_fact() got an unexpected keyword argument 'content'
  ERROR 13681-2011-jonew-judis-42456-a3a0c5.md: CausalDAG.add_fact() got an unexpected keyword argument 'content'
  ERROR 13682-2007-jonew-judis-38578-e9eb6f.md: CausalDAG.add_fact() got an unexpected keyword argument 'content'
  ERROR 13683-2009-supremecourt-2009-13683-13683-2009-12-1502-21078-judg-a4c2f1.md: CausalDAG.add_fact() got an unexpected keyword argument 'content'
  ERROR 13683-2011-jonew-judis-38246-c82b97.md: CausalDAG.add_fact() got an unexpected keyword argument 'content'
  ERROR 13683-2017-supremecourt-2017-13683-13683-2017-judgement-23-aug-2-76d866.md: CausalDAG.add_fact() got an unexpected keyword argument 'content'
  ERROR 13685-2007-jonew-judis-32461-ceb6b0.md: CausalDAG.add_fact() got an unexpected keyword argument 'content'
  ERROR 13690-2008-jonew-judis-37120-74f61b.md: CausalDAG.add_fact() got an unexpected keyword argument 'content'
  ERROR 13692-1994-jonew-judis-10161-fed806.md: CausalDAG.add_fact() got an unexpected keyword argument 'content'
  ERROR 13692-2018-supremecourt-2018-13692-13692-2018-judgement-12-sep-2-5288da.md: CausalDAG.add_fact() got an unexpected keyword argument 'content'
  ERROR 13694-1999-jonew-judis-17826-16d1a3.md: CausalDAG.add_fact() got an unexpected keyword argument 'content'
  ERROR 13694-2011-jonew-judis-38170-273399.md: CausalDAG.add_fact() got an unexpected keyword argument 'content'
  ERROR 13694-2018-supremecourt-2018-13694-13694-2018-4-2-18813-order-04-1fffb7.md: CausalDAG.add_fact() got an unexpected keyword argument 'content'
  ERROR 13695-2008-supremecourt-2008-13695-13695-2008-judgement-12-mar-2-91229d.md: CausalDAG.add_fact() got an unexpected keyword argument 'content'
  ERROR 13697-1995-jonew-judis-15430-0f8e9b.md: CausalDAG.add_fact() got an unexpected keyword argument 'content'
  ERROR 13697-2013-jonew-judis-41420-c6a365.md: CausalDAG.add_fact() got an unexpected keyword argument 'content'
  ERROR 13697-2018-supremecourt-2018-13697-13697-2018-9-1505-17294-judge-010746.md: CausalDAG.add_fact() got an unexpected keyword argument 'content'
  ERROR 13698-2001-jonew-judis-18371-c249c9.md: CausalDAG.add_fact() got an unexpected keyword argument 'content'
  ERROR 13698-2010-supremecourt-2010-13698-13698-2010-31-1502-32476-judg-84c2a9.md: CausalDAG.add_fact() got an unexpected keyword argument 'content'
  ERROR 13699-2010-jonew-judis-43293-e355ee.md: CausalDAG.add_fact() got an unexpected keyword argument 'content'
  ERROR 137-1955-jonew-judis-779-ea7025.md: CausalDAG.add_fact() got an unexpected keyword argument 'content'
  ERROR 137-1956-jonew-judis-4363-a43e68.md: CausalDAG.add_fact() got an unexpected keyword argument 'content'
  ERROR 137-1958-jonew-judis-531-ba1276.md: CausalDAG.add_fact() got an unexpected keyword argument 'content'
  ERROR 137-1959-jonew-judis-3842-00641f.md: CausalDAG.add_fact() got an unexpected keyword argument 'content'
  ERROR 137-1960-jonew-judis-3959-8982b7.md: CausalDAG.add_fact() got an unexpected keyword argument 'content'
  ERROR 137-1961-jonew-judis-4052-4f5135.md: CausalDAG.add_fact() got an unexpected keyword argument 'content'
  ERROR 137-1962-jonew-judis-3410-c2e26e.md: CausalDAG.add_fact() got an unexpected keyword argument 'content'
  ERROR 137-1963-jonew-judis-3458-850c72.md: CausalDAG.add_fact() got an unexpected keyword argument 'content'
  ERROR 137-1965-jonew-judis-2156-eacea5.md: CausalDAG.add_fact() got an unexpected keyword argument 'content'
  ERROR 137-1967-jonew-judis-1495-6c3d31.md: CausalDAG.add_fact() got an unexpected keyword argument 'content'
  ERROR 137-2003-jonew-judis-40269-185461.md: CausalDAG.add_fact() got an unexpected keyword argument 'content'
  ERROR 1370-2006-jonew-judis-30707-22f6ce.md: CausalDAG.add_fact() got an unexpected keyword argument 'content'
  ERROR 13700-1997-jonew-judis-13352-991641.md: CausalDAG.add_fact() got an unexpected keyword argument 'content'
  ERROR 13700-2007-jonew-judis-32311-e14edf.md: CausalDAG.add_fact() got an unexpected keyword argument 'content'
  ERROR 13701-2007-jonew-judis-33185-840c7a.md: CausalDAG.add_fact() got an unexpected keyword argument 'content'
  ERROR 13703-2007-jonew-judis-30419-b03f8d.md: CausalDAG.add_fact() got an unexpected keyword argument 'content'
  ERROR 13704-1997-jonew-judis-13549-6b75f0.md: CausalDAG.add_fact() got an unexpected keyword argument 'content'
  ERROR 13704-2002-jonew-judis-35806-21ce7f.md: CausalDAG.add_fact() got an unexpected keyword argument 'content'
  ERROR 13706-2000-jonew-judis-18549-93d3ac.md: CausalDAG.add_fact() got an unexpected keyword argument 'content'
  ERROR 13706-2007-jonew-judis-30402-29be84.md: CausalDAG.add_fact() got an unexpected keyword argument 'content'
  ERROR 13707-2024-supremecourt-2024-13707-13707-2024-3-1501-56022-judge-fec930.md: CausalDAG.add_fact() got an unexpected keyword argument 'content'
  ERROR 13708-1997-jonew-judis-25715-c964af.md: CausalDAG.add_fact() got an unexpected keyword argument 'content'
  ERROR 13708-2007-jonew-judis-31461-0c98c5.md: CausalDAG.add_fact() got an unexpected keyword argument 'content'
  ERROR 1371-2003-jonew-judis-35613-a0eab0.md: CausalDAG.add_fact() got an unexpected keyword argument 'content'
  ERROR 13711-2004-jonew-judis-34545-4be51e.md: CausalDAG.add_fact() got an unexpected keyword argument 'content'
  ERROR 13711-2004-supremecourt-2004-13711-13711-2004-judgement-28-nov-2-bca0b5.md: CausalDAG.add_fact() got an unexpected keyword argument 'content'
  ERROR 13712-2017-supremecourt-2017-13712-13712-2017-judgement-18-may-2-9b028a.md: CausalDAG.add_fact() got an unexpected keyword argument 'content'
  ERROR 13713-2006-jonew-judis-41796-6c64ba.md: CausalDAG.add_fact() got an unexpected keyword argument 'content'
  ERROR 13713-2006-supremecourt-2006-13713-13713-2006-11-1501-34932-judg-0c1358.md: CausalDAG.add_fact() got an unexpected keyword argument 'content'
  ERROR 13713-2023-supremecourt-2023-13713-13713-2023-11-1501-53698-judg-9acb24.md: CausalDAG.add_fact() got an unexpected keyword argument 'content'
  ERROR 13714-1997-jonew-judis-27457-b47c33.md: CausalDAG.add_fact() got an unexpected keyword argument 'content'
  ERROR 13714-2005-jonew-judis-42415-2ca718.md: CausalDAG.add_fact() got an unexpected keyword argument 'content'
  ERROR 13715-2002-jonew-judis-27612-02be95.md: CausalDAG.add_fact() got an unexpected keyword argument 'content'
  ERROR 13716-2007-jonew-judis-41969-a6d91a.md: CausalDAG.add_fact() got an unexpected keyword argument 'content'
  ERROR 13717-2021-supremecourt-2021-13717-13717-2021-10-3-35356-judgeme-5f43ac.md: CausalDAG.add_fact() got an unexpected keyword argument 'content'
  ERROR 1372-2004-jonew-judis-27151-a6de67.md: CausalDAG.add_fact() got an unexpected keyword argument 'content'
  ERROR 13720-2013-supremecourt-2013-13720-13720-2013-judgement-17-aug-2-6bac0f.md: CausalDAG.add_fact() got an unexpected keyword argument 'content'
  ERROR 13721-1997-jonew-judis-13306-c2f47d.md: CausalDAG.add_fact() got an unexpected keyword argument 'content'
  ERROR 13723-2007-jonew-judis-32149-cefca4.md: CausalDAG.add_fact() got an unexpected keyword argument 'content'
  ERROR 13724-1999-jonew-judis-31180-428eb4.md: CausalDAG.add_fact() got an unexpected keyword argument 'content'
  ERROR 13725-1994-jonew-judis-10702-7ef48d.md: CausalDAG.add_fact() got an unexpected keyword argument 'content'
  ERROR 13725-1999-jonew-judis-19067-402c98.md: CausalDAG.add_fact() got an unexpected keyword argument 'content'
  ERROR 13725-2004-jonew-judis-35194-5a0c71.md: CausalDAG.add_fact() got an unexpected keyword argument 'content'
  ERROR 13726-2007-jonew-judis-39504-786fd0.md: CausalDAG.add_fact() got an unexpected keyword argument 'content'
  ERROR 13728-2015-jonew-judis-43562-60bcae.md: CausalDAG.add_fact() got an unexpected keyword argument 'content'
  ERROR 1373-2002-jonew-judis-32902-12a7d6.md: CausalDAG.add_fact() got an unexpected keyword argument 'content'
  ERROR 1373-2006-jonew-judis-35046-8ab623.md: CausalDAG.add_fact() got an unexpected keyword argument 'content'
  ERROR 13731-1994-jonew-judis-19345-fdcd44.md: CausalDAG.add_fact() got an unexpected keyword argument 'content'
  ERROR 13737-2000-jonew-judis-19042-e5e350.md: CausalDAG.add_fact() got an unexpected keyword argument 'content'
  ERROR 13737-2007-jonew-judis-32061-35f2aa.md: CausalDAG.add_fact() got an unexpected keyword argument 'content'
  ERROR 13738-2016-jonew-judis-43654-d28947.md: CausalDAG.add_fact() got an unexpected keyword argument 'content'
  ERROR 13739-2000-jonew-judis-33784-928ace.md: CausalDAG.add_fact() got an unexpected keyword argument 'content'
  ERROR 1374-2000-jonew-judis-20405-3bcae0.md: CausalDAG.add_fact() got an unexpected keyword argument 'content'
  ERROR 1374-2006-jonew-judis-28247-3f404e.md: CausalDAG.add_fact() got an unexpected keyword argument 'content'
  ERROR 13740-1997-jonew-judis-18968-f20ee4.md: CausalDAG.add_fact() got an unexpected keyword argument 'content'
  ERROR 13740-2000-jonew-judis-33884-902792.md: CausalDAG.add_fact() got an unexpected keyword argument 'content'
  ERROR 13740-2002-jonew-judis-27142-981d33.md: CausalDAG.add_fact() got an unexpected keyword argument 'content'
  ERROR 13741-1997-jonew-judis-25803-1d1371.md: CausalDAG.add_fact() got an unexpected keyword argument 'content'
  ERROR 13741-2009-supremecourt-2009-13741-13741-2009-judgement-20-feb-2-664713.md: CausalDAG.add_fact() got an unexpected keyword argument 'content'
  ERROR 13742-2006-jonew-judis-32007-7b69dd.md: CausalDAG.add_fact() got an unexpected keyword argument 'content'
  ERROR 13743-2007-jonew-judis-35586-f69924.md: CausalDAG.add_fact() got an unexpected keyword argument 'content'
  ERROR 13743-2016-supremecourt-2016-13743-13743-2016-10-1501-36042-orde-71f252.md: CausalDAG.add_fact() got an unexpected keyword argument 'content'
  ERROR 13744-1999-jonew-judis-18390-b024cc.md: CausalDAG.add_fact() got an unexpected keyword argument 'content'
  ERROR 13745-2006-jonew-judis-30467-34732b.md: CausalDAG.add_fact() got an unexpected keyword argument 'content'
  ERROR 13747-1999-jonew-judis-42476-086bd5.md: CausalDAG.add_fact() got an unexpected keyword argument 'content'
  Batch 11: 5500/20531 docs, 0 facts, 5500 skipped, ETA 7.5m
  ERROR 13748-2022-supremecourt-2022-13748-13748-2022-7-8-36349-order-15-61c02e.md: CausalDAG.add_fact() got an unexpected keyword argument 'content'
  ERROR 13749-2000-jonew-judis-17541-3d53c8.md: CausalDAG.add_fact() got an unexpected keyword argument 'content'
  ERROR 1375-2003-jonew-judis-27320-41fd0f.md: CausalDAG.add_fact() got an unexpected keyword argument 'content'
  ERROR 1375-2005-jonew-judis-27269-90ff08.md: CausalDAG.add_fact() got an unexpected keyword argument 'content'
  ERROR 13750-2011-supremecourt-2011-13750-13750-2011-13-1501-55934-judg-8a60b7.md: CausalDAG.add_fact() got an unexpected keyword argument 'content'
  ERROR 13751-1997-jonew-judis-13565-0e581a.md: CausalDAG.add_fact() got an unexpected keyword argument 'content'
  ERROR 13752-2018-supremecourt-2018-13752-13752-2018-5-1501-40805-judge-451acf.md: CausalDAG.add_fact() got an unexpected keyword argument 'content'
  ERROR 13754-2013-supremecourt-2013-13754-13754-2013-8-1501-21541-judge-958f3b.md: CausalDAG.add_fact() got an unexpected keyword argument 'content'
  ERROR 13756-2014-jonew-judis-42097-721f6f.md: CausalDAG.add_fact() got an unexpected keyword argument 'content'
  ERROR 13757-2000-jonew-judis-17607-379673.md: CausalDAG.add_fact() got an unexpected keyword argument 'content'
  ERROR 13758-2020-supremecourt-2020-13758-13758-2020-38-1503-26259-judg-8ec200.md: CausalDAG.add_fact() got an unexpected keyword argument 'content'
  ERROR 13759-2003-jonew-judis-34988-8b13c7.md: CausalDAG.add_fact() got an unexpected keyword argument 'content'
  ERROR 13759-2004-jonew-judis-33026-ead17d.md: CausalDAG.add_fact() got an unexpected keyword argument 'content'
  ERROR 13759-2006-jonew-judis-28369-7d94ba.md: CausalDAG.add_fact() got an unexpected keyword argument 'content'
  ERROR 13760-2002-jonew-judis-34760-b5dd72.md: CausalDAG.add_fact() got an unexpected keyword argument 'content'
  ERROR 13760-2003-jonew-judis-26349-411e87.md: CausalDAG.add_fact() got an unexpected keyword argument 'content'
  ERROR 13768-2011-jonew-judis-38312-6fe94f.md: CausalDAG.add_fact() got an unexpected keyword argument 'content'
  ERROR 13769-2006-jonew-judis-37981-f9a407.md: CausalDAG.add_fact() got an unexpected keyword argument 'content'
  ERROR 13772-1995-jonew-judis-13622-049b0d.md: CausalDAG.add_fact() got an unexpected keyword argument 'content'
  ERROR 13772-2007-jonew-judis-36724-88914d.md: CausalDAG.add_fact() got an unexpected keyword argument 'content'
  ERROR 13773-1998-jonew-judis-17727-a67aa2.md: CausalDAG.add_fact() got an unexpected keyword argument 'content'
  ERROR 13773-1998-jonew-judis-17731-a5efc4.md: CausalDAG.add_fact() got an unexpected keyword argument 'content'
  ERROR 13773-2020-supremecourt-2020-13773-13773-2020-1-39-57487-judgeme-3f4239.md: CausalDAG.add_fact() got an unexpected keyword argument 'content'
  ERROR 13775-2001-jonew-judis-31348-6f920e.md: CausalDAG.add_fact() got an unexpected keyword argument 'content'
  ERROR 13775-2003-jonew-judis-26561-e03845.md: CausalDAG.add_fact() got an unexpected keyword argument 'content'
  ERROR 13775-2006-jonew-judis-37326-2f127c.md: CausalDAG.add_fact() got an unexpected keyword argument 'content'
  ERROR 13776-2022-supremecourt-2022-13776-13776-2022-5-1501-57145-judge-f85ab7.md: CausalDAG.add_fact() got an unexpected keyword argument 'content'
  ERROR 13778-2005-jonew-judis-28607-1aed1c.md: CausalDAG.add_fact() got an unexpected keyword argument 'content'
  ERROR 13779-2013-jonew-judis-41084-f81d06.md: CausalDAG.add_fact() got an unexpected keyword argument 'content'
  ERROR 1378-1998-jonew-judis-28000-a59e81.md: CausalDAG.add_fact() got an unexpected keyword argument 'content'
  ERROR 13780-2006-jonew-judis-28351-7eec8c.md: CausalDAG.add_fact() got an unexpected keyword argument 'content'
  ERROR 13781-2000-jonew-judis-17961-0b653e.md: CausalDAG.add_fact() got an unexpected keyword argument 'content'
  ERROR 13781-2005-jonew-judis-30474-a4f5f7.md: CausalDAG.add_fact() got an unexpected keyword argument 'content'
  ERROR 13783-2005-jonew-judis-29729-f85c7c.md: CausalDAG.add_fact() got an unexpected keyword argument 'content'
  ERROR 13783-2007-jonew-judis-34486-0b756d.md: CausalDAG.add_fact() got an unexpected keyword argument 'content'
  ERROR 13784-1995-jonew-judis-13441-164deb.md: CausalDAG.add_fact() got an unexpected keyword argument 'content'
  ERROR 13786-1994-jonew-judis-15413-3ff105.md: CausalDAG.add_fact() got an unexpected keyword argument 'content'
  ERROR 13787-1999-jonew-judis-19389-dd3074.md: CausalDAG.add_fact() got an unexpected keyword argument 'content'
  ERROR 13789-2009-jonew-judis-37718-6cd4df.md: CausalDAG.add_fact() got an unexpected keyword argument 'content'
  ERROR 1379-2015-supremecourt-2015-1379-1379-2015-2-1501-36099-judgemen-894038.md: CausalDAG.add_fact() got an unexpected keyword argument 'content'
  ERROR 1379-2019-supremecourt-2019-1379-1379-2019-judgement-11-apr-2019-f43304.md: CausalDAG.add_fact() got an unexpected keyword argument 'content'
  ERROR 13790-2005-supremecourt-2005-13790-13790-2005-12-1501-20281-judg-fdff4f.md: CausalDAG.add_fact() got an unexpected keyword argument 'content'
  ERROR 13790-2011-jonew-judis-40494-bcb596.md: CausalDAG.add_fact() got an unexpected keyword argument 'content'
  ERROR 13791-1995-jonew-judis-15743-dedba4.md: CausalDAG.add_fact() got an unexpected keyword argument 'content'
  ERROR 13791-2005-jonew-judis-29525-cebd3f.md: CausalDAG.add_fact() got an unexpected keyword argument 'content'
  ERROR 13792-2010-jonew-judis-37163-e1174f.md: CausalDAG.add_fact() got an unexpected keyword argument 'content'
  ERROR 13793-2001-jonew-judis-19184-a4d876.md: CausalDAG.add_fact() got an unexpected keyword argument 'content'
  ERROR 13793-2014-supremecourt-2014-13793-13793-2014-judgement-13-apr-2-bcbaf0.md: CausalDAG.add_fact() got an unexpected keyword argument 'content'
  ERROR 13793-2020-supremecourt-2020-13793-13793-2020-4-1501-32125-judge-18f240.md: CausalDAG.add_fact() got an unexpected keyword argument 'content'
  ERROR 13794-2008-jonew-judis-35119-9bed7a.md: CausalDAG.add_fact() got an unexpected keyword argument 'content'
  ERROR 13794-2010-jonew-judis-38663-c1ea43.md: CausalDAG.add_fact() got an unexpected keyword argument 'content'
  ERROR 13794-2021-supremecourt-2021-13794-13794-2021-1-1501-43311-judge-ccb785.md: CausalDAG.add_fact() got an unexpected keyword argument 'content'
  ERROR 13795-2010-jonew-judis-36815-c9c537.md: CausalDAG.add_fact() got an unexpected keyword argument 'content'
  ERROR 13796-2014-jonew-judis-43530-e12b9f.md: CausalDAG.add_fact() got an unexpected keyword argument 'content'
  ERROR 13797-1994-jonew-judis-20383-b760b3.md: CausalDAG.add_fact() got an unexpected keyword argument 'content'
  ERROR 13797-1994-jonew-judis-27646-8514c6.md: CausalDAG.add_fact() got an unexpected keyword argument 'content'
  ERROR 13797-1998-jonew-judis-31585-1c0422.md: CausalDAG.add_fact() got an unexpected keyword argument 'content'
  ERROR 13797-2006-jonew-judis-29483-602d37.md: CausalDAG.add_fact() got an unexpected keyword argument 'content'
  ERROR 13797-2006-jonew-judis-29491-89fc60.md: CausalDAG.add_fact() got an unexpected keyword argument 'content'
  ERROR 138-1955-jonew-judis-784-284177.md: CausalDAG.add_fact() got an unexpected keyword argument 'content'
  ERROR 138-1956-jonew-judis-4364-3c9fa5.md: CausalDAG.add_fact() got an unexpected keyword argument 'content'
  ERROR 138-1958-jonew-judis-565-0a4f4f.md: CausalDAG.add_fact() got an unexpected keyword argument 'content'
  ERROR 138-1959-jonew-judis-3856-87d094.md: CausalDAG.add_fact() got an unexpected keyword argument 'content'
  ERROR 138-1960-jonew-judis-3966-ab37bd.md: CausalDAG.add_fact() got an unexpected keyword argument 'content'
  ERROR 138-1961-jonew-judis-4055-00dffc.md: CausalDAG.add_fact() got an unexpected keyword argument 'content'
  ERROR 138-1962-jonew-judis-3416-b34c31.md: CausalDAG.add_fact() got an unexpected keyword argument 'content'
  ERROR 138-1963-jonew-judis-3459-6831ad.md: CausalDAG.add_fact() got an unexpected keyword argument 'content'
  ERROR 138-1965-jonew-judis-2162-a97f4e.md: CausalDAG.add_fact() got an unexpected keyword argument 'content'
  ERROR 138-1967-jonew-judis-1496-f695ff.md: CausalDAG.add_fact() got an unexpected keyword argument 'content'
  ERROR 138-2017-supremecourt-2017-138-138-2017-10-3-31963-judgement-08-312ec0.md: CausalDAG.add_fact() got an unexpected keyword argument 'content'
  ERROR 138-2019-supremecourt-2019-138-138-2019-judgement-15-mar-2019-eeb3bf.md: CausalDAG.add_fact() got an unexpected keyword argument 'content'
  ERROR 1380-2022-supremecourt-2022-1380-1380-2022-44-7-33186-judgement-64d7fe.md: CausalDAG.add_fact() got an unexpected keyword argument 'content'
  ERROR 13802-2004-jonew-judis-34686-a519ea.md: CausalDAG.add_fact() got an unexpected keyword argument 'content'
  ERROR 13802-2011-jonew-courtnic-rop-2011-13802-rop-937249-5a72fd.md: CausalDAG.add_fact() got an unexpected keyword argument 'content'
  ERROR 13809-2008-jonew-judis-34504-5324f0.md: CausalDAG.add_fact() got an unexpected keyword argument 'content'
  ERROR 13811-1995-jonew-judis-15464-1de0e8.md: CausalDAG.add_fact() got an unexpected keyword argument 'content'
  ERROR 13811-2001-jonew-judis-26400-0c8cb0.md: CausalDAG.add_fact() got an unexpected keyword argument 'content'
  ERROR 13812-2000-jonew-judis-29232-ac85a5.md: CausalDAG.add_fact() got an unexpected keyword argument 'content'
  ERROR 13812-2009-supremecourt-2009-13812-13812-2009-9-1504-18908-judge-ae543a.md: CausalDAG.add_fact() got an unexpected keyword argument 'content'
  ERROR 13814-2001-jonew-judis-18333-a52b09.md: CausalDAG.add_fact() got an unexpected keyword argument 'content'
  ERROR 13814-2004-jonew-judis-31804-0571c1.md: CausalDAG.add_fact() got an unexpected keyword argument 'content'
  ERROR 13814-2015-jonew-judis-42857-cbfb48.md: CausalDAG.add_fact() got an unexpected keyword argument 'content'
  ERROR 13816-2007-jonew-judis-39206-73e6f4.md: CausalDAG.add_fact() got an unexpected keyword argument 'content'
  ERROR 13816-2018-supremecourt-2018-13816-13816-2018-judgement-04-dec-2-c7a206.md: CausalDAG.add_fact() got an unexpected keyword argument 'content'
  ERROR 13819-2019-supremecourt-2019-13819-13819-2019-33-1501-22647-judg-a3301d.md: CausalDAG.add_fact() got an unexpected keyword argument 'content'
  ERROR 13820-2024-supremecourt-2024-13820-13820-2024-2-1501-56877-judge-b170c0.md: CausalDAG.add_fact() got an unexpected keyword argument 'content'
  ERROR 13821-2006-jonew-judis-42307-dabd73.md: CausalDAG.add_fact() got an unexpected keyword argument 'content'
  ERROR 13821-2007-jonew-judis-30934-0c6da6.md: CausalDAG.add_fact() got an unexpected keyword argument 'content'
  ERROR 13823-2000-jonew-judis-17667-32375a.md: CausalDAG.add_fact() got an unexpected keyword argument 'content'
  ERROR 13823-2021-supremecourt-2021-13823-13823-2021-5-1502-35084-judge-627be9.md: CausalDAG.add_fact() got an unexpected keyword argument 'content'
  ERROR 13825-2008-jonew-judis-40566-018444.md: CausalDAG.add_fact() got an unexpected keyword argument 'content'
  ERROR 13825-2021-supremecourt-2021-13825-13825-2021-2-8-35523-judgemen-f8b08d.md: CausalDAG.add_fact() got an unexpected keyword argument 'content'
  ERROR 13826-2007-jonew-judis-38404-1eb035.md: CausalDAG.add_fact() got an unexpected keyword argument 'content'
  ERROR 13827-2000-jonew-judis-37342-261ac4.md: CausalDAG.add_fact() got an unexpected keyword argument 'content'
  ERROR 13827-2008-jonew-judis-43199-472f61.md: CausalDAG.add_fact() got an unexpected keyword argument 'content'
  ERROR 13828-2019-supremecourt-2019-13828-13828-2019-37-1501-26706-judg-8cf071.md: CausalDAG.add_fact() got an unexpected keyword argument 'content'
  ERROR 13829-2007-supremecourt-2007-13829-13829-2007-judgement-25-jan-2-85862d.md: CausalDAG.add_fact() got an unexpected keyword argument 'content'
  ERROR 1383-2001-jonew-judis-20611-7009a6.md: CausalDAG.add_fact() got an unexpected keyword argument 'content'
  ERROR 1383-2015-supremecourt-2015-1383-1383-2015-judgement-08-jan-2018-ac1e6e.md: CausalDAG.add_fact() got an unexpected keyword argument 'content'
  ERROR 13830-2004-jonew-judis-27886-c79574.md: CausalDAG.add_fact() got an unexpected keyword argument 'content'
  ERROR 13831-1998-jonew-judis-31569-3eeabe.md: CausalDAG.add_fact() got an unexpected keyword argument 'content'
  ERROR 13831-2006-jonew-judis-29039-02f451.md: CausalDAG.add_fact() got an unexpected keyword argument 'content'
  ERROR 13835-2018-supremecourt-2018-13835-13835-2018-12-1501-19739-judg-4f8027.md: CausalDAG.add_fact() got an unexpected keyword argument 'content'
  ERROR 13838-2006-jonew-judis-44789-176081.md: CausalDAG.add_fact() got an unexpected keyword argument 'content'
  ERROR 1384-2019-supremecourt-2019-1384-1384-2019-9-1502-19135-judgemen-c4d427.md: CausalDAG.add_fact() got an unexpected keyword argument 'content'
  ERROR 1384-2021-supremecourt-2021-1384-1384-2021-37-101-28357-judgemen-3621c5.md: CausalDAG.add_fact() got an unexpected keyword argument 'content'
  ERROR 13841-2004-jonew-judis-28992-08154f.md: CausalDAG.add_fact() got an unexpected keyword argument 'content'
  ERROR 13841-2007-jonew-judis-31268-b772fc.md: CausalDAG.add_fact() got an unexpected keyword argument 'content'
  ERROR 13841-2008-jonew-judis-35902-06012e.md: CausalDAG.add_fact() got an unexpected keyword argument 'content'
  ERROR 13842-2001-jonew-judis-18877-e929ab.md: CausalDAG.add_fact() got an unexpected keyword argument 'content'
  ERROR 13842-2007-jonew-judis-30512-808433.md: CausalDAG.add_fact() got an unexpected keyword argument 'content'
  ERROR 13843-2006-jonew-judis-32124-634ed3.md: CausalDAG.add_fact() got an unexpected keyword argument 'content'
  ERROR 13843-2017-supremecourt-2017-13843-13843-2017-6-1501-6786-judgem-3d427e.md: CausalDAG.add_fact() got an unexpected keyword argument 'content'
  ERROR 13844-1999-jonew-judis-19007-a128de.md: CausalDAG.add_fact() got an unexpected keyword argument 'content'
  ERROR 13846-2002-jonew-judis-34800-8c779f.md: CausalDAG.add_fact() got an unexpected keyword argument 'content'
  ERROR 13848-2001-jonew-judis-18151-676dbd.md: CausalDAG.add_fact() got an unexpected keyword argument 'content'
  ERROR 13849-2009-supremecourt-2009-13849-13849-2009-6-1501-44251-judge-07443d.md: CausalDAG.add_fact() got an unexpected keyword argument 'content'
  ERROR 1385-2010-supremecourt-2010-1385-1385-2010-5-1501-53550-judgemen-de8bb2.md: CausalDAG.add_fact() got an unexpected keyword argument 'content'
  ERROR 13851-2009-jonew-judis-36301-6b7947.md: CausalDAG.add_fact() got an unexpected keyword argument 'content'
  ERROR 13855-2004-jonew-judis-33751-987de0.md: CausalDAG.add_fact() got an unexpected keyword argument 'content'
  ERROR 13856-2009-jonew-judis-40806-907812.md: CausalDAG.add_fact() got an unexpected keyword argument 'content'
  ERROR 13856-2010-jonew-judis-39665-0c7f9f.md: CausalDAG.add_fact() got an unexpected keyword argument 'content'
  ERROR 1386-2005-jonew-judis-30107-03248d.md: CausalDAG.add_fact() got an unexpected keyword argument 'content'
  ERROR 13860-2008-jonew-judis-37894-1c1d47.md: CausalDAG.add_fact() got an unexpected keyword argument 'content'
  ERROR 13862-1995-jonew-judis-14998-47d7fc.md: CausalDAG.add_fact() got an unexpected keyword argument 'content'
  ERROR 13864-2006-jonew-judis-35930-b1aaa2.md: CausalDAG.add_fact() got an unexpected keyword argument 'content'
  ERROR 13866-2010-jonew-judis-40427-2f92af.md: CausalDAG.add_fact() got an unexpected keyword argument 'content'
  ERROR 1387-1953-jonew-judis-933-944ae4.md: CausalDAG.add_fact() got an unexpected keyword argument 'content'
  ERROR 1387-2012-jonew-judis-40467-ac6623.md: CausalDAG.add_fact() got an unexpected keyword argument 'content'
  ERROR 13871-2001-jonew-judis-18787-0a0109.md: CausalDAG.add_fact() got an unexpected keyword argument 'content'
  ERROR 13871-2001-jonew-judis-18837-02c012.md: CausalDAG.add_fact() got an unexpected keyword argument 'content'
  ERROR 13873-2011-jonew-judis-38395-ceaaa1.md: CausalDAG.add_fact() got an unexpected keyword argument 'content'
  ERROR 13876-1998-jonew-judis-26200-085acb.md: CausalDAG.add_fact() got an unexpected keyword argument 'content'
  ERROR 13878-2005-jonew-judis-28686-e585c7.md: CausalDAG.add_fact() got an unexpected keyword argument 'content'
  ERROR 13878-2022-supremecourt-2022-13878-13878-2022-3-1501-37102-judge-01d4ff.md: CausalDAG.add_fact() got an unexpected keyword argument 'content'
  ERROR 1388-1953-jonew-judis-541-da910e.md: CausalDAG.add_fact() got an unexpected keyword argument 'content'
  ERROR 1388-2004-jonew-judis-31029-55b902.md: CausalDAG.add_fact() got an unexpected keyword argument 'content'
  ERROR 13880-2004-jonew-judis-27379-98452b.md: CausalDAG.add_fact() got an unexpected keyword argument 'content'
  ERROR 13880-2012-supremecourt-2012-13880-13880-2012-order-10-jul-2017-e51f5c.md: CausalDAG.add_fact() got an unexpected keyword argument 'content'
  ERROR 13881-2000-jonew-judis-31555-396eef.md: CausalDAG.add_fact() got an unexpected keyword argument 'content'
  ERROR 13882-2004-supremecourt-2004-13882-13882-2004-judgement-01-mar-2-ed3838.md: CausalDAG.add_fact() got an unexpected keyword argument 'content'
  ERROR 13882-2019-supremecourt-2019-13882-13882-2019-17-1501-19261-judg-63c35e.md: CausalDAG.add_fact() got an unexpected keyword argument 'content'
  ERROR 13883-2000-jonew-judis-17414-e32541.md: CausalDAG.add_fact() got an unexpected keyword argument 'content'
  ERROR 13885-2001-jonew-judis-34795-f1cda3.md: CausalDAG.add_fact() got an unexpected keyword argument 'content'
  ERROR 13888-1995-jonew-judis-13057-211bde.md: CausalDAG.add_fact() got an unexpected keyword argument 'content'
  ERROR 13888-2008-jonew-judis-38359-449fe2.md: CausalDAG.add_fact() got an unexpected keyword argument 'content'
  ERROR 1389-1953-jonew-judis-572-653a33.md: CausalDAG.add_fact() got an unexpected keyword argument 'content'
  ERROR 1389-2003-jonew-judis-40902-74828a.md: CausalDAG.add_fact() got an unexpected keyword argument 'content'
  ERROR 13890-2012-supremecourt-2012-13890-13890-2012-judgement-13-mar-2-3dc872.md: CausalDAG.add_fact() got an unexpected keyword argument 'content'
  ERROR 13891-2009-supremecourt-2009-13891-13891-2009-3-1501-16383-judge-ffa4c4.md: CausalDAG.add_fact() got an unexpected keyword argument 'content'
  ERROR 13891-2019-supremecourt-2019-13891-13891-2019-12-1501-30207-judg-de767e.md: CausalDAG.add_fact() got an unexpected keyword argument 'content'
  ERROR 13893-2012-jonew-judis-44311-2f8586.md: CausalDAG.add_fact() got an unexpected keyword argument 'content'
  ERROR 13895-2002-jonew-judis-35033-49a859.md: CausalDAG.add_fact() got an unexpected keyword argument 'content'
  ERROR 13896-2007-jonew-judis-33958-872fd3.md: CausalDAG.add_fact() got an unexpected keyword argument 'content'
  ERROR 13897-1994-jonew-judis-13838-247ee8.md: CausalDAG.add_fact() got an unexpected keyword argument 'content'
  ERROR 13897-2004-jonew-judis-40258-ee76cc.md: CausalDAG.add_fact() got an unexpected keyword argument 'content'
  ERROR 13898-2020-supremecourt-2020-13898-13898-2020-6-1501-36919-judge-5779e3.md: CausalDAG.add_fact() got an unexpected keyword argument 'content'
  ERROR 139-1955-jonew-judis-785-ef54c4.md: CausalDAG.add_fact() got an unexpected keyword argument 'content'
  ERROR 139-1956-jonew-judis-4365-b9f726.md: CausalDAG.add_fact() got an unexpected keyword argument 'content'
  ERROR 139-1958-jonew-judis-4369-627f6a.md: CausalDAG.add_fact() got an unexpected keyword argument 'content'
  ERROR 139-1959-jonew-judis-3857-d49bc0.md: CausalDAG.add_fact() got an unexpected keyword argument 'content'
  ERROR 139-1960-jonew-judis-3967-b6eab7.md: CausalDAG.add_fact() got an unexpected keyword argument 'content'
  ERROR 139-1961-jonew-judis-4056-5ff8d6.md: CausalDAG.add_fact() got an unexpected keyword argument 'content'
  ERROR 139-1961-jonew-judis-4056-acc8a3.md: CausalDAG.add_fact() got an unexpected keyword argument 'content'
  ERROR 139-1962-jonew-judis-3418-42d8c4.md: CausalDAG.add_fact() got an unexpected keyword argument 'content'
  ERROR 139-1963-jonew-judis-3460-5a0d20.md: CausalDAG.add_fact() got an unexpected keyword argument 'content'
  ERROR 139-1965-jonew-judis-2166-684ea8.md: CausalDAG.add_fact() got an unexpected keyword argument 'content'
  ERROR 139-1967-jonew-judis-1502-b99574.md: CausalDAG.add_fact() got an unexpected keyword argument 'content'
  ERROR 1390-1953-jonew-judis-585-6d9f6a.md: CausalDAG.add_fact() got an unexpected keyword argument 'content'
  ERROR 13900-2008-jonew-judis-36816-fb143b.md: CausalDAG.add_fact() got an unexpected keyword argument 'content'
  ERROR 13901-2000-jonew-judis-18963-4b084f.md: CausalDAG.add_fact() got an unexpected keyword argument 'content'
  ERROR 13901-2000-jonew-judis-25741-6ce98f.md: CausalDAG.add_fact() got an unexpected keyword argument 'content'
  ERROR 13901-2017-supremecourt-2017-13901-13901-2017-2-1501-35834-judge-a8c816.md: CausalDAG.add_fact() got an unexpected keyword argument 'content'
  ERROR 13902-2008-supremecourt-2008-13902-13902-2008-8-1501-17902-judge-4de381.md: CausalDAG.add_fact() got an unexpected keyword argument 'content'
  ERROR 13905-1999-jonew-judis-26938-8d2e3a.md: CausalDAG.add_fact() got an unexpected keyword argument 'content'
  ERROR 13905-2003-jonew-judis-36941-f7f504.md: CausalDAG.add_fact() got an unexpected keyword argument 'content'
  ERROR 13906-1998-jonew-judis-18733-cd7331.md: CausalDAG.add_fact() got an unexpected keyword argument 'content'
  ERROR 13908-1998-jonew-judis-18994-546c40.md: CausalDAG.add_fact() got an unexpected keyword argument 'content'
  ERROR 13908-2005-jonew-judis-44784-622839.md: CausalDAG.add_fact() got an unexpected keyword argument 'content'
  ERROR 13908-2019-supremecourt-2019-13908-13908-2019-12-1501-30892-judg-30a728.md: CausalDAG.add_fact() got an unexpected keyword argument 'content'
  ERROR 1391-1953-jonew-judis-628-69229d.md: CausalDAG.add_fact() got an unexpected keyword argument 'content'
  ERROR 13912-2010-jonew-judis-44361-b68bbf.md: CausalDAG.add_fact() got an unexpected keyword argument 'content'
  ERROR 13913-2010-jonew-judis-39093-dfd3f4.md: CausalDAG.add_fact() got an unexpected keyword argument 'content'
  ERROR 13915-2001-jonew-judis-18556-1d19ee.md: CausalDAG.add_fact() got an unexpected keyword argument 'content'
  ERROR 13915-2005-jonew-judis-32481-9e52c5.md: CausalDAG.add_fact() got an unexpected keyword argument 'content'
  ERROR 13915-2013-jonew-judis-42086-e3fd9f.md: CausalDAG.add_fact() got an unexpected keyword argument 'content'
  ERROR 13917-2008-supremecourt-2008-13917-13917-2008-judgement-15-feb-2-47a911.md: CausalDAG.add_fact() got an unexpected keyword argument 'content'
  ERROR 13918-2008-jonew-judis-33473-531ddb.md: CausalDAG.add_fact() got an unexpected keyword argument 'content'
  ERROR 13919-2004-jonew-judis-29429-92fb7a.md: CausalDAG.add_fact() got an unexpected keyword argument 'content'
  ERROR 13919-2007-supremecourt-2007-13919-13919-2007-judgement-25-sep-2-d34870.md: CausalDAG.add_fact() got an unexpected keyword argument 'content'
  ERROR 1392-1953-jonew-judis-660-b39b15.md: CausalDAG.add_fact() got an unexpected keyword argument 'content'
  ERROR 1392-2009-jonew-judis-35087-2e604a.md: CausalDAG.add_fact() got an unexpected keyword argument 'content'
  ERROR 13920-2019-supremecourt-2019-13920-13920-2019-4-1501-35838-judge-d85e13.md: CausalDAG.add_fact() got an unexpected keyword argument 'content'
  ERROR 13921-2005-jonew-judis-28302-732333.md: CausalDAG.add_fact() got an unexpected keyword argument 'content'
  ERROR 13923-2014-jonew-judis-42890-d97470.md: CausalDAG.add_fact() got an unexpected keyword argument 'content'
  ERROR 13923-2017-supremecourt-2017-13923-13923-2017-35-1501-31795-judg-2e299e.md: CausalDAG.add_fact() got an unexpected keyword argument 'content'
  ERROR 13924-2003-jonew-judis-27071-f08a63.md: CausalDAG.add_fact() got an unexpected keyword argument 'content'
  ERROR 13925-2009-jonew-judis-39980-101ff9.md: CausalDAG.add_fact() got an unexpected keyword argument 'content'
  ERROR 13925-2014-jonew-judis-41852-e72a0b.md: CausalDAG.add_fact() got an unexpected keyword argument 'content'
  ERROR 13927-2001-jonew-judis-20707-2798de.md: CausalDAG.add_fact() got an unexpected keyword argument 'content'
  ERROR 13927-2009-jonew-judis-38432-1bba90.md: CausalDAG.add_fact() got an unexpected keyword argument 'content'
  ERROR 13929-2008-jonew-judis-32362-b3a7f7.md: CausalDAG.add_fact() got an unexpected keyword argument 'content'
  ERROR 13929-2017-supremecourt-2017-13929-13929-2017-order-17-jul-2017-5f84c1.md: CausalDAG.add_fact() got an unexpected keyword argument 'content'
  ERROR 1393-1953-jonew-judis-676-351198.md: CausalDAG.add_fact() got an unexpected keyword argument 'content'
  ERROR 13930-2010-jonew-judis-37893-c6bbe3.md: CausalDAG.add_fact() got an unexpected keyword argument 'content'
  ERROR 13931-2009-jonew-judis-39979-e57589.md: CausalDAG.add_fact() got an unexpected keyword argument 'content'
  ERROR 13932-1999-jonew-judis-26964-93e305.md: CausalDAG.add_fact() got an unexpected keyword argument 'content'
  ERROR 13934-2019-supremecourt-2019-13934-13934-2019-35-1501-22109-judg-70f49c.md: CausalDAG.add_fact() got an unexpected keyword argument 'content'
  ERROR 13935-1999-jonew-judis-28641-f73d38.md: CausalDAG.add_fact() got an unexpected keyword argument 'content'
  ERROR 13935-2021-supremecourt-2021-13935-13935-2021-2-1502-47838-judge-094f59.md: CausalDAG.add_fact() got an unexpected keyword argument 'content'
  ERROR 13937-2004-jonew-judis-36206-cb4c9f.md: CausalDAG.add_fact() got an unexpected keyword argument 'content'
  ERROR 13938-2006-jonew-judis-28463-58fe9e.md: CausalDAG.add_fact() got an unexpected keyword argument 'content'
  ERROR 13938-2007-jonew-judis-32323-a4d273.md: CausalDAG.add_fact() got an unexpected keyword argument 'content'
  ERROR 13939-1997-jonew-judis-16580-304c83.md: CausalDAG.add_fact() got an unexpected keyword argument 'content'
  ERROR 13939-2003-jonew-judis-26692-fcaff9.md: CausalDAG.add_fact() got an unexpected keyword argument 'content'
  ERROR 1394-1953-jonew-judis-681-2252fa.md: CausalDAG.add_fact() got an unexpected keyword argument 'content'
  ERROR 13940-2019-supremecourt-2019-13940-13940-2019-3-101-48660-judgem-13a23b.md: CausalDAG.add_fact() got an unexpected keyword argument 'content'
  ERROR 13942-1994-jonew-judis-10658-f4e99d.md: CausalDAG.add_fact() got an unexpected keyword argument 'content'
  ERROR 13942-1994-jonew-judis-10659-873195.md: CausalDAG.add_fact() got an unexpected keyword argument 'content'
  ERROR 13942-1998-jonew-judis-17283-4cb61c.md: CausalDAG.add_fact() got an unexpected keyword argument 'content'
  ERROR 13945-2009-supremecourt-2009-13945-13945-2009-13-1501-17297-judg-21111f.md: CausalDAG.add_fact() got an unexpected keyword argument 'content'
  ERROR 13947-2007-supremecourt-2007-13947-13947-2007-judgement-11-jul-2-bd1e2a.md: CausalDAG.add_fact() got an unexpected keyword argument 'content'
  ERROR 13949-2000-jonew-judis-27673-3e3340.md: CausalDAG.add_fact() got an unexpected keyword argument 'content'
  ERROR 1395-1953-jonew-judis-683-0dc1f1.md: CausalDAG.add_fact() got an unexpected keyword argument 'content'
  ERROR 13951-2004-jonew-judis-38022-c408ea.md: CausalDAG.add_fact() got an unexpected keyword argument 'content'
  ERROR 13953-2001-jonew-judis-26467-df10c3.md: CausalDAG.add_fact() got an unexpected keyword argument 'content'
  ERROR 13953-2007-jonew-judis-33028-9fc9a4.md: CausalDAG.add_fact() got an unexpected keyword argument 'content'
  ERROR 13955-2001-jonew-judis-33107-3f6b1e.md: CausalDAG.add_fact() got an unexpected keyword argument 'content'
  ERROR 13955-2008-jonew-judis-34535-781feb.md: CausalDAG.add_fact() got an unexpected keyword argument 'content'
  ERROR 13959-1997-jonew-judis-27322-a19013.md: CausalDAG.add_fact() got an unexpected keyword argument 'content'
  ERROR 13959-2005-jonew-judis-33393-dc8e59.md: CausalDAG.add_fact() got an unexpected keyword argument 'content'
  ERROR 1396-1953-jonew-judis-711-035c72.md: CausalDAG.add_fact() got an unexpected keyword argument 'content'
  ERROR 1396-2004-jonew-judis-26760-9f30b2.md: CausalDAG.add_fact() got an unexpected keyword argument 'content'
  ERROR 13960-2016-supremecourt-2016-13960-13960-2016-judgement-08-sep-2-7fea50.md: CausalDAG.add_fact() got an unexpected keyword argument 'content'
  ERROR 13961-2010-supremecourt-2010-13961-13961-2010-3-1503-52759-judge-8fcbf2.md: CausalDAG.add_fact() got an unexpected keyword argument 'content'
  ERROR 13961-2013-jonew-courtnic-rop-2013-13961-rop-111459-933397.md: CausalDAG.add_fact() got an unexpected keyword argument 'content'
  ERROR 13962-2000-jonew-judis-17957-cd2024.md: CausalDAG.add_fact() got an unexpected keyword argument 'content'
  ERROR 13962-2002-jonew-judis-30965-7b2d07.md: CausalDAG.add_fact() got an unexpected keyword argument 'content'
  ERROR 13963-2013-jonew-judis-42080-f65a94.md: CausalDAG.add_fact() got an unexpected keyword argument 'content'
  ERROR 13964-1999-jonew-judis-17411-95bb82.md: CausalDAG.add_fact() got an unexpected keyword argument 'content'
  ERROR 13964-2001-jonew-judis-31385-87dc95.md: CausalDAG.add_fact() got an unexpected keyword argument 'content'
  ERROR 13965-2001-jonew-judis-19041-52d0b2.md: CausalDAG.add_fact() got an unexpected keyword argument 'content'
  ERROR 13967-2001-jonew-judis-18690-0d9e8f.md: CausalDAG.add_fact() got an unexpected keyword argument 'content'
  ERROR 1397-1953-jonew-judis-713-df6d72.md: CausalDAG.add_fact() got an unexpected keyword argument 'content'
  ERROR 13972-2006-jonew-judis-28994-483f94.md: CausalDAG.add_fact() got an unexpected keyword argument 'content'
  ERROR 13974-2004-jonew-judis-34108-eb7b86.md: CausalDAG.add_fact() got an unexpected keyword argument 'content'
  ERROR 13975-2004-jonew-judis-32925-995cc8.md: CausalDAG.add_fact() got an unexpected keyword argument 'content'
  ERROR 13975-2004-jonew-judis-33110-439b55.md: CausalDAG.add_fact() got an unexpected keyword argument 'content'
  ERROR 13978-2010-jonew-judis-40634-76ee81.md: CausalDAG.add_fact() got an unexpected keyword argument 'content'
  ERROR 1398-1953-jonew-judis-718-bbd525.md: CausalDAG.add_fact() got an unexpected keyword argument 'content'
  ERROR 1398-2004-jonew-judis-44288-1cf9f1.md: CausalDAG.add_fact() got an unexpected keyword argument 'content'
  ERROR 1398-2009-jonew-judis-38017-e42b10.md: CausalDAG.add_fact() got an unexpected keyword argument 'content'
  ERROR 1398-jonew-judis-20763-9460df.md: CausalDAG.add_fact() got an unexpected keyword argument 'content'
  ERROR 13984-1998-jonew-judis-16852-75c54f.md: CausalDAG.add_fact() got an unexpected keyword argument 'content'
  ERROR 13984-2009-supremecourt-2009-13984-13984-2009-6-1501-53522-judge-a0440d.md: CausalDAG.add_fact() got an unexpected keyword argument 'content'
  ERROR 13987-1997-jonew-judis-6386-07d146.md: CausalDAG.add_fact() got an unexpected keyword argument 'content'
  ERROR 13988-2008-jonew-judis-34247-fbce32.md: CausalDAG.add_fact() got an unexpected keyword argument 'content'
  ERROR 13989-2004-jonew-judis-44262-4505d5.md: CausalDAG.add_fact() got an unexpected keyword argument 'content'
  ERROR 1399-1953-jonew-judis-724-ccbedf.md: CausalDAG.add_fact() got an unexpected keyword argument 'content'
  ERROR 13992-1999-jonew-judis-20536-d8e988.md: CausalDAG.add_fact() got an unexpected keyword argument 'content'
  ERROR 13996-1997-jonew-judis-13409-042a1a.md: CausalDAG.add_fact() got an unexpected keyword argument 'content'
  ERROR 13998-1995-jonew-judis-13766-bbc8a6.md: CausalDAG.add_fact() got an unexpected keyword argument 'content'
  ERROR 13998-2022-supremecourt-2022-13998-13998-2022-15-1502-46119-judg-ffeae1.md: CausalDAG.add_fact() got an unexpected keyword argument 'content'
  ERROR 13999-2000-jonew-judis-26181-77035e.md: CausalDAG.add_fact() got an unexpected keyword argument 'content'
  ERROR 13999-2012-jonew-judis-40898-33c5b0.md: CausalDAG.add_fact() got an unexpected keyword argument 'content'
  ERROR 13999-2017-supremecourt-2017-13999-13999-2017-judgement-17-apr-2-b7c594.md: CausalDAG.add_fact() got an unexpected keyword argument 'content'
  ERROR 14-1949-jonew-judis-1252-155294.md: CausalDAG.add_fact() got an unexpected keyword argument 'content'
  ERROR 14-1950-jonew-judis-1209-3cb939.md: CausalDAG.add_fact() got an unexpected keyword argument 'content'
  ERROR 14-1951-jonew-judis-963-63025a.md: CausalDAG.add_fact() got an unexpected keyword argument 'content'
  ERROR 14-1952-jonew-judis-906-e3e5b8.md: CausalDAG.add_fact() got an unexpected keyword argument 'content'
  ERROR 14-1955-jonew-judis-255-676ec2.md: CausalDAG.add_fact() got an unexpected keyword argument 'content'
  ERROR 14-1956-jonew-judis-81-22326b.md: CausalDAG.add_fact() got an unexpected keyword argument 'content'
  ERROR 14-1958-jonew-judis-24-e8d32e.md: CausalDAG.add_fact() got an unexpected keyword argument 'content'
  ERROR 14-1959-jonew-judis-13-915a71.md: CausalDAG.add_fact() got an unexpected keyword argument 'content'
  ERROR 14-1960-jonew-judis-15-37201d.md: CausalDAG.add_fact() got an unexpected keyword argument 'content'
  ERROR 14-1961-jonew-judis-3710-19a010.md: CausalDAG.add_fact() got an unexpected keyword argument 'content'
  ERROR 14-1962-jonew-judis-3717-d1b134.md: CausalDAG.add_fact() got an unexpected keyword argument 'content'
  ERROR 14-1963-jonew-judis-3176-6af53b.md: CausalDAG.add_fact() got an unexpected keyword argument 'content'
  ERROR 14-1965-jonew-judis-2691-3bab87.md: CausalDAG.add_fact() got an unexpected keyword argument 'content'
  ERROR 14-1967-jonew-judis-6726-f9722c.md: CausalDAG.add_fact() got an unexpected keyword argument 'content'
  ERROR 14-2018-supremecourt-2018-14-14-2018-34-1501-22465-judgement-08-0d4c2c.md: CausalDAG.add_fact() got an unexpected keyword argument 'content'
  ERROR 140-1955-jonew-judis-788-635e03.md: CausalDAG.add_fact() got an unexpected keyword argument 'content'
  ERROR 140-1956-jonew-judis-4367-6fa2e1.md: CausalDAG.add_fact() got an unexpected keyword argument 'content'
  ERROR 140-1958-jonew-judis-4374-060e36.md: CausalDAG.add_fact() got an unexpected keyword argument 'content'
  ERROR 140-1959-jonew-judis-3859-de27c9.md: CausalDAG.add_fact() got an unexpected keyword argument 'content'
  ERROR 140-1960-jonew-judis-3981-4ded1f.md: CausalDAG.add_fact() got an unexpected keyword argument 'content'
  ERROR 140-1961-jonew-judis-4057-e84239.md: CausalDAG.add_fact() got an unexpected keyword argument 'content'
  ERROR 140-1962-jonew-judis-3420-d75339.md: CausalDAG.add_fact() got an unexpected keyword argument 'content'
  ERROR 140-1963-jonew-judis-3462-8f2b03.md: CausalDAG.add_fact() got an unexpected keyword argument 'content'
  ERROR 140-1965-jonew-judis-2169-f79c08.md: CausalDAG.add_fact() got an unexpected keyword argument 'content'
  ERROR 140-1967-jonew-judis-1511-e1d7a3.md: CausalDAG.add_fact() got an unexpected keyword argument 'content'
  ERROR 140-1998-jonew-judis-26389-fb2b85.md: CausalDAG.add_fact() got an unexpected keyword argument 'content'
  ERROR 140-2001-jonew-judis-18730-315263.md: CausalDAG.add_fact() got an unexpected keyword argument 'content'
  ERROR 140-2016-jonew-judis-43869-f56fc9.md: CausalDAG.add_fact() got an unexpected keyword argument 'content'
  ERROR 140-2021-supremecourt-2021-140-140-2021-34-1501-31724-judgement-b0d2ee.md: CausalDAG.add_fact() got an unexpected keyword argument 'content'
  ERROR 1400-1953-jonew-judis-731-14b776.md: CausalDAG.add_fact() got an unexpected keyword argument 'content'
  ERROR 1400-2010-jonew-judis-36110-004b5b.md: CausalDAG.add_fact() got an unexpected keyword argument 'content'
  ERROR 1400-2012-jonew-judis-39690-e43a7f.md: CausalDAG.add_fact() got an unexpected keyword argument 'content'
  ERROR 14002-1999-jonew-judis-26833-36ff6b.md: CausalDAG.add_fact() got an unexpected keyword argument 'content'
  ERROR 14007-2008-jonew-judis-36751-589add.md: CausalDAG.add_fact() got an unexpected keyword argument 'content'
  ERROR 1401-1953-jonew-judis-740-fb4b1e.md: CausalDAG.add_fact() got an unexpected keyword argument 'content'
  ERROR 14013-2007-jonew-judis-34259-b2646e.md: CausalDAG.add_fact() got an unexpected keyword argument 'content'
  ERROR 14015-1998-jonew-judis-26774-ce653a.md: CausalDAG.add_fact() got an unexpected keyword argument 'content'
  ERROR 14019-2015-jonew-judis-44094-1c4282.md: CausalDAG.add_fact() got an unexpected keyword argument 'content'
  ERROR 1402-1953-jonew-judis-747-96ac5d.md: CausalDAG.add_fact() got an unexpected keyword argument 'content'
  ERROR 1402-1998-jonew-judis-17530-b3aa86.md: CausalDAG.add_fact() got an unexpected keyword argument 'content'
  ERROR 1402-2015-jonew-judis-43256-c71242.md: CausalDAG.add_fact() got an unexpected keyword argument 'content'
  ERROR 14020-2006-jonew-judis-32074-c646ac.md: CausalDAG.add_fact() got an unexpected keyword argument 'content'
  ERROR 14020-2014-supremecourt-2014-14020-14020-2014-judgement-08-may-2-1e1a92.md: CausalDAG.add_fact() got an unexpected keyword argument 'content'
  ERROR 14025-1995-jonew-judis-26698-3651cb.md: CausalDAG.add_fact() got an unexpected keyword argument 'content'
  ERROR 14025-1995-jonew-judis-29507-176236.md: CausalDAG.add_fact() got an unexpected keyword argument 'content'
  ERROR 14025-1995-jonew-judis-29517-03345d.md: CausalDAG.add_fact() got an unexpected keyword argument 'content'
  ERROR 14025-1995-jonew-judis-39386-561bb4.md: CausalDAG.add_fact() got an unexpected keyword argument 'content'
  ERROR 14025-1995-jonew-judis-39436-bbb0a6.md: CausalDAG.add_fact() got an unexpected keyword argument 'content'
  ERROR 14025-2005-jonew-judis-30828-c2b3dc.md: CausalDAG.add_fact() got an unexpected keyword argument 'content'
  ERROR 14026-2003-jonew-judis-36308-0ad6d9.md: CausalDAG.add_fact() got an unexpected keyword argument 'content'
  ERROR 14026-2007-jonew-judis-30982-5c2010.md: CausalDAG.add_fact() got an unexpected keyword argument 'content'
  ERROR 14027-2023-supremecourt-2023-14027-14027-2023-3-1504-52337-judge-08a0cb.md: CausalDAG.add_fact() got an unexpected keyword argument 'content'
  ERROR 14028-2003-jonew-judis-34841-e594c4.md: CausalDAG.add_fact() got an unexpected keyword argument 'content'
  ERROR 1403-1953-jonew-judis-759-15997f.md: CausalDAG.add_fact() got an unexpected keyword argument 'content'
  ERROR 1403-2019-supremecourt-2019-1403-1403-2019-11-1501-20257-judgeme-6aa618.md: CausalDAG.add_fact() got an unexpected keyword argument 'content'
  ERROR 14030-2007-jonew-judis-38160-8755aa.md: CausalDAG.add_fact() got an unexpected keyword argument 'content'
  ERROR 14032-1995-jonew-judis-12971-dd40f7.md: CausalDAG.add_fact() got an unexpected keyword argument 'content'
  ERROR 14032-2017-supremecourt-2017-14032-14032-2017-judgement-12-jul-2-30a142.md: CausalDAG.add_fact() got an unexpected keyword argument 'content'
  ERROR 14038-2008-jonew-judis-42808-d775bd.md: CausalDAG.add_fact() got an unexpected keyword argument 'content'
  ERROR 14039-2000-jonew-judis-32048-db1987.md: CausalDAG.add_fact() got an unexpected keyword argument 'content'^C